facility_id,facility_name,high_rating,hospital_type,hospital_ownership,emergency_services,state,mort_better_rate,mort_worse_rate,safety_better_rate,safety_worse_rate,readm_better_rate,readm_worse_rate
010001,SOUTHEAST HEALTH MEDICAL CENTER,1,Acute Care Hospitals,Government - Hospital District or Authority,Yes,AL,0.0,0.0,0.4285714285714285,0.0,0.0909090909090909,0.0909090909090909
010005,MARSHALL MEDICAL CENTERS,0,Acute Care Hospitals,Government - Hospital District or Authority,Yes,AL,0.0,0.1666666666666666,0.0,0.0,0.1111111111111111,0.0
010006,NORTH ALABAMA MEDICAL CENTER,0,Acute Care Hospitals,Proprietary,Yes,AL,0.0,0.375,0.5,0.0,0.1111111111111111,0.0
010007,MIZELL MEMORIAL HOSPITAL,0,Acute Care Hospitals,Voluntary non-profit - Private,Yes,AL,0.0,0.25,0.0,0.0,0.0,0.4
010011,ST. VINCENT'S EAST,0,Acute Care Hospitals,Voluntary non-profit - Private,Yes,AL,0.0,0.0,0.1428571428571428,0.0,0.125,0.25
010012,DEKALB REGIONAL MEDICAL CENTER,0,Acute Care Hospitals,Proprietary,Yes,AL,0.0,0.0,0.0,0.0,0.0,0.25
010016,SHELBY BAPTIST MEDICAL CENTER,0,Acute Care Hospitals,Voluntary non-profit - Private,Yes,AL,0.0,0.0,0.1428571428571428,0.1428571428571428,0.0,0.1111111111111111
010019,HELEN KELLER HOSPITAL,0,Acute Care Hospitals,Government - Hospital District or Authority,Yes,AL,0.0,0.2,0.1428571428571428,0.0,0.1428571428571428,0.1428571428571428
010023,BAPTIST MEDICAL CENTER SOUTH,0,Acute Care Hospitals,Government - Hospital District or Authority,Yes,AL,0.0,0.125,0.2857142857142857,0.1428571428571428,0.0909090909090909,0.1818181818181818
010024,JACKSON HOSPITAL & CLINIC INC,0,Acute Care Hospitals,Voluntary non-profit - Private,Yes,AL,0.0,0.125,0.0,0.3333333333333333,0.0,0.0
010029,THE EAST ALABAMA HEALTHCARE AUTHORITY,0,Acute Care Hospitals,Government - Hospital District or Authority,Yes,AL,0.0,0.0,0.125,0.0,0.0,0.1818181818181818
010033,UNIVERSITY OF ALABAMA HOSPITAL,0,Acute Care Hospitals,Government - State,Yes,AL,0.0,0.125,0.5,0.0,0.0,0.2727272727272727
010035,CULLMAN REGIONAL MEDICAL CENTER,0,Acute Care Hospitals,Government - Hospital District or Authority,Yes,AL,0.0,0.1428571428571428,0.1428571428571428,0.0,0.1428571428571428,0.0
010036,ANDALUSIA HEALTH,0,Acute Care Hospitals,Proprietary,Yes,AL,0.0,0.0,0.0,0.0,0.0,0.1428571428571428
010039,HUNTSVILLE HOSPITAL,0,Acute Care Hospitals,Government - Hospital District or Authority,Yes,AL,0.0,0.375,0.25,0.125,0.1818181818181818,0.1818181818181818
010040,GADSDEN REGIONAL MEDICAL CENTER,0,Acute Care Hospitals,Proprietary,Yes,AL,0.0,0.125,0.375,0.125,0.0,0.1111111111111111
010044,MARION REGIONAL MEDICAL CENTER,0,Acute Care Hospitals,Voluntary non-profit - Private,Yes,AL,0.0,0.0,,,0.25,0.0
010045,FAYETTE MEDICAL CENTER,1,Acute Care Hospitals,Voluntary non-profit - Other,Yes,AL,0.0,0.0,0.0,0.0,0.2,0.0
010046,RIVERVIEW REGIONAL MEDICAL CENTER,0,Acute Care Hospitals,Proprietary,Yes,AL,0.0,0.0,0.5,0.0,0.0,0.25
010049,MEDICAL CENTER ENTERPRISE,1,Acute Care Hospitals,Proprietary,Yes,AL,0.0,0.0,0.3333333333333333,0.0,0.1428571428571428,0.0
010055,FLOWERS HOSPITAL,0,Acute Care Hospitals,Proprietary,Yes,AL,0.0,0.0,0.5,0.0,0.0,0.2222222222222222
010056,ST VINCENT'S BIRMINGHAM,0,Acute Care Hospitals,Voluntary non-profit - Private,Yes,AL,0.0,0.0,0.1428571428571428,0.0,0.1111111111111111,0.2222222222222222
010061,HIGHLANDS MEDICAL CENTER,0,Acute Care Hospitals,Government - Hospital District or Authority,Yes,AL,0.0,0.0,0.5,0.0,0.1666666666666666,0.0
010065,RUSSELL MEDICAL CENTER,0,Acute Care Hospitals,Voluntary non-profit - Private,Yes,AL,0.0,0.0,0.0,0.0,0.1111111111111111,0.0
010078,NORTHEAST ALABAMA REGIONAL MEDICAL CENTER,0,Acute Care Hospitals,Government - Local,Yes,AL,0.0,0.1428571428571428,0.0,0.0,0.0,0.1
010079,ATHENS LIMESTONE HOSPITAL,0,Acute Care Hospitals,Government - Hospital District or Authority,Yes,AL,0.0,0.2,0.1666666666666666,0.0,0.0,0.2857142857142857
010083,BALDWIN HEALTH,1,Acute Care Hospitals,Proprietary,Yes,AL,0.0,0.0,0.2857142857142857,0.0,0.25,0.0
010085,DECATUR MORGAN HOSPITAL - DECATUR CAMPUS,0,Acute Care Hospitals,Government - Hospital District or Authority,Yes,AL,0.0,0.1428571428571428,0.2857142857142857,0.0,0.0,0.0
010086,NORTH MISSISSIPPI HEALTH SERVICES - SOUTH MARION,1,Acute Care Hospitals,Proprietary,Yes,AL,0.0,0.0,0.0,0.0,0.2,0.0
010087,USA HEALTH UNIVERSITY HOSPITAL,0,Acute Care Hospitals,Government - State,Yes,AL,0.0,0.0,0.3333333333333333,0.1666666666666666,0.0,0.1428571428571428
010089,WALKER BAPTIST MEDICAL CENTER,0,Acute Care Hospitals,Proprietary,Yes,AL,0.0,0.0,0.1666666666666666,0.0,0.0,0.0
010090,"USA HEALTH HCA PROVIDENCE HOSPITAL, LLC",0,Acute Care Hospitals,Voluntary non-profit - Church,Yes,AL,0.0,0.0,0.2857142857142857,0.0,0.0,0.2222222222222222
010092,DCH REGIONAL MEDICAL CENTER,0,Acute Care Hospitals,Government - Hospital District or Authority,Yes,AL,0.0,0.0,0.2857142857142857,0.0,0.1111111111111111,0.4444444444444444
010099,D W MCMILLAN MEMORIAL HOSPITAL,0,Acute Care Hospitals,Government - Hospital District or Authority,Yes,AL,0.0,0.0,0.0,0.0,0.0,0.25
010100,THOMAS HOSPITAL,0,Acute Care Hospitals,Voluntary non-profit - Private,Yes,AL,0.0,0.25,0.0,0.0,0.1111111111111111,0.2222222222222222
010101,CITIZENS BAPTIST MEDICAL CENTER,0,Acute Care Hospitals,Voluntary non-profit - Private,Yes,AL,0.0,0.0,0.0,0.0,0.0,0.25
010103,PRINCETON BAPTIST MEDICAL CENTER,0,Acute Care Hospitals,Voluntary non-profit - Church,Yes,AL,0.125,0.0,0.4285714285714285,0.0,0.1111111111111111,0.1111111111111111
010104,GRANDVIEW MEDICAL CENTER,0,Acute Care Hospitals,Proprietary,Yes,AL,0.0,0.125,0.5,0.0,0.0909090909090909,0.3636363636363636
010108,PRATTVILLE BAPTIST HOSPITAL,0,Acute Care Hospitals,Government - Hospital District or Authority,Yes,AL,0.0,0.0,0.0,0.0,0.2,0.0
010112,WHITFIELD REGIONAL HOSPITAL,0,Acute Care Hospitals,Government - Hospital District or Authority,Yes,AL,0.0,0.0,0.0,0.0,0.0,0.2
010113,MOBILE INFIRMARY MEDICAL CENTER,0,Acute Care Hospitals,Voluntary non-profit - Private,Yes,AL,0.0,0.0,0.375,0.25,0.0,0.2727272727272727
010114,"MEDICAL WEST, AN AFFILIATE OF UAB HEALTH SYSTEM",0,Acute Care Hospitals,Government - Hospital District or Authority,Yes,AL,0.0,0.0,0.3333333333333333,0.0,0.0,0.1666666666666666
010118,VAUGHAN REGIONAL MEDICAL CENTER PARKWAY CAMPUS,0,Acute Care Hospitals,Proprietary,Yes,AL,0.0,0.0,0.3333333333333333,0.0,0.0,0.2
010125,LAKELAND COMMUNITY HOSPITAL,0,Acute Care Hospitals,Proprietary,Yes,AL,0.0,0.0,,,0.0,0.0
010126,TROY REGIONAL MEDICAL CENTER,1,Acute Care Hospitals,Government - Federal,Yes,AL,0.0,0.0,0.0,0.0,0.0,0.0
010129,NORTH BALDWIN INFIRMARY,0,Acute Care Hospitals,Voluntary non-profit - Private,Yes,AL,0.0,0.0,0.0,0.0,0.0,0.0
010130,ST VINCENT'S ST CLAIR,0,Acute Care Hospitals,Voluntary non-profit - Private,Yes,AL,0.0,0.0,0.0,0.0,0.0,0.4
010131,CRESTWOOD MEDICAL CENTER,0,Acute Care Hospitals,Proprietary,Yes,AL,0.0,0.0,0.25,0.0,0.125,0.25
010139,BAPTIST HEALTH BROOKWOOD HOSPITAL,0,Acute Care Hospitals,Proprietary,Yes,AL,0.0,0.0,0.4285714285714285,0.0,0.0,0.0
010144,SPRINGHILL MEDICAL CENTER,0,Acute Care Hospitals,Proprietary,Yes,AL,0.0,0.0,0.125,0.0,0.0,0.2222222222222222
010148,EVERGREEN MEDICAL CENTER,0,Acute Care Hospitals,Proprietary,Yes,AL,0.0,0.0,,,0.2,0.0
010149,BAPTIST MEDICAL CENTER EAST,1,Acute Care Hospitals,Government - Hospital District or Authority,Yes,AL,0.0,0.0,0.2857142857142857,0.0,0.0,0.3333333333333333
01014F,BIRMINGHAM VA MEDICAL CENTER,1,Acute Care - Veterans Administration,Veterans Health Administration,Yes,AL,0.2,0.0,0.0,0.0,0.1666666666666666,0.0
010158,RUSSELLVILLE HOSPITAL,1,Acute Care Hospitals,Proprietary,Yes,AL,0.0,0.0,0.0,0.0,0.0,0.0
010164,COOSA VALLEY MEDICAL CENTER,0,Acute Care Hospitals,Government - Hospital District or Authority,Yes,AL,0.0,0.0,0.0,0.0,0.0,0.25
010168,JACK HUGHSTON MEMORIAL HOSPITAL,1,Acute Care Hospitals,Government - State,Yes,AL,0.0,0.0,0.0,0.0,0.25,0.0
010169,ATMORE COMMUNITY HOSPITAL,0,Acute Care Hospitals,Government - Hospital District or Authority,Yes,AL,0.0,0.0,0.0,0.0,0.0,0.3333333333333333
01019F,VA CENTRAL ALABAMA HEALTHCARE SYSTEM - MONTGOMERY,1,Acute Care - Veterans Administration,Veterans Health Administration,Yes,AL,0.0,0.0,,,0.25,0.0
020001,PROVIDENCE ALASKA MEDICAL CENTER,0,Acute Care Hospitals,Voluntary non-profit - Church,Yes,AK,0.0,0.125,0.125,0.125,0.0909090909090909,0.1818181818181818
020006,MAT-SU REGIONAL MEDICAL CENTER,0,Acute Care Hospitals,Voluntary non-profit - Other,Yes,AK,0.0,0.2857142857142857,0.1428571428571428,0.0,0.0,0.1
020008,BARTLETT REGIONAL HOSPITAL,1,Acute Care Hospitals,Government - Local,Yes,AK,0.0,0.0,0.0,0.0,0.125,0.0
020012,FAIRBANKS MEMORIAL HOSPITAL,0,Acute Care Hospitals,Voluntary non-profit - Private,Yes,AK,0.0,0.3333333333333333,0.0,0.0,0.2,0.1
020017,ALASKA REGIONAL HOSPITAL,0,Acute Care Hospitals,Proprietary,Yes,AK,0.0,0.0,0.1428571428571428,0.0,0.0,0.3333333333333333
020018,YUKON KUSKOKWIM DELTA REG HOSPITAL,1,Acute Care Hospitals,Tribal,Yes,AK,0.0,0.0,0.0,0.0,0.3333333333333333,0.0
020024,CENTRAL PENINSULA GENERAL HOSPITAL,0,Acute Care Hospitals,Voluntary non-profit - Other,Yes,AK,0.0,0.0,0.0,0.0,0.0,0.3333333333333333
020026,ALASKA NATIVE MEDICAL CENTER,0,Acute Care Hospitals,Government - Federal,Yes,AK,0.0,0.0,0.1428571428571428,0.2857142857142857,0.0,0.1428571428571428
021311,PEACEHEALTH KETCHIKAN MEDICAL CENTER,1,Critical Access Hospitals,Voluntary non-profit - Church,Yes,AK,0.0,0.0,0.0,0.0,0.1666666666666666,0.0
021314,SOUTHEAST ALASKA REGIONAL HEALTH CONSORTIUM,0,Critical Access Hospitals,Tribal,Yes,AK,0.0,0.0,,,0.0,0.0
030002,BANNER - UNIVERSITY MEDICAL CENTER PHOENIX,0,Acute Care Hospitals,Voluntary non-profit - Other,Yes,AZ,0.125,0.0,0.4285714285714285,0.1428571428571428,0.1,0.2
030006,TUCSON MEDICAL CENTER,0,Acute Care Hospitals,Voluntary non-profit - Private,Yes,AZ,0.0,0.125,0.375,0.125,0.0,0.2727272727272727
030007,VERDE VALLEY MEDICAL CENTER,1,Acute Care Hospitals,Voluntary non-profit - Private,Yes,AZ,0.0,0.0,0.25,0.0,0.2222222222222222,0.1111111111111111
030010,ST. MARY'S HOSPITAL,0,Acute Care Hospitals,Voluntary non-profit - Private,Yes,AZ,0.0,0.0,0.2,0.0,0.0,0.125
030011,ST JOSEPH'S HOSPITAL,0,Acute Care Hospitals,Voluntary non-profit - Other,Yes,AZ,0.0,0.1428571428571428,0.4285714285714285,0.0,0.0,0.0
030012,YAVAPAI REGIONAL MEDICAL CENTER,0,Acute Care Hospitals,Voluntary non-profit - Private,Yes,AZ,0.0,0.25,0.2857142857142857,0.1428571428571428,0.0,0.1818181818181818
030013,YUMA REGIONAL MEDICAL CENTER,0,Acute Care Hospitals,Voluntary non-profit - Private,Yes,AZ,0.0,0.25,0.125,0.0,0.0,0.0909090909090909
030014,HONOR HEALTH JOHN C. LINCOLN MEDICAL CENTER,0,Acute Care Hospitals,Voluntary non-profit - Private,Yes,AZ,0.0,0.0,0.25,0.125,0.3,0.2
030016,BANNER CASA GRANDE MEDICAL CENTER,0,Acute Care Hospitals,Voluntary non-profit - Other,Yes,AZ,0.0,0.0,0.1666666666666666,0.0,0.0,0.4285714285714285
030022,VALLEYWISE HEALTH MEDICAL CENTER,0,Acute Care Hospitals,Government - Local,No,AZ,0.0,0.0,0.6666666666666666,0.1666666666666666,0.0,0.6666666666666666
030023,FLAGSTAFF MEDICAL CENTER,1,Acute Care Hospitals,Voluntary non-profit - Private,Yes,AZ,0.0,0.0,0.4285714285714285,0.0,0.0909090909090909,0.0909090909090909
030024,ST JOSEPHS HOSPITAL AND MEDICAL CENTER,1,Acute Care Hospitals,Voluntary non-profit - Church,Yes,AZ,0.0,0.0,0.5,0.1666666666666666,0.1,0.1
030030,ABRAZO CENTRAL CAMPUS,0,Acute Care Hospitals,Physician,Yes,AZ,0.0,0.0,0.1666666666666666,0.0,0.2,0.0
030036,CHANDLER REGIONAL MEDICAL CENTER,1,Acute Care Hospitals,Voluntary non-profit - Private,Yes,AZ,0.0,0.0,0.5714285714285714,0.0,0.2,0.1
030038,HONORHEALTH SCOTTSDALE OSBORN MEDICAL CENTER,0,Acute Care Hospitals,Proprietary,Yes,AZ,0.0,0.0,0.4285714285714285,0.1428571428571428,0.0,0.25
030043,CANYON VISTA MEDICAL CENTER,0,Acute Care Hospitals,Voluntary non-profit - Other,Yes,AZ,0.0,0.0,0.2,0.0,0.0,0.5
030055,KINGMAN REGIONAL MEDICAL CENTER,0,Acute Care Hospitals,Government - Hospital District or Authority,Yes,AZ,0.1428571428571428,0.0,0.5,0.0,0.1111111111111111,0.1111111111111111
030061,BANNER BOSWELL MEDICAL CENTER,0,Acute Care Hospitals,Voluntary non-profit - Other,Yes,AZ,0.0,0.125,0.4285714285714285,0.1428571428571428,0.0,0.3333333333333333
030062,SUMMIT HEALTHCARE REGIONAL MEDICAL CENTER,1,Acute Care Hospitals,Voluntary non-profit - Private,Yes,AZ,0.0,0.0,0.0,0.0,0.1,0.0
030064,BANNER - UNIVERSITY MEDICAL CENTER TUCSON CAMPUS,0,Acute Care Hospitals,Voluntary non-profit - Private,Yes,AZ,0.0,0.0,0.5714285714285714,0.0,0.2,0.0
030065,BANNER DESERT MEDICAL CENTER,0,Acute Care Hospitals,Voluntary non-profit - Private,Yes,AZ,0.0,0.125,0.2857142857142857,0.0,0.0,0.125
030069,HAVASU REGIONAL MEDICAL CENTER,0,Acute Care Hospitals,Proprietary,Yes,AZ,0.0,0.0,0.2,0.0,0.0,0.0909090909090909
030083,ABRAZO SCOTTSDALE CAMPUS,0,Acute Care Hospitals,Proprietary,Yes,AZ,0.0,0.0,0.0,0.0,0.1666666666666666,0.0
030085,NORTHWEST MEDICAL CENTER,0,Acute Care Hospitals,Proprietary,Yes,AZ,0.0,0.0,0.25,0.0,0.0909090909090909,0.0909090909090909
030087,HONORHEALTH SCOTTSDALE SHEA MEDICAL CENTER,0,Acute Care Hospitals,Proprietary,Yes,AZ,0.125,0.0,0.25,0.25,0.0909090909090909,0.0
030088,BANNER BAYWOOD MEDICAL CENTER,0,Acute Care Hospitals,Voluntary non-profit - Private,Yes,AZ,0.0,0.1666666666666666,0.0,0.0,0.1111111111111111,0.1111111111111111
030089,BANNER THUNDERBIRD MEDICAL CENTER,1,Acute Care Hospitals,Government - Hospital District or Authority,No,AZ,0.0,0.0,0.5714285714285714,0.0,0.0,0.2
030092,HONORHEALTH DEER VALLEY MEDICAL CENTER,0,Acute Care Hospitals,Voluntary non-profit - Private,Yes,AZ,0.0,0.0,0.2857142857142857,0.0,0.0,0.1111111111111111
030093,BANNER DEL E. WEBB MEDICAL CENTER,0,Acute Care Hospitals,Voluntary non-profit - Private,Yes,AZ,0.0,0.0,0.125,0.0,0.125,0.25
030094,ABRAZO ARROWHEAD HOSPITAL,0,Acute Care Hospitals,Proprietary,Yes,AZ,0.0,0.0,0.5714285714285714,0.0,0.0,0.3333333333333333
030101,WESTERN ARIZONA REGIONAL MEDICAL CENTER,0,Acute Care Hospitals,Proprietary,Yes,AZ,0.0,0.0,0.2,0.0,0.0,0.25
030103,MAYO CLINIC HOSPITAL,1,Acute Care Hospitals,Voluntary non-profit - Private,Yes,AZ,0.625,0.0,0.125,0.0,0.3636363636363636,0.0
030105,BANNER HEART HOSPITAL,0,Acute Care Hospitals,Voluntary non-profit - Private,No,AZ,0.0,0.0,0.25,0.0,0.1666666666666666,0.1666666666666666
030110,ABRAZO WEST CAMPUS,0,Acute Care Hospitals,Proprietary,Yes,AZ,0.0,0.1428571428571428,0.1666666666666666,0.0,0.1428571428571428,0.0
030111,BANNER-UNIVERSITY MEDICAL CENTER SOUTH CAMPUS,1,Acute Care Hospitals,Voluntary non-profit - Private,Yes,AZ,0.0,0.0,0.1666666666666666,0.0,0.0,0.0
030114,ORO VALLEY HOSPITAL,0,Acute Care Hospitals,Proprietary,Yes,AZ,0.0,0.0,0.2,0.0,0.0,0.0
030115,BANNER ESTRELLA MEDICAL CENTER,0,Acute Care Hospitals,Voluntary non-profit - Private,Yes,AZ,0.125,0.0,0.2857142857142857,0.0,0.0,0.125
030117,VALLEY VIEW MEDICAL CENTER,0,Acute Care Hospitals,Proprietary,Yes,AZ,0.0,0.0,0.0,0.0,0.3333333333333333,0.0
030119,MERCY GILBERT MEDICAL CENTER,1,Acute Care Hospitals,Voluntary non-profit - Church,Yes,AZ,0.1428571428571428,0.0,0.25,0.125,0.0,0.0
030121,HONORHEALTH FOUR PEAKS MEDICAL CENTER,0,Acute Care Hospitals,Proprietary,Yes,AZ,0.0,0.0,0.1666666666666666,0.0,0.0,0.125
030122,BANNER GATEWAY MEDICAL CENTER,0,Acute Care Hospitals,Voluntary non-profit - Other,Yes,AZ,0.0,0.0,0.1428571428571428,0.0,0.0,0.0
030123,HONORHEALTH SCOTTSDALE THOMPSON PEAK MED CTR,1,Acute Care Hospitals,Voluntary non-profit - Private,Yes,AZ,0.1428571428571428,0.0,0.1428571428571428,0.0,0.0,0.0
03012F,PHOENIX VA MEDICAL CENTER,1,Acute Care - Veterans Administration,Veterans Health Administration,Yes,AZ,0.4,0.0,0.0,0.0,0.3333333333333333,0.0
030130,BANNER IRONWOOD MEDICAL CENTER,0,Acute Care Hospitals,Voluntary non-profit - Private,Yes,AZ,0.0,0.0,0.25,0.0,0.1666666666666666,0.0
030134,BANNER GOLDFIELD MEDICAL CENTER,1,Acute Care Hospitals,Voluntary non-profit - Other,Yes,AZ,0.0,0.0,,,0.0,0.0
030138,CITY OF HOPE CANCER CENTER PHOENIX,1,Acute Care Hospitals,Proprietary,No,AZ,0.0,0.0,0.0,0.0,0.2,0.0
030139,DIGNITY HEALTH ARIZONA GENERAL HOSPITAL,1,Acute Care Hospitals,Voluntary non-profit - Private,Yes,AZ,0.0,0.0,0.0,0.0,0.2,0.0
03013F,VA S. ARIZONA HEALTHCARE SYSTEM,1,Acute Care - Veterans Administration,Veterans Health Administration,Yes,AZ,0.4,0.0,0.25,0.25,0.0,0.0
030146,HONORHEALTH SONORAN CROSSING MEDICAL CENTER,1,Acute Care Hospitals,Voluntary non-profit - Private,Yes,AZ,0.0,0.0,0.0,0.0,0.0,0.1666666666666666
030147,BANNER OCOTILLO MEDICAL CENTER,0,Acute Care Hospitals,Voluntary non-profit - Private,Yes,AZ,0.0,0.0,0.5,0.0,0.0,0.4
030148,NORTHWEST MEDICAL CENTER SAHUARITA,0,Acute Care Hospitals,Voluntary non-profit - Private,Yes,AZ,0.0,0.0,0.3333333333333333,0.0,0.0,0.1666666666666666
03033F,VA NORTHERN ARIZONA HEALTHCARE SYSTEM,1,Acute Care - Veterans Administration,Veterans Health Administration,Yes,AZ,0.0,0.0,,,0.25,0.0
031314,COBRE VALLEY REGIONAL MEDICAL CENTER,0,Critical Access Hospitals,Voluntary non-profit - Private,Yes,AZ,0.0,0.0,,,0.0,0.3333333333333333
031317,LA PAZ REGIONAL HOSPITAL,0,Critical Access Hospitals,Voluntary non-profit - Private,Yes,AZ,0.0,0.0,,,0.0,0.0
031318,BANNER PAYSON MEDICAL CENTER,1,Critical Access Hospitals,Voluntary non-profit - Other,No,AZ,0.0,0.0,0.0,0.0,0.1666666666666666,0.1666666666666666
040001,SILOAM SPRINGS REGIONAL HOSPITAL,0,Acute Care Hospitals,Proprietary,Yes,AR,0.0,0.0,0.0,0.0,0.0,0.0
040002,JOHNSON REGIONAL MEDICAL CENTER,1,Acute Care Hospitals,Voluntary non-profit - Private,Yes,AR,0.0,0.0,0.0,0.0,0.1666666666666666,0.0
040004,WASHINGTON REGIONAL MEDICAL CENTER,1,Acute Care Hospitals,Voluntary non-profit - Private,Yes,AR,0.0,0.0,0.375,0.0,0.4545454545454545,0.0
040007,CHI-ST VINCENT INFIRMARY,0,Acute Care Hospitals,Voluntary non-profit - Private,Yes,AR,0.0,0.0,0.5,0.0,0.3,0.1
040010,MERCY HOSPITAL NORTHWEST ARKANSAS,1,Acute Care Hospitals,Voluntary non-profit - Private,Yes,AR,0.125,0.0,0.4285714285714285,0.1428571428571428,0.125,0.0
040011,CHAMBERS MEMORIAL HOSPITAL,1,Acute Care Hospitals,Voluntary non-profit - Private,Yes,AR,0.0,0.0,,,0.4,0.0
040014,WHITE COUNTY MEDICAL CENTER,0,Acute Care Hospitals,Voluntary non-profit - Private,Yes,AR,0.0,0.0,0.125,0.0,0.1,0.2
040016,University of Arkansas Medical Sciences,0,Acute Care Hospitals,Government - State,Yes,AR,0.0,0.0,0.1428571428571428,0.0,0.1111111111111111,0.1111111111111111
040017,NORTH ARKANSAS REGIONAL MEDICAL CENTER,0,Acute Care Hospitals,Voluntary non-profit - Private,Yes,AR,0.0,0.4,0.0,0.0,0.1111111111111111,0.0
040020,ST BERNARDS MEDICAL CENTER,0,Acute Care Hospitals,Voluntary non-profit - Private,Yes,AR,0.0,0.375,0.5,0.1666666666666666,0.1,0.4
040022,NORTHWEST MEDICAL CENTER-SPRINGDALE,0,Acute Care Hospitals,Proprietary,Yes,AR,0.0,0.0,0.1428571428571428,0.0,0.4285714285714285,0.0
040026,CHI ST. VINCENT HOSPITAL HOT SPRINGS,0,Acute Care Hospitals,Voluntary non-profit - Private,Yes,AR,0.0,0.25,0.4285714285714285,0.0,0.0909090909090909,0.1818181818181818
040027,BAXTER HEALTH,0,Acute Care Hospitals,Voluntary non-profit - Private,Yes,AR,0.0,0.25,0.2857142857142857,0.1428571428571428,0.0909090909090909,0.0
040029,"CONWAY REGIONAL MEDICAL CENTER, INC",0,Acute Care Hospitals,Voluntary non-profit - Private,Yes,AR,0.0,0.1428571428571428,0.1428571428571428,0.2857142857142857,0.0,0.2222222222222222
040036,BAPTIST HEALTH MEDICAL CENTER NORTH LITTLE ROCK,0,Acute Care Hospitals,Voluntary non-profit - Private,Yes,AR,0.0,0.375,0.4285714285714285,0.0,0.0,0.2222222222222222
040039,ARKANSAS METHODIST MEDICAL CENTER,0,Acute Care Hospitals,Voluntary non-profit - Private,Yes,AR,0.0,0.0,0.0,0.0,0.0,0.125
040041,ST MARYS REGIONAL MEDICAL CENTER,1,Acute Care Hospitals,Proprietary,Yes,AR,0.0,0.0,0.25,0.0,0.25,0.0
040050,OUACHITA COUNTY MEDICAL CENTER,0,Acute Care Hospitals,Voluntary non-profit - Private,Yes,AR,0.0,0.0,0.0,0.0,0.0,0.4
040051,BAPTIST HEALTH MEDICAL CENTER-DREW COUNTY,0,Acute Care Hospitals,Voluntary non-profit - Private,Yes,AR,0.0,0.0,0.0,0.0,0.0,0.4
040055,BAPTIST HEALTH - FORT SMITH,0,Acute Care Hospitals,Voluntary non-profit - Private,Yes,AR,0.0,0.0,0.3333333333333333,0.0,0.0,0.1
040062,MERCY HOSPITAL FORT SMITH,0,Acute Care Hospitals,Voluntary non-profit - Private,Yes,AR,0.0,0.0,0.2857142857142857,0.0,0.1818181818181818,0.0909090909090909
040069,GREAT RIVER MEDICAL CENTER,0,Acute Care Hospitals,Government - Local,Yes,AR,0.0,0.0,0.0,0.0,0.0,0.25
040071,JEFFERSON REGIONAL MEDICAL CENTER,0,Acute Care Hospitals,Voluntary non-profit - Private,Yes,AR,0.0,0.1428571428571428,0.2857142857142857,0.1428571428571428,0.0,0.3
040072,BAPTIST HEALTH MEDICAL CENTER-STUTTGART,0,Acute Care Hospitals,Voluntary non-profit - Private,Yes,AR,0.0,0.0,0.0,0.0,0.0,0.0
040078,NATIONAL PARK MEDICAL CENTER,0,Acute Care Hospitals,Proprietary,Yes,AR,0.0,0.25,0.1428571428571428,0.0,0.1111111111111111,0.1111111111111111
040084,SALINE MEMORIAL HOSPITAL,0,Acute Care Hospitals,Proprietary,Yes,AR,0.0,0.0,0.2,0.0,0.1428571428571428,0.1428571428571428
040088,SOUTH ARKANSAS REGIONAL HOSPITAL LLC,0,Acute Care Hospitals,Proprietary,Yes,AR,0.0,0.1666666666666666,0.0,0.0,0.1428571428571428,0.0
04009F,FAYETTEVILLE AR VA MEDICAL CENTER,1,Acute Care - Veterans Administration,Veterans Health Administration,Yes,AR,0.0,0.0,0.0,0.0,0.5,0.0
04010F,VA CENTRAL AR. VETERANS HEALTHCARE SYSTEM LR,0,Acute Care - Veterans Administration,Veterans Health Administration,Yes,AR,0.0,0.0,0.0,0.0,0.0,0.8
040114,BAPTIST HEALTH MEDICAL CENTER-LITTLE ROCK,0,Acute Care Hospitals,Voluntary non-profit - Private,Yes,AR,0.0,0.25,0.375,0.0,0.1111111111111111,0.4444444444444444
040118,"BAPTIST MEMORIAL HOSPITAL JONESBORO, INC.",0,Acute Care Hospitals,Voluntary non-profit - Private,Yes,AR,0.0,0.125,0.5,0.0,0.0,0.2
040119,WHITE RIVER MEDICAL CENTER,0,Acute Care Hospitals,Voluntary non-profit - Private,Yes,AR,0.0,0.0,0.1428571428571428,0.1428571428571428,0.1,0.1
040134,"ARKANSAS HEART HOSPITAL, LLC",0,Acute Care Hospitals,Proprietary,Yes,AR,0.0,0.0,0.25,0.0,0.0,0.375
040137,ST VINCENT MEDICAL CENTER/NORTH,1,Acute Care Hospitals,Voluntary non-profit - Church,Yes,AR,0.0,0.0,0.25,0.0,0.0,0.0
040154,BAPTIST HEALTH MEDICAL CENTER- CONWAY,0,Acute Care Hospitals,Voluntary non-profit - Private,Yes,AR,0.0,0.0,0.0,0.0,0.0,0.2857142857142857
040161,ARKANSAS HEART HOSPITAL-ENCORE,0,Acute Care Hospitals,Proprietary,Yes,AR,0.0,0.0,0.0,0.0,0.0,0.3333333333333333
041300,MERCY HOSPITAL PARIS,1,Critical Access Hospitals,Voluntary non-profit - Private,Yes,AR,0.0,0.0,0.0,0.0,0.6666666666666666,0.0
041311,HOWARD MEMORIAL HOSPITAL,0,Critical Access Hospitals,Voluntary non-profit - Private,Yes,AR,0.0,0.3333333333333333,,,0.0,0.3333333333333333
041312,BAPTIST HEALTH MEDICAL CENTER HEBER SPRINGS,0,Critical Access Hospitals,Voluntary non-profit - Private,Yes,AR,0.0,0.0,,,0.0,0.2
041313,OZARK HEALTH,1,Critical Access Hospitals,Voluntary non-profit - Private,Yes,AR,0.0,0.0,,,0.2,0.0
041318,MERCY HOSPITAL BOONEVILLE,1,Critical Access Hospitals,Voluntary non-profit - Private,Yes,AR,0.0,0.0,0.0,0.0,0.3333333333333333,0.0
041323,ASHLEY COUNTY MEDICAL CENTER,1,Critical Access Hospitals,Voluntary non-profit - Private,Yes,AR,0.0,0.0,0.0,0.0,0.0,0.25
041330,PIGGOTT COMMUNITY HOSPITAL,0,Critical Access Hospitals,Government - Local,Yes,AR,0.0,0.0,,,0.0,0.25
050002,ST ROSE HOSPITAL,0,Acute Care Hospitals,Voluntary non-profit - Church,No,CA,0.0,0.0,0.0,0.0,0.0,0.4
050006,PROVIDENCE ST JOSEPH HOSPITAL,1,Acute Care Hospitals,Voluntary non-profit - Private,Yes,CA,0.0,0.0,0.1428571428571428,0.0,0.2727272727272727,0.0
050007,PENINSULA MEDICAL CENTER,1,Acute Care Hospitals,Voluntary non-profit - Private,Yes,CA,0.25,0.0,0.2857142857142857,0.0,0.0,0.0909090909090909
050008,CALIFORNIA PACIFIC MEDICAL CTR-DAVIES CAMPUS HOSP,0,Acute Care Hospitals,Voluntary non-profit - Other,No,CA,0.0,0.0,0.1666666666666666,0.0,0.0,0.2
050009,PROVIDENCE QUEEN OF THE VALLEY MEDICAL CENTER,1,Acute Care Hospitals,Voluntary non-profit - Private,Yes,CA,0.0,0.125,0.1666666666666666,0.0,0.1818181818181818,0.0
050013,ADVENTIST HEALTH ST HELENA,1,Acute Care Hospitals,Voluntary non-profit - Private,Yes,CA,0.0,0.0,0.0,0.0,0.1,0.1
050014,SUTTER AMADOR HOSPITAL,1,Acute Care Hospitals,Voluntary non-profit - Private,Yes,CA,0.0,0.0,0.0,0.0,0.1111111111111111,0.1111111111111111
050017,MERCY GENERAL HOSPITAL,0,Acute Care Hospitals,Voluntary non-profit - Private,Yes,CA,0.0,0.0,0.25,0.125,0.0,0.3333333333333333
050022,RIVERSIDE COMMUNITY HOSPITAL,0,Acute Care Hospitals,Proprietary,Yes,CA,0.125,0.0,0.2857142857142857,0.0,0.0,0.4444444444444444
050024,PARADISE VALLEY HOSPITAL,0,Acute Care Hospitals,Proprietary,Yes,CA,0.0,0.0,0.3333333333333333,0.0,0.0,0.0
050025,UC SAN DIEGO HEALTH HILLCREST - HILLCREST MED CTR,1,Acute Care Hospitals,Voluntary non-profit - Other,Yes,CA,0.75,0.0,0.375,0.0,0.0909090909090909,0.1818181818181818
050026,GROSSMONT HOSPITAL,1,Acute Care Hospitals,Government - Hospital District or Authority,Yes,CA,0.0,0.0,0.7142857142857143,0.0,0.0,0.1818181818181818
050028,MAD RIVER COMMUNITY HOSPITAL,0,Acute Care Hospitals,Proprietary,Yes,CA,0.0,0.0,0.0,0.5,0.0,0.0
050030,OROVILLE HOSPITAL,0,Acute Care Hospitals,Voluntary non-profit - Private,Yes,CA,0.4285714285714285,0.0,0.1428571428571428,0.0,0.0,0.4
050036,BAKERSFIELD MEMORIAL HOSPITAL,0,Acute Care Hospitals,Voluntary non-profit - Private,Yes,CA,0.0,0.125,0.375,0.0,0.0,0.0909090909090909
050038,SANTA CLARA VALLEY MEDICAL CENTER,0,Acute Care Hospitals,Government - Local,Yes,CA,0.25,0.0,0.25,0.125,0.0,0.0909090909090909
050039,ENLOE HEALTH,0,Acute Care Hospitals,Voluntary non-profit - Private,Yes,CA,0.125,0.0,0.5714285714285714,0.0,0.0,0.1818181818181818
050040,LAC/OLIVE VIEW-UCLA MEDICAL CENTER,0,Acute Care Hospitals,Voluntary non-profit - Other,Yes,CA,0.0,0.0,0.1428571428571428,0.0,0.1666666666666666,0.0
050042,ST ELIZABETH COMMUNITY HOSPITAL,1,Acute Care Hospitals,Voluntary non-profit - Church,No,CA,0.0,0.0,0.0,0.0,0.0,0.0
050043,ALTA BATES SUMMIT MEDICAL CENTER,1,Acute Care Hospitals,Voluntary non-profit - Private,Yes,CA,0.25,0.0,0.5714285714285714,0.0,0.3333333333333333,0.0
050045,EL CENTRO REGIONAL MEDICAL CENTER,0,Acute Care Hospitals,Government - Local,Yes,CA,0.0,0.3333333333333333,0.0,0.25,0.0,0.25
050047,CALIFORNIA PACIFIC MEDICAL CENTER- VAN NESS CAMPUS,0,Acute Care Hospitals,Voluntary non-profit - Private,Yes,CA,0.0,0.0,0.1428571428571428,0.0,0.0,0.2
050054,SAN GORGONIO MEMORIAL HOSPITAL,0,Acute Care Hospitals,Government - Hospital District or Authority,Yes,CA,0.0,0.0,0.3333333333333333,0.0,0.0,0.0
050055,CALIFORNIA PACIFIC MEDICAL CENTER - MISSION BERNAL,1,Acute Care Hospitals,Voluntary non-profit - Church,Yes,CA,0.0,0.0,0.1428571428571428,0.0,0.0,0.5
050056,ANTELOPE VALLEY HOSPITAL,0,Acute Care Hospitals,Government - Hospital District or Authority,Yes,CA,0.0,0.1428571428571428,0.1428571428571428,0.0,0.0,0.2857142857142857
050057,KAWEAH HEALTH MEDICAL CENTER,0,Acute Care Hospitals,Government - Hospital District or Authority,Yes,CA,0.0,0.375,0.2857142857142857,0.0,0.1818181818181818,0.1818181818181818
050058,GLENDALE MEM HOSPITAL & HLTH CENTER,1,Acute Care Hospitals,Voluntary non-profit - Private,Yes,CA,0.1428571428571428,0.0,0.1428571428571428,0.0,0.125,0.125
050060,COMMUNITY REGIONAL MEDICAL CENTER,0,Acute Care Hospitals,Voluntary non-profit - Private,Yes,CA,0.0,0.125,0.0,0.0,0.0,0.3
050063,HOLLYWOOD PRESBYTERIAN MEDICAL CENTER,0,Acute Care Hospitals,Proprietary,Yes,CA,0.1428571428571428,0.0,0.4285714285714285,0.0,0.125,0.25
050067,OAK VALLEY HOSPITAL DISTRICT,0,Acute Care Hospitals,Government - Hospital District or Authority,Yes,CA,0.0,0.0,0.0,0.0,0.0,0.5
050069,PROVIDENCE ST. JOSEPH HOSPITAL,1,Acute Care Hospitals,Voluntary non-profit - Church,Yes,CA,0.125,0.0,0.125,0.0,0.0,0.0909090909090909
050070,KAISER FOUNDATION HOSPITAL - SOUTH SAN FRANCISCO,1,Acute Care Hospitals,Voluntary non-profit - Private,Yes,CA,0.0,0.0,0.1666666666666666,0.0,0.0,0.0
050071,KAISER FOUNDATION HOSPITAL-SANTA CLARA,0,Acute Care Hospitals,Voluntary non-profit - Private,Yes,CA,0.0,0.0,0.3333333333333333,0.0,0.0,0.5
050072,KAISER FOUNDATION HOSPITAL - WALNUT CREEK,0,Acute Care Hospitals,Voluntary non-profit - Private,Yes,CA,0.0,0.0,0.3333333333333333,0.0,0.0,0.0
050073,KAISER FOUNDATION HOSPITAL AND REHAB CENTER,0,Acute Care Hospitals,Voluntary non-profit - Private,No,CA,0.0,0.0,0.1666666666666666,0.0,0.0,0.0
050075,KAISER FOUNDATION HOSPITAL - OAKLAND/RICHMOND,0,Acute Care Hospitals,Voluntary non-profit - Private,Yes,CA,0.0,0.0,0.3333333333333333,0.0,0.0,0.5
050076,KAISER FOUNDATION HOSPITAL - SAN FRANCISCO,1,Acute Care Hospitals,Voluntary non-profit - Private,Yes,CA,0.0,0.0,0.2857142857142857,0.0,0.0,0.0
050077,SCRIPPS MERCY HOSPITAL,1,Acute Care Hospitals,Voluntary non-profit - Private,Yes,CA,0.25,0.125,0.1428571428571428,0.0,0.0909090909090909,0.1818181818181818
050078,PROVIDENCE LITTLE CO OF MARY MED CTR SAN PEDRO,1,Acute Care Hospitals,Voluntary non-profit - Private,No,CA,0.0,0.0,0.3333333333333333,0.0,0.0,0.0
050082,ST JOHNS REGIONAL MEDICAL CENTER,1,Acute Care Hospitals,Voluntary non-profit - Private,Yes,CA,0.25,0.0,0.2857142857142857,0.0,0.0909090909090909,0.0909090909090909
050084,ST JOSEPH'S MEDICAL CENTER OF STOCKTON,0,Acute Care Hospitals,Voluntary non-profit - Private,Yes,CA,0.0,0.0,0.3333333333333333,0.0,0.0,0.25
050089,COMMUNITY HOSPITAL OF SAN BERNARDINO,0,Acute Care Hospitals,Voluntary non-profit - Private,Yes,CA,0.0,0.0,0.1666666666666666,0.0,0.0,0.3333333333333333
050090,SONOMA VALLEY HOSPITAL,0,Acute Care Hospitals,Government - Hospital District or Authority,Yes,CA,0.0,0.0,0.0,0.0,0.0,0.0
050091,COMMUNITY HOSPITAL OF HUNTINGTON PARK,0,Acute Care Hospitals,Proprietary,Yes,CA,0.0,0.0,0.0,0.0,0.0,0.5
050093,SAINT AGNES MEDICAL CENTER,0,Acute Care Hospitals,Voluntary non-profit - Church,Yes,CA,0.0,0.0,0.25,0.0,0.0,0.3333333333333333
050099,SAN ANTONIO REGIONAL HOSPITAL,0,Acute Care Hospitals,Voluntary non-profit - Other,Yes,CA,0.0,0.0,0.4285714285714285,0.0,0.0,0.25
050100,SHARP MEMORIAL HOSPITAL,1,Acute Care Hospitals,Voluntary non-profit - Private,Yes,CA,0.25,0.0,0.25,0.0,0.0,0.1818181818181818
050101,SUTTER SOLANO MEDICAL CENTER,0,Acute Care Hospitals,Voluntary non-profit - Private,Yes,CA,0.0,0.0,0.1666666666666666,0.0,0.0,0.1111111111111111
050102,PARKVIEW COMMUNITY HOSPITAL MEDICAL CENTER,0,Acute Care Hospitals,Proprietary,Yes,CA,0.0,0.0,0.25,0.0,0.0,0.2
050103,ADVENTIST HEALTH WHITE MEMORIAL,0,Acute Care Hospitals,Voluntary non-profit - Church,No,CA,0.0,0.0,0.1428571428571428,0.0,0.1428571428571428,0.1428571428571428
050104,SAINT FRANCIS MEDICAL CENTER,0,Acute Care Hospitals,Voluntary non-profit - Church,No,CA,0.0,0.0,0.5,0.0,0.2,0.0
050107,MARIAN REGIONAL MEDICAL CENTER,0,Acute Care Hospitals,Voluntary non-profit - Church,Yes,CA,0.0,0.125,0.2857142857142857,0.0,0.0909090909090909,0.1818181818181818
050108,"SUTTER MEDICAL CENTER, SACRAMENTO",1,Acute Care Hospitals,Voluntary non-profit - Private,Yes,CA,0.0,0.0,0.375,0.0,0.0,0.1818181818181818
050110,LOMPOC VALLEY MEDICAL CENTER,0,Acute Care Hospitals,Government - Hospital District or Authority,Yes,CA,0.0,0.4,0.0,0.0,0.0,0.2222222222222222
050112,SANTA MONICA - UCLA MED CTR & ORTHOPAEDIC HOSPITAL,1,Acute Care Hospitals,Voluntary non-profit - Private,Yes,CA,0.4285714285714285,0.0,0.1428571428571428,0.0,0.1,0.2
050115,PALOMAR HEALTH DOWNTOWN CAMPUS,0,Acute Care Hospitals,Government - Hospital District or Authority,Yes,CA,0.0,0.0,0.2857142857142857,0.0,0.1818181818181818,0.0909090909090909
050116,NORTHRIDGE HOSPITAL MEDICAL CENTER,1,Acute Care Hospitals,Voluntary non-profit - Private,Yes,CA,0.125,0.0,0.4285714285714285,0.0,0.0,0.2
050118,DOCTORS HOSPITAL OF MANTECA,0,Acute Care Hospitals,Voluntary non-profit - Other,Yes,CA,0.0,0.0,0.0,0.0,0.0,0.3333333333333333
050121,ADVENTIST HEALTH HANFORD,0,Acute Care Hospitals,Voluntary non-profit - Church,Yes,CA,0.0,0.0,0.2857142857142857,0.0,0.0,0.2857142857142857
050122,DAMERON HOSPITAL,0,Acute Care Hospitals,Voluntary non-profit - Other,Yes,CA,0.0,0.0,0.2,0.0,0.0,0.0
050124,USC VERDUGO HILLS HOSPITAL,1,Acute Care Hospitals,Voluntary non-profit - Private,Yes,CA,0.2857142857142857,0.0,0.1428571428571428,0.0,0.1428571428571428,0.2857142857142857
050126,VALLEY PRESBYTERIAN HOSPITAL,0,Acute Care Hospitals,Voluntary non-profit - Other,Yes,CA,0.1428571428571428,0.0,0.1428571428571428,0.0,0.0,0.25
050127,WOODLAND MEMORIAL HOSPITAL,1,Acute Care Hospitals,Voluntary non-profit - Other,Yes,CA,0.0,0.0,0.0,0.0,0.125,0.0
050128,TRI-CITY MEDICAL CENTER,0,Acute Care Hospitals,Government - Hospital District or Authority,Yes,CA,0.0,0.0,0.1428571428571428,0.0,0.1,0.1
050129,ST BERNARDINE MEDICAL CENTER,0,Acute Care Hospitals,Voluntary non-profit - Private,Yes,CA,0.0,0.0,0.4285714285714285,0.0,0.0,0.125
050131,NOVATO COMMUNITY HOSPITAL,1,Acute Care Hospitals,Voluntary non-profit - Private,Yes,CA,0.0,0.0,0.0,0.0,0.0,0.0
050132,SAN GABRIEL VALLEY MEDICAL CENTER,1,Acute Care Hospitals,Proprietary,Yes,CA,0.1666666666666666,0.0,0.2857142857142857,0.0,0.0,0.2
050133,ADVENTIST HEALTH AND RIDEOUT,0,Acute Care Hospitals,Government - Federal,Yes,CA,0.0,0.25,0.1428571428571428,0.0,0.1,0.3
050135,SOUTHERN CALIFORNIA HOSPITAL AT HOLLYWOOD,0,Acute Care Hospitals,Proprietary,Yes,CA,0.5714285714285714,0.0,0.4,0.0,0.0,0.3333333333333333
050136,PETALUMA VALLEY HOSPITAL,1,Acute Care Hospitals,Voluntary non-profit - Other,No,CA,0.0,0.0,0.0,0.0,0.0,0.1428571428571428
050137,KAISER FOUNDATION HOSPITAL - PANORAMA CITY,1,Acute Care Hospitals,Voluntary non-profit - Private,No,CA,0.0,0.0,0.1666666666666666,0.0,0.0,0.0
050138,KAISER FOUNDATION HOSPITAL - LOS ANGELES,1,Acute Care Hospitals,Voluntary non-profit - Other,No,CA,0.0,0.0,0.5,0.0,0.3333333333333333,0.3333333333333333
050139,KAISER FOUNDATION HOSPITAL - DOWNEY,1,Acute Care Hospitals,Voluntary non-profit - Other,No,CA,0.0,0.0,0.1428571428571428,0.0,0.0,0.0
050140,KAISER FOUNDATION HOSPITAL FONTANA/ONTARIO,0,Acute Care Hospitals,Voluntary non-profit - Private,Yes,CA,0.0,0.0,0.4285714285714285,0.1428571428571428,0.0,0.3333333333333333
050145,COMMUNITY HOSPITAL OF THE MONTEREY PENINSULA,1,Acute Care Hospitals,Voluntary non-profit - Private,Yes,CA,0.25,0.0,0.1428571428571428,0.1428571428571428,0.0,0.0
050149,CALIFORNIA HOSPITAL MEDICAL CENTER LA,0,Acute Care Hospitals,Voluntary non-profit - Other,Yes,CA,0.0,0.0,0.25,0.25,0.0,0.1666666666666666
050150,SIERRA NEVADA MEMORIAL HOSPITAL,0,Acute Care Hospitals,Voluntary non-profit - Other,Yes,CA,0.1666666666666666,0.0,0.2,0.2,0.1111111111111111,0.0
050152,UCSF HEALTH SAINT FRANCIS HOSPITAL,0,Acute Care Hospitals,Voluntary non-profit - Private,Yes,CA,0.0,0.0,0.2,0.0,0.0,0.2857142857142857
050158,ENCINO HOSPITAL MEDICAL CENTER,0,Acute Care Hospitals,Proprietary,No,CA,0.3333333333333333,0.0,0.3333333333333333,0.0,0.0,0.0
050159,VENTURA COUNTY MEDICAL CENTER,0,Acute Care Hospitals,Government - Local,Yes,CA,0.0,0.0,0.0,0.0,0.0,0.2222222222222222
050167,SAN JOAQUIN GENERAL HOSPITAL,0,Acute Care Hospitals,Government - Local,Yes,CA,0.0,0.0,0.5,0.1666666666666666,0.0,0.1666666666666666
050168,PROVIDENCE ST. JUDE MEDICAL CENTER,1,Acute Care Hospitals,Voluntary non-profit - Church,Yes,CA,0.0,0.0,0.5,0.0,0.0909090909090909,0.0909090909090909
050169,PIH HEALTH HOSPITAL-WHITTIER,1,Acute Care Hospitals,Voluntary non-profit - Private,Yes,CA,0.0,0.0,0.375,0.0,0.0,0.1818181818181818
050174,PROVIDENCE SANTA ROSA MEMORIAL HOSPITAL,0,Acute Care Hospitals,Voluntary non-profit - Private,Yes,CA,0.0,0.0,0.1428571428571428,0.0,0.0909090909090909,0.0909090909090909
050179,EMANUEL MEDICAL CENTER,0,Acute Care Hospitals,Proprietary,Yes,CA,0.0,0.0,0.1666666666666666,0.0,0.0,0.3
050180,JOHN MUIR MEDICAL CENTER - WALNUT CREEK CAMPUS,0,Acute Care Hospitals,Voluntary non-profit - Other,Yes,CA,0.4285714285714285,0.2857142857142857,0.25,0.125,0.3,0.2
050191,ST MARY MEDICAL CENTER,1,Acute Care Hospitals,Voluntary non-profit - Church,Yes,CA,0.0,0.0,0.3333333333333333,0.0,0.3333333333333333,0.1666666666666666
050194,WATSONVILLE COMMUNITY HOSPITAL,0,Acute Care Hospitals,Proprietary,Yes,CA,0.0,0.0,0.0,0.0,0.0,0.3333333333333333
050195,WASHINGTON HOSPITAL,0,Acute Care Hospitals,Government - Hospital District or Authority,Yes,CA,0.0,0.0,0.2857142857142857,0.0,0.0909090909090909,0.3636363636363636
050197,SEQUOIA HOSPITAL,1,Acute Care Hospitals,Voluntary non-profit - Private,Yes,CA,0.25,0.0,0.2,0.0,0.3333333333333333,0.0
050204,PALMDALE REGIONAL MEDICAL CENTER,0,Acute Care Hospitals,Proprietary,Yes,CA,0.0,0.0,0.2857142857142857,0.0,0.1428571428571428,0.1428571428571428
050211,ALAMEDA HOSPITAL,1,Acute Care Hospitals,Government - Hospital District or Authority,Yes,CA,0.0,0.0,0.0,0.0,0.0,0.0
050222,SHARP CHULA VISTA MEDICAL CENTER,1,Acute Care Hospitals,Proprietary,Yes,CA,0.125,0.0,0.1666666666666666,0.0,0.0,0.1
050224,HOAG MEMORIAL HOSPITAL PRESBYTERIAN,1,Acute Care Hospitals,Voluntary non-profit - Private,Yes,CA,0.125,0.0,0.5714285714285714,0.0,0.1,0.0
050226,AHMC ANAHEIM REGIONAL MEDICAL CENTER,1,Acute Care Hospitals,Voluntary non-profit - Private,Yes,CA,0.125,0.0,0.2,0.0,0.0,0.25
050228,ZUCKERBERG SAN FRANCISCO GENERAL HOSP & TRAUMA CTR,0,Acute Care Hospitals,Government - Local,Yes,CA,0.1428571428571428,0.0,0.1428571428571428,0.1428571428571428,0.0,0.2222222222222222
050230,GARDEN GROVE HOSPITAL & MEDICAL CENTER,0,Acute Care Hospitals,Proprietary,Yes,CA,0.0,0.0,0.0,0.0,0.2,0.2
050231,POMONA VALLEY HOSPITAL MEDICAL CENTER,0,Acute Care Hospitals,Voluntary non-profit - Private,Yes,CA,0.125,0.0,0.5714285714285714,0.0,0.1818181818181818,0.0
050232,FRENCH HOSPITAL MEDICAL CENTER,1,Acute Care Hospitals,Voluntary non-profit - Private,Yes,CA,0.0,0.0,0.1666666666666666,0.0,0.2222222222222222,0.0
050234,SHARP CORONADO HOSPITAL AND HLTHCR CTR,1,Acute Care Hospitals,Proprietary,Yes,CA,0.0,0.0,0.0,0.0,0.2857142857142857,0.1428571428571428
050235,PROVIDENCE SAINT JOSEPH MEDICAL CTR,0,Acute Care Hospitals,Voluntary non-profit - Church,Yes,CA,0.375,0.0,0.125,0.0,0.0,0.2727272727272727
050236,ADVENTIST HEALTH SIMI VALLEY,0,Acute Care Hospitals,Voluntary non-profit - Private,Yes,CA,0.0,0.0,0.1428571428571428,0.0,0.0,0.375
050238,USC ARCADIA HOSPITAL,0,Acute Care Hospitals,Voluntary non-profit - Private,Yes,CA,0.25,0.0,0.1428571428571428,0.0,0.125,0.25
050239,GLENDALE ADVENTIST MEDICAL CENTER,1,Acute Care Hospitals,Voluntary non-profit - Private,Yes,CA,0.375,0.0,0.4285714285714285,0.0,0.0,0.3333333333333333
050242,DOMINICAN HOSPITAL,1,Acute Care Hospitals,Voluntary non-profit - Private,Yes,CA,0.125,0.0,0.2857142857142857,0.0,0.0909090909090909,0.1818181818181818
050243,DESERT REGIONAL MEDICAL CENTER,0,Acute Care Hospitals,Proprietary,Yes,CA,0.0,0.0,0.1666666666666666,0.0,0.0,0.2222222222222222
050245,ARROWHEAD REGIONAL MEDICAL CENTER,0,Acute Care Hospitals,Government - Local,Yes,CA,0.0,0.0,0.3333333333333333,0.0,0.0,0.1428571428571428
050248,NATIVIDAD MEDICAL CENTER,0,Acute Care Hospitals,Government - Local,Yes,CA,0.0,0.0,0.1666666666666666,0.0,0.0,0.0
050254,MARSHALL MEDICAL CENTER,1,Acute Care Hospitals,Voluntary non-profit - Private,Yes,CA,0.0,0.0,0.0,0.0,0.1111111111111111,0.0
05025F,FRESNO VA MEDICAL CENTER (VA CENTRAL CALIFORNIA HEALTHCARE SYSTEM),1,Acute Care - Veterans Administration,Veterans Health Administration,Yes,CA,0.0,0.0,0.0,0.0,0.0,0.0
050261,SIERRA VIEW MEDICAL CENTER,0,Acute Care Hospitals,Voluntary non-profit - Private,Yes,CA,0.0,0.1666666666666666,0.2,0.0,0.0,0.0
050262,RONALD REAGAN UCLA MEDICAL CENTER,1,Acute Care Hospitals,Government - State,Yes,CA,0.375,0.0,0.1428571428571428,0.0,0.1,0.1
050272,REDLANDS COMMUNITY HOSPITAL,0,Acute Care Hospitals,Voluntary non-profit - Private,Yes,CA,0.0,0.2,0.0,0.0,0.1111111111111111,0.1111111111111111
050276,CONTRA COSTA REGIONAL MEDICAL CENTER,1,Acute Care Hospitals,Government - Local,Yes,CA,0.0,0.0,0.2,0.0,0.1666666666666666,0.1666666666666666
050278,PROVIDENCE HOLY CROSS MEDICAL CENTER,1,Acute Care Hospitals,Voluntary non-profit - Church,Yes,CA,0.1428571428571428,0.0,0.125,0.0,0.1,0.2
050279,HI-DESERT MEDICAL CENTER,0,Acute Care Hospitals,Government - Hospital District or Authority,Yes,CA,0.0,0.0,0.0,0.0,0.3333333333333333,0.3333333333333333
05027F,VA LONG BEACH HEALTHCARE SYSTEM,1,Acute Care - Veterans Administration,Veterans Health Administration,Yes,CA,0.4,0.0,0.25,0.0,0.0,0.4
050280,MERCY MEDICAL CENTER REDDING,0,Acute Care Hospitals,Voluntary non-profit - Private,Yes,CA,0.0,0.0,0.4285714285714285,0.0,0.0909090909090909,0.0909090909090909
050281,ALHAMBRA HOSPITAL MEDICAL CENTER,1,Acute Care Hospitals,Proprietary,No,CA,0.25,0.0,0.25,0.0,0.0,0.3333333333333333
050283,STANFORD HEALTH CARE TRI-VALLEY,1,Acute Care Hospitals,Voluntary non-profit - Private,Yes,CA,0.25,0.0,0.2857142857142857,0.0,0.2222222222222222,0.0
050289,AHMC SETON MEDICAL CENTER,0,Acute Care Hospitals,Proprietary,Yes,CA,0.0,0.0,0.3333333333333333,0.0,0.0,0.2857142857142857
050290,SAINT JOHN'S HEALTH CENTER,1,Acute Care Hospitals,Voluntary non-profit - Private,Yes,CA,0.375,0.0,0.2857142857142857,0.0,0.0909090909090909,0.1818181818181818
050291,SUTTER SANTA ROSA REGIONAL HOSPITAL,1,Acute Care Hospitals,Voluntary non-profit - Other,Yes,CA,0.1428571428571428,0.0,0.1428571428571428,0.0,0.1,0.1
050292,RIVERSIDE UNIVERSITY HEALTH SYSTEM-MEDICAL CENTER,0,Acute Care Hospitals,Government - Local,Yes,CA,0.0,0.0,0.5714285714285714,0.0,0.0,0.125
050295,MERCY HOSPITAL,0,Acute Care Hospitals,Voluntary non-profit - Other,Yes,CA,0.0,0.0,0.4285714285714285,0.0,0.0,0.3333333333333333
050298,BARSTOW COMMUNITY HOSPITAL,0,Acute Care Hospitals,Proprietary,Yes,CA,0.0,0.0,0.0,0.0,0.25,0.0
050300,PROVIDENCE ST MARY MEDICAL CENTER,0,Acute Care Hospitals,Voluntary non-profit - Private,Yes,CA,0.0,0.0,0.1428571428571428,0.0,0.0,0.375
050301,ADVENTIST HEALTH UKIAH VALLEY,1,Acute Care Hospitals,Voluntary non-profit - Private,Yes,CA,0.0,0.0,0.0,0.0,0.0,0.0
050305,ALTA BATES SUMMIT MEDICAL CENTER - ALTA BATES CAMP,1,Acute Care Hospitals,Voluntary non-profit - Private,Yes,CA,0.2857142857142857,0.0,0.2857142857142857,0.0,0.2222222222222222,0.1111111111111111
050308,EL CAMINO HEALTH,1,Acute Care Hospitals,Government - Hospital District or Authority,Yes,CA,0.375,0.0,0.375,0.0,0.0909090909090909,0.0909090909090909
050309,SUTTER ROSEVILLE MEDICAL CENTER,1,Acute Care Hospitals,Voluntary non-profit - Private,Yes,CA,0.2857142857142857,0.0,0.7142857142857143,0.1428571428571428,0.2,0.1
05030F,VA N CALIFORNIA HEALTHCARE SYSTEM,1,Acute Care - Veterans Administration,Veterans Health Administration,Yes,CA,0.0,0.0,0.0,0.0,0.0,0.5
050313,SUTTER TRACY COMMUNITY HOSPITAL,1,Acute Care Hospitals,Proprietary,Yes,CA,0.0,0.0,0.2,0.0,0.2857142857142857,0.0
050315,KERN MEDICAL CENTER,0,Acute Care Hospitals,Government - Hospital District or Authority,Yes,CA,0.0,0.0,0.1428571428571428,0.0,0.0,0.0
05031F,PALO ALTO VA MEDICAL CENTER,1,Acute Care - Veterans Administration,Veterans Health Administration,Yes,CA,0.2,0.0,0.0,0.0,0.0,0.1666666666666666
050320,HIGHLAND HOSPITAL,0,Acute Care Hospitals,Government - Hospital District or Authority,Yes,CA,0.0,0.0,0.0,0.1666666666666666,0.0,0.3333333333333333
050324,SCRIPPS MEMORIAL HOSPITAL LA JOLLA,1,Acute Care Hospitals,Physician,Yes,CA,0.5,0.0,0.375,0.125,0.2222222222222222,0.1111111111111111
050327,LOMA LINDA UNIVERSITY MEDICAL CENTER,1,Acute Care Hospitals,Voluntary non-profit - Private,Yes,CA,0.0,0.0,0.7142857142857143,0.0,0.0,0.2
050329,CORONA REGIONAL MEDICAL CENTER,0,Acute Care Hospitals,Proprietary,Yes,CA,0.0,0.0,0.2,0.0,0.1666666666666666,0.1666666666666666
050334,SALINAS VALLEY HEALTH MEDICAL CENTER,1,Acute Care Hospitals,Voluntary non-profit - Other,Yes,CA,0.125,0.0,0.1666666666666666,0.0,0.0,0.1
050335,ADVENTIST HEALTH SONORA,0,Acute Care Hospitals,Voluntary non-profit - Church,No,CA,0.0,0.0,0.0,0.0,0.1111111111111111,0.1111111111111111
050336,ADVENTIST HEALTH LODI MEMORIAL,0,Acute Care Hospitals,Voluntary non-profit - Other,Yes,CA,0.0,0.0,0.0,0.0,0.1666666666666666,0.3333333333333333
050342,PIONEERS MEMORIAL HEALTHCARE DISTRICT,0,Acute Care Hospitals,Government - Hospital District or Authority,Yes,CA,0.0,0.0,0.3333333333333333,0.0,0.0,0.125
050348,UCI HEALTH-ORANGE,1,Acute Care Hospitals,Government - Local,Yes,CA,0.375,0.0,0.5,0.0,0.1818181818181818,0.1818181818181818
050350,ADVENTIST HEALTH WHITE MEMORIAL MONTEBELLO,0,Acute Care Hospitals,Voluntary non-profit - Private,Yes,CA,0.2,0.0,0.0,0.5,0.0,0.0
050351,TORRANCE MEMORIAL MEDICAL CENTER,1,Acute Care Hospitals,Voluntary non-profit - Other,Yes,CA,0.375,0.0,0.375,0.125,0.0,0.2727272727272727
050352,BARTON MEMORIAL HOSPITAL,0,Acute Care Hospitals,Voluntary non-profit - Private,Yes,CA,0.0,0.0,0.0,0.0,0.2,0.2
050353,PROVIDENCE LITTLE COMPANY OF MARY MED CTR TORRANCE,1,Acute Care Hospitals,Voluntary non-profit - Church,No,CA,0.0,0.0,0.375,0.0,0.0,0.1111111111111111
050357,GOLETA VALLEY COTTAGE HOSPITAL,1,Acute Care Hospitals,Voluntary non-profit - Other,Yes,CA,0.0,0.0,0.0,0.0,0.2,0.2
050360,MARINHEALTH MEDICAL CENTER,1,Acute Care Hospitals,Government - Hospital District or Authority,Yes,CA,0.25,0.0,0.1428571428571428,0.0,0.2727272727272727,0.0
050367,NORTHBAY MEDICAL CENTER,0,Acute Care Hospitals,Voluntary non-profit - Private,Yes,CA,0.0,0.0,0.1428571428571428,0.0,0.0,0.2727272727272727
050373,LOS ANGELES GENERAL MEDICAL CENTER,0,Acute Care Hospitals,Government - Local,Yes,CA,0.0,0.0,0.4285714285714285,0.0,0.0,0.1428571428571428
050376,LAC/HARBOR-UCLA MED CENTER,0,Acute Care Hospitals,Government - Local,Yes,CA,0.0,0.0,0.1428571428571428,0.1428571428571428,0.0,0.1428571428571428
050380,GOOD SAMARITAN HOSPITAL,0,Acute Care Hospitals,Proprietary,Yes,CA,0.0,0.0,0.125,0.125,0.0,0.4444444444444444
050382,EMANATE HEALTH INTER-COMMUNITY HOSPITAL,0,Acute Care Hospitals,Proprietary,Yes,CA,0.0,0.25,0.4285714285714285,0.0,0.0,0.2222222222222222
050390,HEMET GLOBAL MEDICAL CENTER,0,Acute Care Hospitals,Proprietary,Yes,CA,0.0,0.0,0.5,0.0,0.0,0.25
050393,PIH HEALTH DOWNEY HOSPITAL,1,Acute Care Hospitals,Voluntary non-profit - Private,Yes,CA,0.1666666666666666,0.0,0.1666666666666666,0.0,0.0,0.3333333333333333
050394,COMMUNITY MEMORIAL HOSPITAL - VENTURA,1,Acute Care Hospitals,Voluntary non-profit - Private,Yes,CA,0.0,0.0,0.1428571428571428,0.0,0.0,0.0
050396,SANTA BARBARA COTTAGE HOSPITAL,1,Acute Care Hospitals,Voluntary non-profit - Private,Yes,CA,0.25,0.0,0.25,0.125,0.0909090909090909,0.1818181818181818
050407,CHINESE HOSPITAL,0,Acute Care Hospitals,Voluntary non-profit - Private,Yes,CA,0.0,0.0,0.0,0.0,0.0,0.125
050411,KAISER FOUNDATION HOSPITAL - SOUTH BAY,0,Acute Care Hospitals,Voluntary non-profit - Other,No,CA,0.0,0.0,0.1666666666666666,0.0,0.0,0.0
050414,MERCY HOSPITAL OF FOLSOM,1,Acute Care Hospitals,Voluntary non-profit - Private,Yes,CA,0.0,0.0,0.1428571428571428,0.0,0.0,0.2857142857142857
050417,SUTTER COAST HOSPITAL,0,Acute Care Hospitals,Government - Hospital District or Authority,No,CA,0.0,0.2,0.0,0.0,0.0,0.2222222222222222
050424,SCRIPPS GREEN HOSPITAL,1,Acute Care Hospitals,Voluntary non-profit - Other,No,CA,0.1666666666666666,0.0,0.4285714285714285,0.0,0.4285714285714285,0.1428571428571428
050425,KAISER FOUNDATION HOSPITAL - SACRAMENTO,1,Acute Care Hospitals,Voluntary non-profit - Private,Yes,CA,0.0,0.0,0.1428571428571428,0.0,0.0,0.0
050426,WEST ANAHEIM MEDICAL CENTER,0,Acute Care Hospitals,Proprietary,Yes,CA,0.0,0.0,0.1666666666666666,0.0,0.0,0.8
050441,STANFORD HEALTH CARE,1,Acute Care Hospitals,Voluntary non-profit - Private,Yes,CA,0.625,0.0,0.375,0.0,0.1818181818181818,0.3636363636363636
050444,MERCY MEDICAL CENTER,0,Acute Care Hospitals,Voluntary non-profit - Private,Yes,CA,0.0,0.1666666666666666,0.5,0.0,0.0,0.2222222222222222
050454,UCSF MEDICAL CENTER,1,Acute Care Hospitals,Voluntary non-profit - Other,Yes,CA,0.625,0.0,0.375,0.0,0.2727272727272727,0.2727272727272727
050455,ADVENTIST HEALTH BAKERSFIELD,0,Acute Care Hospitals,Voluntary non-profit - Private,Yes,CA,0.0,0.2857142857142857,0.1666666666666666,0.0,0.0,0.3333333333333333
050457,UCSF HEALTH ST. MARY'S HOSPITAL,1,Acute Care Hospitals,Voluntary non-profit - Private,Yes,CA,0.2857142857142857,0.0,0.1666666666666666,0.0,0.0,0.0
050464,DOCTORS MEDICAL CENTER,0,Acute Care Hospitals,Proprietary,Yes,CA,0.0,0.0,0.3333333333333333,0.1666666666666666,0.0,0.375
050468,MEMORIAL HOSPITAL OF GARDENA,0,Acute Care Hospitals,Proprietary,Yes,CA,0.2,0.0,0.2,0.0,0.0,0.25
050471,PIH HEALTH GOOD SAMARITAN HOSPITAL,0,Acute Care Hospitals,Proprietary,No,CA,0.0,0.0,0.2857142857142857,0.0,0.0,0.3333333333333333
050481,UCLA WEST VALLEY MEDICAL CENTER,0,Acute Care Hospitals,Proprietary,Yes,CA,0.125,0.0,0.0,0.0,0.0,0.375
050485,MEMORIALCARE LONG BEACH MEDICAL CENTER,0,Acute Care Hospitals,Voluntary non-profit - Other,No,CA,0.0,0.0,0.125,0.0,0.0,0.0909090909090909
050488,EDEN MEDICAL CENTER,1,Acute Care Hospitals,Voluntary non-profit - Other,Yes,CA,0.0,0.0,0.2857142857142857,0.0,0.0,0.0
050492,CLOVIS COMMUNITY MEDICAL CENTER,0,Acute Care Hospitals,Voluntary non-profit - Private,Yes,CA,0.125,0.0,0.0,0.1428571428571428,0.0909090909090909,0.0909090909090909
050496,JOHN MUIR MEDICAL CENTER - CONCORD CAMPUS,1,Acute Care Hospitals,Voluntary non-profit - Private,Yes,CA,0.25,0.0,0.0,0.0,0.0909090909090909,0.0909090909090909
050498,SUTTER AUBURN FAITH HOSPITAL,1,Acute Care Hospitals,Voluntary non-profit - Private,Yes,CA,0.0,0.0,0.2,0.0,0.3333333333333333,0.0
050503,SCRIPPS MEMORIAL HOSPITAL - ENCINITAS,1,Acute Care Hospitals,Voluntary non-profit - Private,Yes,CA,0.4285714285714285,0.0,0.1428571428571428,0.0,0.375,0.125
050506,ADVENTIST HEALTH SIERRA VISTA,0,Acute Care Hospitals,Proprietary,Yes,CA,0.0,0.0,0.1666666666666666,0.0,0.1428571428571428,0.1428571428571428
050510,KAISER FOUNDATION HOSPITAL,1,Acute Care Hospitals,Voluntary non-profit - Private,Yes,CA,0.0,0.0,0.0,0.2,0.0,0.0
050512,KAISER FOUNDATION HOSPITAL - FREMONT,1,Acute Care Hospitals,Voluntary non-profit - Private,Yes,CA,0.0,0.0,0.2,0.0,0.0,0.0
050515,KAISER FOUNDATION HOSPITAL - SAN DIEGO,1,Acute Care Hospitals,Voluntary non-profit - Private,Yes,CA,0.0,0.0,0.5,0.0,0.0,0.0
050516,MERCY SAN JUAN MEDICAL CENTER,0,Acute Care Hospitals,Voluntary non-profit - Private,Yes,CA,0.0,0.0,0.2857142857142857,0.0,0.0909090909090909,0.1818181818181818
050517,VICTOR VALLEY GLOBAL MEDICAL CENTER,0,Acute Care Hospitals,Voluntary non-profit - Private,Yes,CA,0.0,0.0,0.0,0.0,0.0,0.2857142857142857
050523,SUTTER DELTA MEDICAL CENTER,0,Acute Care Hospitals,Voluntary non-profit - Private,Yes,CA,0.0,0.0,0.1666666666666666,0.0,0.0,0.2857142857142857
050526,HUNTINGTON BEACH HOSPITAL,0,Acute Care Hospitals,Proprietary,Yes,CA,0.0,0.0,0.0,0.0,0.0,0.6666666666666666
050528,MEMORIAL HOSPITAL LOS BANOS,0,Acute Care Hospitals,Voluntary non-profit - Private,Yes,CA,0.0,0.0,0.0,0.0,0.0,0.0
050534,JOHN F KENNEDY MEMORIAL HOSPITAL,0,Acute Care Hospitals,Proprietary,Yes,CA,0.0,0.0,0.2,0.0,0.0,0.0
050537,SUTTER DAVIS HOSPITAL,1,Acute Care Hospitals,Voluntary non-profit - Private,Yes,CA,0.0,0.0,0.5,0.0,0.125,0.0
050541,KAISER FOUNDATION HOSPITAL - REDWOOD CITY,1,Acute Care Hospitals,Voluntary non-profit - Private,Yes,CA,0.0,0.0,0.3333333333333333,0.0,0.0,0.0
050549,LOS ROBLES HOSPITAL & MEDICAL CENTER,1,Acute Care Hospitals,Proprietary,Yes,CA,0.375,0.0,0.125,0.0,0.0,0.2222222222222222
050551,UCI HEALTH - LOS ALAMITOS,0,Acute Care Hospitals,Proprietary,Yes,CA,0.0,0.0,0.0,0.0,0.0,0.125
050557,MEMORIAL MEDICAL CENTER,0,Acute Care Hospitals,Voluntary non-profit - Private,Yes,CA,0.125,0.0,0.2857142857142857,0.0,0.0,0.1818181818181818
050561,KAISER FOUNDATION HOSPITAL - WEST LA,0,Acute Care Hospitals,Voluntary non-profit - Private,No,CA,0.0,0.0,0.1666666666666666,0.0,0.0,0.3333333333333333
050567,PROVIDENCE MISSION HOSPITAL,1,Acute Care Hospitals,Voluntary non-profit - Private,Yes,CA,0.0,0.0,0.4285714285714285,0.0,0.1818181818181818,0.0
050570,UCI HEALTH - FOUNTAIN VALLEY,0,Acute Care Hospitals,Proprietary,No,CA,0.0,0.0,0.2857142857142857,0.0,0.125,0.125
050573,EISENHOWER MEDICAL CENTER,1,Acute Care Hospitals,Proprietary,Yes,CA,0.0,0.0,0.625,0.0,0.3636363636363636,0.0
050580,LA PALMA INTERCOMMUNITY HOSPITAL,0,Acute Care Hospitals,Proprietary,No,CA,0.2,0.0,0.3333333333333333,0.0,0.2,0.0
050581,UCI HEALTH-LAKEWOOD,0,Acute Care Hospitals,Proprietary,Yes,CA,0.0,0.0,0.1666666666666666,0.0,0.0,0.25
050586,CHINO VALLEY MEDICAL CENTER,1,Acute Care Hospitals,Proprietary,Yes,CA,0.3333333333333333,0.0,0.3333333333333333,0.0,0.0,0.0
050588,SAN DIMAS COMMUNITY HOSPITAL,0,Acute Care Hospitals,Proprietary,Yes,CA,0.0,0.0,0.0,0.0,0.0,0.4
050590,METHODIST HOSPITAL OF SACRAMENTO,0,Acute Care Hospitals,Voluntary non-profit - Private,Yes,CA,0.0,0.0,0.3333333333333333,0.0,0.1666666666666666,0.3333333333333333
050597,EMANATE HEALTH FOOTHILL PRESBYTERIAN HOSPITAL,0,Acute Care Hospitals,Voluntary non-profit - Private,No,CA,0.0,0.0,0.3333333333333333,0.0,0.1666666666666666,0.0
050599,UNIVERSITY OF CALIFORNIA DAVIS MEDICAL CENTER,1,Acute Care Hospitals,Government - Hospital District or Authority,Yes,CA,0.5,0.0,0.0,0.125,0.0,0.1818181818181818
050603,MEMORIALCARE SADDLEBACK MEDICAL CENTER,1,Acute Care Hospitals,Voluntary non-profit - Private,Yes,CA,0.0,0.0,0.0,0.0,0.2857142857142857,0.0
050604,KAISER FOUNDATION HOSPITAL-SAN JOSE,0,Acute Care Hospitals,Voluntary non-profit - Private,Yes,CA,0.0,0.0,0.1666666666666666,0.0,0.0,0.0
050608,ADVENTIST HEALTH DELANO,0,Acute Care Hospitals,Proprietary,Yes,CA,0.0,0.0,0.0,0.0,0.0,0.25
050609,KAISER FOUNDATION HOSPITAL - ORANGE COUNTY - ANAHEIM,1,Acute Care Hospitals,Voluntary non-profit - Private,Yes,CA,0.0,0.0,0.1428571428571428,0.0,0.0,0.0
050624,HENRY MAYO NEWHALL  HOSPITAL,0,Acute Care Hospitals,Voluntary non-profit - Private,No,CA,0.0,0.0,0.1666666666666666,0.0,0.0,0.4285714285714285
050625,CEDARS-SINAI MEDICAL CENTER,1,Acute Care Hospitals,Voluntary non-profit - Other,Yes,CA,0.875,0.0,0.5,0.0,0.2727272727272727,0.2727272727272727
050633,ADVENTIST HEALTH TWIN CITIES,0,Acute Care Hospitals,Proprietary,Yes,CA,0.0,0.0,0.2,0.0,0.0,0.2857142857142857
050636,PALOMAR MEDICAL CENTER POWAY,1,Acute Care Hospitals,Government - Hospital District or Authority,Yes,CA,0.2,0.0,0.0,0.0,0.1666666666666666,0.0
050641,EAST LOS ANGELES DOCTORS HOSPITAL,0,Acute Care Hospitals,Proprietary,Yes,CA,0.0,0.0,0.0,0.0,0.3333333333333333,0.0
050663,LOS ANGELES COMMUNITY HOSPITAL,0,Acute Care Hospitals,Proprietary,Yes,CA,0.6,0.0,0.5,0.0,0.2,0.0
050674,KAISER FOUNDATION HOSP SO SACRAMENTO,0,Acute Care Hospitals,Voluntary non-profit - Private,Yes,CA,0.0,0.0,0.1666666666666666,0.0,0.0,0.3333333333333333
050677,KAISER FOUNDATION HOSPITAL - WOODLAND HILLS,1,Acute Care Hospitals,Voluntary non-profit - Private,No,CA,0.0,0.0,0.1666666666666666,0.0,0.0,0.0
050678,MEMORIALCARE ORANGE COAST MEDICAL CENTER,1,Acute Care Hospitals,Proprietary,Yes,CA,0.125,0.0,0.2857142857142857,0.0,0.0,0.0
050686,"KAISER FOUNDATION HOSPITAL, RIVERSIDE",1,Acute Care Hospitals,Voluntary non-profit - Private,Yes,CA,0.0,0.0,0.1666666666666666,0.0,0.0,0.0
050689,SAN RAMON REGIONAL MEDICAL CENTER,1,Acute Care Hospitals,Proprietary,Yes,CA,0.0,0.0,0.0,0.0,0.0,0.125
050690,KAISER FOUNDATION HOSPITAL-SANTA ROSA,0,Acute Care Hospitals,Voluntary non-profit - Private,Yes,CA,0.0,0.0,0.3333333333333333,0.0,0.0,0.0
050696,KECK HOSPITAL OF USC,1,Acute Care Hospitals,Voluntary non-profit - Other,No,CA,0.0,0.0,0.375,0.0,0.2,0.1
050701,SOUTHWEST HEALTHCARE RANCHO SPRINGS HOSPITAL,0,Acute Care Hospitals,Proprietary,Yes,CA,0.0,0.0,0.2857142857142857,0.0,0.1666666666666666,0.1666666666666666
050704,MISSION COMMUNITY HOSPITAL,0,Acute Care Hospitals,Voluntary non-profit - Private,No,CA,0.0,0.0,0.0,0.0,0.0,0.2
050709,DESERT VALLEY HOSPITAL,0,Acute Care Hospitals,Proprietary,Yes,CA,0.1666666666666666,0.0,0.3333333333333333,0.0,0.125,0.125
050710,KAISER FOUNDATION HOSPITAL - FRESNO,1,Acute Care Hospitals,Voluntary non-profit - Private,Yes,CA,0.0,0.0,0.1666666666666666,0.0,0.0,0.0
050717,LAC/RANCHO LOS AMIGOS NATIONAL REHABILITATION  CTR,0,Acute Care Hospitals,Government - Local,No,CA,0.0,0.0,0.0,0.0,0.0,0.0
050723,KAISER FOUNDATION HOSPITAL - BALDWIN PARK,0,Acute Care Hospitals,Voluntary non-profit - Other,No,CA,0.0,0.0,0.0,0.0,0.0,0.5
050735,WHITTIER HOSPITAL MEDICAL CENTER,1,Acute Care Hospitals,Proprietary,Yes,CA,0.0,0.0,0.0,0.0,0.0,0.2
050736,MONTEREY PARK HOSPITAL,0,Acute Care Hospitals,Proprietary,No,CA,0.0,0.0,0.0,0.0,0.0,0.5
050737,GARFIELD MEDICAL CENTER,0,Acute Care Hospitals,Proprietary,Yes,CA,0.0,0.1428571428571428,0.1666666666666666,0.0,0.0,0.375
050738,GREATER EL MONTE COMMUNITY HOSPITAL,0,Acute Care Hospitals,Voluntary non-profit - Private,No,CA,0.0,0.0,0.0,0.0,0.0,0.25
050739,CENTINELA HOSPITAL MEDICAL CENTER,0,Acute Care Hospitals,Proprietary,No,CA,0.2857142857142857,0.0,0.3333333333333333,0.0,0.0,0.6
050740,CEDAR-SINAI MARINA DEL REY HOSPITAL,1,Acute Care Hospitals,Proprietary,Yes,CA,0.3333333333333333,0.0,0.1428571428571428,0.0,0.0,0.2857142857142857
050744,ANAHEIM GLOBAL MEDICAL CENTER,0,Acute Care Hospitals,Proprietary,No,CA,0.0,0.0,0.3333333333333333,0.0,0.0,0.0
050745,CHAPMAN GLOBAL MEDICAL CENTER,0,Acute Care Hospitals,Proprietary,No,CA,0.0,0.0,0.0,0.0,0.0,0.25
050746,ORANGE COUNTY GLOBAL MEDICAL CENTER,0,Acute Care Hospitals,Proprietary,Yes,CA,0.0,0.0,0.0,0.0,0.0,0.3333333333333333
050747,COASTAL COMMUNITIES HOSPITAL,0,Acute Care Hospitals,Proprietary,Yes,CA,0.0,0.0,0.3333333333333333,0.0,0.0,0.0
050748,KAISER FOUNDATION HOSPITAL MANTECA,1,Acute Care Hospitals,Voluntary non-profit - Private,Yes,CA,0.0,0.0,0.3333333333333333,0.0,0.0,0.0
050755,SHERMAN OAKS HOSPITAL,0,Acute Care Hospitals,Voluntary non-profit - Private,Yes,CA,0.1666666666666666,0.0,0.25,0.0,0.0,0.4
050758,MONTCLAIR HOSPITAL MEDICAL CENTER,0,Acute Care Hospitals,Voluntary non-profit - Private,Yes,CA,0.5,0.0,0.25,0.0,0.0,0.25
050760,KAISER FOUNDATION HOSPITAL - ANTIOCH,0,Acute Care Hospitals,Voluntary non-profit - Private,Yes,CA,0.0,0.0,0.1666666666666666,0.0,0.0,0.5
050761,PROVIDENCE CEDARS SINAI TARZANA MEDICAL CENTER,0,Acute Care Hospitals,Voluntary non-profit - Private,Yes,CA,0.25,0.0,0.0,0.0,0.0,0.375
050763,L A DOWNTOWN MEDICAL CENTER,0,Acute Care Hospitals,Proprietary,No,CA,0.25,0.0,0.0,0.0,0.0,0.5
050764,SHASTA REGIONAL MEDICAL CENTER,0,Acute Care Hospitals,Proprietary,Yes,CA,0.0,0.0,0.0,0.0,0.2222222222222222,0.2222222222222222
050765,KAISER FOUNDATION HOSPITAL-MORENO VALLEY,1,Acute Care Hospitals,Voluntary non-profit - Private,Yes,CA,0.0,0.0,0.1666666666666666,0.0,0.0,0.0
050767,KAISER FOUNDATION HOSPITAL - VACAVILLE,1,Acute Care Hospitals,Voluntary non-profit - Private,Yes,CA,0.0,0.0,0.0,0.0,0.0,0.0
050770,LOMA LINDA UNIVERSITY MEDICAL CENTER-MURRIETA,0,Acute Care Hospitals,Voluntary non-profit - Private,Yes,CA,0.0,0.0,0.1666666666666666,0.0,0.0,0.4285714285714285
050771,COAST PLAZA HOSPITAL,0,Acute Care Hospitals,Proprietary,Yes,CA,0.0,0.0,0.0,0.0,0.0,0.0
050772,KAISER FOUNDATION HOSPITAL - ROSEVILLE,1,Acute Care Hospitals,Voluntary non-profit - Private,Yes,CA,0.0,0.0,0.5,0.0,0.0,0.0
050775,TEMECULA VALLEY HOSPITAL,1,Acute Care Hospitals,Proprietary,Yes,CA,0.0,0.0,0.1428571428571428,0.0,0.125,0.125
050776,COLLEGE MEDICAL CENTER,0,Acute Care Hospitals,Proprietary,Yes,CA,0.0,0.0,0.25,0.0,0.0,0.0
050777,KAISER FOUNDATION HOSPITAL - SAN LEANDRO,0,Acute Care Hospitals,Voluntary non-profit - Private,Yes,CA,0.0,0.0,0.1666666666666666,0.0,0.0,0.5
050778,LOMA LINDA UNIVERSITY CHILDREN'S HOSPITAL,0,Acute Care Hospitals,Voluntary non-profit - Church,No,CA,,,0.5,0.0,,
050779,"MARTIN LUTHER KING, JR. COMMUNITY HOSPITAL",1,Acute Care Hospitals,Voluntary non-profit - Private,Yes,CA,0.0,0.0,0.4,0.0,0.25,0.25
050780,FOOTHILL REGIONAL MEDICAL CENTER,0,Acute Care Hospitals,Proprietary,No,CA,0.3333333333333333,0.0,0.5,0.0,0.25,0.0
050783,COLUSA MEDICAL CENTER,0,Acute Care Hospitals,Proprietary,Yes,CA,0.0,0.0,0.0,0.0,0.25,0.0
050784,ADVENTIST HEALTH TULARE,0,Acute Care Hospitals,Voluntary non-profit - Private,Yes,CA,0.0,0.0,0.0,0.0,0.0,0.25
050855,KAISER FOUNDATION HOSPITAL - SAN MARCOS,1,Acute Care Hospitals,Voluntary non-profit - Private,Yes,CA,0.0,0.0,0.0,0.0,0.0,0.0
05114F,VA SAN DIEGO HEALTHCARE SYSTEM,1,Acute Care - Veterans Administration,Veterans Health Administration,Yes,CA,0.4,0.0,0.25,0.0,0.0,0.3333333333333333
05127F,LOMA LINDA VA MEDICAL CENTER,0,Acute Care - Veterans Administration,Veterans Health Administration,Yes,CA,0.2,0.0,0.25,0.0,0.0,0.1666666666666666
05128F,VA GREATER LOS ANGELES HEALTHCARE SYSTEM,0,Acute Care - Veterans Administration,Veterans Health Administration,Yes,CA,0.4,0.0,0.0,0.0,0.0,0.6666666666666666
051301,ADVENTIST HEALTH TEHACHAPI VALLEY,0,Critical Access Hospitals,Voluntary non-profit - Private,Yes,CA,0.0,0.0,0.0,0.0,0.0,0.25
05130F,SAN FRANCISCO VA MEDICAL CENTER,1,Acute Care - Veterans Administration,Veterans Health Administration,Yes,CA,0.4,0.0,0.0,0.0,0.0,0.3333333333333333
051310,ADVENTIST HEALTH HOWARD MEMORIAL,1,Critical Access Hospitals,Voluntary non-profit - Private,No,CA,0.0,0.0,0.0,0.0,0.1666666666666666,0.0
051314,KERN VALLEY HEALTHCARE DISTRICT,0,Critical Access Hospitals,Government - Hospital District or Authority,Yes,CA,0.0,0.0,,,0.0,0.0
051316,FAIRCHILD MEDICAL CENTER,0,Critical Access Hospitals,Voluntary non-profit - Other,Yes,CA,0.0,0.2,0.0,0.0,0.1428571428571428,0.0
051317,ADVENTIST HEALTH CLEARLAKE,0,Critical Access Hospitals,Voluntary non-profit - Private,Yes,CA,0.0,0.0,0.0,0.0,0.0,0.0
051318,PROVIDENCE REDWOOD MEMORIAL HOSPITAL,1,Critical Access Hospitals,Voluntary non-profit - Private,Yes,CA,0.0,0.0,0.0,0.0,0.25,0.0
051319,MERCY MEDICAL CENTER OF MT SHASTA,1,Critical Access Hospitals,Voluntary non-profit - Other,Yes,CA,0.0,0.0,,,0.4,0.2
051320,BANNER LASSEN MEDICAL CENTER,0,Critical Access Hospitals,Voluntary non-profit - Private,Yes,CA,0.0,0.0,,,0.0,0.0
051324,NORTHERN INYO HOSPITAL,0,Critical Access Hospitals,Government - Hospital District or Authority,Yes,CA,0.0,0.0,,,0.2,0.2
051325,ADVENTIST HEALTH MENDOCINO COAST,0,Critical Access Hospitals,Voluntary non-profit - Private,Yes,CA,0.0,0.0,0.0,0.0,0.0,0.0
051328,TAHOE FOREST HOSPITAL,0,Critical Access Hospitals,Government - Hospital District or Authority,Yes,CA,0.0,0.0,0.0,0.0,0.1428571428571428,0.1428571428571428
051329,SUTTER LAKESIDE HOSPITAL,1,Critical Access Hospitals,Voluntary non-profit - Private,Yes,CA,0.0,0.0,0.0,0.0,0.1666666666666666,0.0
051330,MODOC MEDICAL CENTER,1,Critical Access Hospitals,Government - Hospital District or Authority,Yes,CA,0.0,0.0,,,0.3333333333333333,0.0
051332,MARK TWAIN MEDICAL CENTER,0,Critical Access Hospitals,Voluntary non-profit - Other,No,CA,0.0,0.0,,,0.0,0.125
060001,BANNER NORTH COLORADO MEDICAL CENTER,1,Acute Care Hospitals,Voluntary non-profit - Private,Yes,CO,0.0,0.0,0.1666666666666666,0.0,0.1818181818181818,0.0
060003,LONGMONT UNITED HOSPITAL,0,Acute Care Hospitals,Voluntary non-profit - Private,Yes,CO,0.0,0.0,0.5,0.0,0.2,0.2
060004,INTERMOUNTAIN HEALTH PLATTE VALLEY HOSPITAL,0,Acute Care Hospitals,Voluntary non-profit - Private,Yes,CO,0.0,0.0,0.0,0.0,0.2,0.0
060006,MONTROSE REGIONAL HEALTH,1,Acute Care Hospitals,Voluntary non-profit - Private,Yes,CO,0.0,0.0,0.0,0.0,0.2222222222222222,0.0
060008,SAN LUIS VALLEY REGIONAL  MEDICAL CENTER,0,Acute Care Hospitals,Voluntary non-profit - Private,Yes,CO,0.0,0.0,0.0,0.0,0.0,0.1428571428571428
060009,INTERMOUNTAIN HEALTH LUTHERAN HOSPITAL,1,Acute Care Hospitals,Voluntary non-profit - Private,Yes,CO,0.0,0.0,0.1666666666666666,0.0,0.3333333333333333,0.0
060010,POUDRE VALLEY HOSPITAL,1,Acute Care Hospitals,Voluntary non-profit - Private,Yes,CO,0.0,0.0,0.2857142857142857,0.1428571428571428,0.4,0.0
060011,DENVER HEALTH & HOSPITAL AUTHORITY,0,Acute Care Hospitals,Government - State,Yes,CO,0.0,0.0,0.1666666666666666,0.0,0.0,0.125
060012,ST MARY-CORWIN HOSPITAL,1,Acute Care Hospitals,Voluntary non-profit - Church,No,CO,0.0,0.0,0.0,0.0,0.0,0.1428571428571428
060013,MERCY REGIONAL MEDICAL CENTER,1,Acute Care Hospitals,Voluntary non-profit - Church,Yes,CO,0.0,0.0,0.0,0.0,0.3333333333333333,0.0
060014,HCA HealthOne Presbyterian St. Lukes,0,Acute Care Hospitals,Government - State,Yes,CO,0.0,0.0,0.1428571428571428,0.0,0.0,0.2857142857142857
060015,CENTURA HEALTH-ST ANTHONY HOSPITAL,1,Acute Care Hospitals,Voluntary non-profit - Church,Yes,CO,0.0,0.0,0.6666666666666666,0.1666666666666666,0.125,0.125
060020,"PARKVIEW MEDICAL CENTER, INC",0,Acute Care Hospitals,Voluntary non-profit - Private,Yes,CO,0.0,0.0,0.1428571428571428,0.1428571428571428,0.3333333333333333,0.1111111111111111
060022,UCH-MEMORIAL HEALTH SYSTEM,1,Acute Care Hospitals,Government - Local,Yes,CO,0.125,0.125,0.375,0.0,0.2727272727272727,0.0909090909090909
060023,INTERMOUNTAIN HEALTH ST. MARY'S REGIONAL HOSPITAL,1,Acute Care Hospitals,Voluntary non-profit - Church,Yes,CO,0.0,0.125,0.2857142857142857,0.0,0.1818181818181818,0.0
060024,UNIVERSITY OF COLORADO HOSPITAL AUTHORITY,1,Acute Care Hospitals,Government - Hospital District or Authority,Yes,CO,0.375,0.0,0.375,0.125,0.0909090909090909,0.0
060027,BOULDER COMMUNITY HEALTH,1,Acute Care Hospitals,Voluntary non-profit - Private,Yes,CO,0.0,0.0,0.1428571428571428,0.1428571428571428,0.3333333333333333,0.0
060028,SAINT JOSEPH HOSPITAL,1,Acute Care Hospitals,Voluntary non-profit - Private,Yes,CO,0.0,0.0,0.4285714285714285,0.0,0.0,0.0
060030,BANNER NORTH CO MEDICAL CENTER - LOVELAND CAMPUS,0,Acute Care Hospitals,Voluntary non-profit - Private,Yes,CO,0.0,0.0,0.0,0.0,0.2,0.0
060031,CENTURA HEALTH-PENROSE ST FRANCIS HEALTH SERVICES,0,Acute Care Hospitals,Voluntary non-profit - Private,Yes,CO,0.0,0.125,0.5,0.0,0.3636363636363636,0.0909090909090909
060032,HCA HEALTHONE ROSE,1,Acute Care Hospitals,Proprietary,Yes,CO,0.0,0.0,0.1428571428571428,0.0,0.0,0.3333333333333333
060034,HCA-HEALTHONE DBA SWEDISH MEDICAL CENTER,1,Acute Care Hospitals,Proprietary,Yes,CO,0.125,0.0,0.25,0.0,0.0,0.1818181818181818
060044,ST ELIZABETH HOSPITAL,1,Acute Care Hospitals,Voluntary non-profit - Other,Yes,CO,0.0,0.0,0.0,0.0,0.2,0.0
060054,COMMUNITY HOSPITAL,1,Acute Care Hospitals,Voluntary non-profit - Private,Yes,CO,0.0,0.0,0.0,0.0,0.125,0.0
06005F,VA EASTERN COLORADO HEALTHCARE SYSTEM,1,Acute Care - Veterans Administration,Veterans Health Administration,Yes,CO,0.4,0.0,0.0,0.0,0.3333333333333333,0.1666666666666666
060064,AdventHealth Porter,1,Acute Care Hospitals,Voluntary non-profit - Private,Yes,CO,0.0,0.0,0.2857142857142857,0.0,0.25,0.0
060065,HCA HEALTHONE MOUNTAIN RIDGE,0,Acute Care Hospitals,Voluntary non-profit - Private,Yes,CO,0.0,0.0,0.1666666666666666,0.0,0.0,0.1666666666666666
060071,DELTA COUNTY MEMORIAL HOSPITAL,0,Acute Care Hospitals,Government - Local,Yes,CO,0.0,0.0,0.0,0.0,0.0,0.2857142857142857
060075,VALLEY VIEW HOSPITAL ASSOCIATION,1,Acute Care Hospitals,Voluntary non-profit - Private,Yes,CO,0.0,0.0,0.0,0.0,0.2,0.0
060076,STERLING REGIONAL MEDCENTER,0,Acute Care Hospitals,Voluntary non-profit - Private,Yes,CO,0.0,0.0,0.0,0.0,0.0,0.1428571428571428
06007F,GRAND JUNCTION VA MEDICAL CENTER,1,Acute Care - Veterans Administration,Veterans Health Administration,Yes,CO,0.0,0.0,0.0,0.0,0.2,0.0
060096,VAIL HEALTH HOSPITAL,1,Acute Care Hospitals,Voluntary non-profit - Other,Yes,CO,0.0,0.0,0.0,0.0,0.0,0.0
060100,THE MEDICAL CENTER OF AURORA & SOUTH HOSPITAL,1,Acute Care Hospitals,Proprietary,Yes,CO,0.0,0.0,0.2857142857142857,0.2857142857142857,0.2222222222222222,0.1111111111111111
060103,ADVENTHEALTH AVISTA,1,Acute Care Hospitals,Voluntary non-profit - Church,No,CO,0.0,0.0,0.0,0.0,0.2857142857142857,0.2857142857142857
060104,CENTURA HEALTH-ST ANTHONY NORTH HEALTH CAMPUS,1,Acute Care Hospitals,Voluntary non-profit - Private,Yes,CO,0.0,0.0,0.3333333333333333,0.0,0.4285714285714285,0.0
060112,SKY RIDGE MEDICAL CENTER,0,Acute Care Hospitals,Voluntary non-profit - Other,Yes,CO,0.0,0.0,0.125,0.125,0.1,0.1
060113,AdventHealth Littleton,1,Acute Care Hospitals,Voluntary non-profit - Church,Yes,CO,0.0,0.0,0.1428571428571428,0.1428571428571428,0.125,0.0
060114,AdventHealth Parker,1,Acute Care Hospitals,Voluntary non-profit - Private,Yes,CO,0.0,0.0,0.25,0.0,0.3,0.0
060116,GOOD SAMARITAN MEDICAL CENTER LLC,1,Acute Care Hospitals,Voluntary non-profit - Private,Yes,CO,0.0,0.0,0.1666666666666666,0.0,0.0,0.0
060119,MEDICAL CENTER OF THE ROCKIES,1,Acute Care Hospitals,Voluntary non-profit - Private,Yes,CO,0.125,0.0,0.1428571428571428,0.0,0.1818181818181818,0.0909090909090909
060125,ADVENTHEALTH CASTLE ROCK,1,Acute Care Hospitals,Voluntary non-profit - Private,Yes,CO,0.0,0.0,0.25,0.0,0.0,0.0
060128,LONGS PEAK HOSPITAL,1,Acute Care Hospitals,Voluntary non-profit - Private,Yes,CO,0.0,0.0,0.0,0.0,0.3333333333333333,0.0
060131,UCHEALTH GREELEY HOSPITAL,1,Acute Care Hospitals,Voluntary non-profit - Private,Yes,CO,0.0,0.0,0.2,0.0,0.2222222222222222,0.0
060132,UCHEALTH HIGHLANDS RANCH HOSPITAL,1,Acute Care Hospitals,Voluntary non-profit - Private,Yes,CO,0.1428571428571428,0.0,0.1666666666666666,0.0,0.125,0.0
061301,RIO GRANDE HOSPITAL,1,Critical Access Hospitals,Proprietary,Yes,CO,0.0,0.0,,,0.0,0.0
061321,MT SAN RAFAEL HOSPITAL,1,Critical Access Hospitals,Voluntary non-profit - Private,Yes,CO,0.0,0.0,,,0.3333333333333333,0.0
061322,HEART OF THE ROCKIES REGIONAL MEDICAL CENTER,0,Critical Access Hospitals,Government - Hospital District or Authority,Yes,CO,0.0,0.0,0.0,0.0,0.1428571428571428,0.0
061327,SOUTHWEST MEMORIAL HOSPITAL,1,Critical Access Hospitals,Voluntary non-profit - Private,Yes,CO,0.0,0.0,0.0,0.0,0.2,0.0
061344,ST THOMAS MORE HOSPITAL,1,Critical Access Hospitals,Voluntary non-profit - Private,Yes,CO,0.0,0.0,0.0,0.0,0.1666666666666666,0.0
070002,ST FRANCIS HOSPITAL & MEDICAL CENTER,0,Acute Care Hospitals,Voluntary non-profit - Church,Yes,CT,0.0,0.125,0.25,0.125,0.0909090909090909,0.0909090909090909
070003,DAY KIMBALL HOSPITAL,0,Acute Care Hospitals,Voluntary non-profit - Private,Yes,CT,0.0,0.0,0.0,0.0,0.0,0.25
070004,SHARON HOSPITAL,1,Acute Care Hospitals,Proprietary,Yes,CT,0.0,0.0,0.0,0.0,0.0,0.2857142857142857
070005,WATERBURY HOSPITAL,0,Acute Care Hospitals,Proprietary,Yes,CT,0.125,0.0,0.3333333333333333,0.0,0.125,0.0
070006,STAMFORD HOSPITAL,1,Acute Care Hospitals,Voluntary non-profit - Private,Yes,CT,0.0,0.0,0.375,0.0,0.1818181818181818,0.0
070007,LAWRENCE & MEMORIAL HOSPITAL,0,Acute Care Hospitals,Voluntary non-profit - Private,Yes,CT,0.0,0.0,0.5,0.0,0.0,0.3333333333333333
070008,JOHNSON MEMORIAL HOSPITAL,0,Acute Care Hospitals,Voluntary non-profit - Private,Yes,CT,0.0,0.0,0.0,0.0,0.0,0.1666666666666666
070010,BRIDGEPORT HOSPITAL,1,Acute Care Hospitals,Voluntary non-profit - Private,Yes,CT,0.25,0.0,0.375,0.0,0.0909090909090909,0.0909090909090909
070011,CHARLOTTE HUNGERFORD HOSPITAL,0,Acute Care Hospitals,Voluntary non-profit - Private,Yes,CT,0.0,0.0,0.1666666666666666,0.0,0.0,0.125
070016,SAINT MARY'S HOSPITAL,0,Acute Care Hospitals,Voluntary non-profit - Church,Yes,CT,0.0,0.0,0.3333333333333333,0.0,0.0,0.0
070017,MIDSTATE MEDICAL CENTER,1,Acute Care Hospitals,Voluntary non-profit - Private,Yes,CT,0.0,0.0,0.4285714285714285,0.0,0.1428571428571428,0.0
070018,GREENWICH HOSPITAL ASSOCIATION -,1,Acute Care Hospitals,Voluntary non-profit - Private,Yes,CT,0.4285714285714285,0.0,0.1428571428571428,0.0,0.1,0.3
070020,MIDDLESEX HOSPITAL,0,Acute Care Hospitals,Voluntary non-profit - Private,Yes,CT,0.0,0.0,0.1428571428571428,0.1428571428571428,0.0,0.2857142857142857
070021,WINDHAM COMMUNITY MEMORIAL HOSPITAL,0,Acute Care Hospitals,Voluntary non-profit - Private,Yes,CT,0.0,0.0,0.0,0.0,0.0,0.0
070022,YALE-NEW HAVEN HOSPITAL,1,Acute Care Hospitals,Voluntary non-profit - Private,Yes,CT,0.5,0.0,0.5,0.0,0.2727272727272727,0.2727272727272727
070024,WILLIAM W BACKUS HOSPITAL,1,Acute Care Hospitals,Voluntary non-profit - Other,Yes,CT,0.1428571428571428,0.0,0.1428571428571428,0.0,0.0,0.1111111111111111
070025,HARTFORD HOSPITAL,1,Acute Care Hospitals,Voluntary non-profit - Private,Yes,CT,0.25,0.0,0.625,0.0,0.0909090909090909,0.2727272727272727
070027,MANCHESTER MEMORIAL HOSPITAL,1,Acute Care Hospitals,Proprietary,Yes,CT,0.2,0.0,0.2857142857142857,0.0,0.0,0.0
070028,ST VINCENT'S MEDICAL CENTER,1,Acute Care Hospitals,Voluntary non-profit - Private,Yes,CT,0.125,0.0,0.1428571428571428,0.0,0.0,0.0909090909090909
070029,BRISTOL HOSPITAL,0,Acute Care Hospitals,Voluntary non-profit - Private,Yes,CT,0.0,0.0,0.0,0.0,0.0,0.125
070031,GRIFFIN HOSPITAL,1,Acute Care Hospitals,Voluntary non-profit - Other,Yes,CT,0.0,0.0,0.1428571428571428,0.0,0.0,0.4285714285714285
070033,DANBURY HOSPITAL,1,Acute Care Hospitals,Voluntary non-profit - Private,Yes,CT,0.0,0.0,0.5,0.0,0.0909090909090909,0.2727272727272727
070034,NORWALK HOSPITAL,0,Acute Care Hospitals,Voluntary non-profit - Private,Yes,CT,0.1428571428571428,0.0,0.1666666666666666,0.0,0.0,0.1111111111111111
070035,THE HOSPITAL OF CENTRAL CONNECTICUT,0,Acute Care Hospitals,Voluntary non-profit - Other,Yes,CT,0.0,0.0,0.4285714285714285,0.0,0.0,0.25
070036,JOHN DEMPSEY HOSPITAL OF THE UNIVERSITY OF CONNECT,0,Acute Care Hospitals,Government - Local,Yes,CT,0.1428571428571428,0.1428571428571428,0.1666666666666666,0.0,0.0,0.2222222222222222
07003F,WEST HAVEN VA MEDICAL CENTER,0,Acute Care - Veterans Administration,Veterans Health Administration,Yes,CT,0.2,0.0,0.0,0.0,0.2,0.4
080001,CHRISTIANA HOSPITAL,1,Acute Care Hospitals,Voluntary non-profit - Private,Yes,DE,0.5,0.0,0.5,0.0,0.1818181818181818,0.0909090909090909
080003,ST FRANCIS HOSPITAL,0,Acute Care Hospitals,Voluntary non-profit - Private,Yes,DE,0.0,0.0,0.0,0.0,0.1666666666666666,0.0
080004,"BAYHEALTH MEDICAL CENTER, KENT CAMPUS",0,Acute Care Hospitals,Voluntary non-profit - Private,Yes,DE,0.0,0.0,0.2857142857142857,0.0,0.0,0.2727272727272727
080006,"TIDALHEALTH NANTICOKE, INC.",0,Acute Care Hospitals,Voluntary non-profit - Private,Yes,DE,0.0,0.1428571428571428,0.0,0.0,0.1111111111111111,0.0
080007,BEEBE MEDICAL CENTER,0,Acute Care Hospitals,Voluntary non-profit - Private,Yes,DE,0.0,0.0,0.1428571428571428,0.1428571428571428,0.2727272727272727,0.0
080009,"BAYHEALTH HOSPITAL, SUSSEX CAMPUS",0,Acute Care Hospitals,Voluntary non-profit - Private,Yes,DE,0.0,0.0,0.1428571428571428,0.0,0.0,0.1111111111111111
08002F,WILMINGTON VA MEDICAL CENTER,1,Acute Care - Veterans Administration,Veterans Health Administration,Yes,DE,0.0,0.0,0.0,0.0,0.25,0.0
090001,GEORGE WASHINGTON UNIV HOSPITAL,0,Acute Care Hospitals,Proprietary,Yes,DC,0.0,0.0,0.25,0.125,0.0,0.1818181818181818
090003,HOWARD UNIVERSITY HOSPITAL CORP,0,Acute Care Hospitals,Voluntary non-profit - Other,No,DC,0.0,0.0,0.0,0.1666666666666666,0.0,0.3333333333333333
090004,MEDSTAR GEORGETOWN UNIVERSITY HOSPITAL,0,Acute Care Hospitals,Proprietary,Yes,DC,0.0,0.0,0.4285714285714285,0.0,0.0,0.1111111111111111
090005,SIBLEY MEMORIAL HOSPITAL,1,Acute Care Hospitals,Voluntary non-profit - Other,Yes,DC,0.1428571428571428,0.0,0.25,0.0,0.0,0.0
090008,UNITED MEDICAL CENTER,0,Acute Care Hospitals,Proprietary,Yes,DC,0.0,0.0,0.0,0.0,0.0,0.0
090011,MEDSTAR WASHINGTON HOSPITAL CENTER,0,Acute Care Hospitals,Voluntary non-profit - Other,Yes,DC,0.5,0.0,0.375,0.0,0.0,0.1818181818181818
09002F,WASHINGTON DC VA MEDICAL CENTER,0,Acute Care - Veterans Administration,Veterans Health Administration,Yes,DC,0.6,0.0,0.0,0.25,0.1666666666666666,0.3333333333333333
100001,SHANDS JACKSONVILLE,1,Acute Care Hospitals,Voluntary non-profit - Private,Yes,FL,0.125,0.0,0.1428571428571428,0.0,0.0,0.0
100002,BETHESDA HOSPITAL EAST,0,Acute Care Hospitals,Voluntary non-profit - Private,Yes,FL,0.125,0.125,0.2857142857142857,0.0,0.0909090909090909,0.1818181818181818
100006,ORLANDO HEALTH,1,Acute Care Hospitals,Voluntary non-profit - Private,Yes,FL,0.375,0.0,0.5,0.0,0.1818181818181818,0.3636363636363636
100007,ADVENTHEALTH ORLANDO,0,Acute Care Hospitals,Voluntary non-profit - Private,Yes,FL,0.75,0.0,0.625,0.0,0.0,0.6363636363636364
100008,BAPTIST HOSPITAL OF MIAMI,1,Acute Care Hospitals,Voluntary non-profit - Private,Yes,FL,0.375,0.0,0.4285714285714285,0.0,0.0,0.3
100012,LEE MEMORIAL HOSPITAL,1,Acute Care Hospitals,Government - Hospital District or Authority,Yes,FL,0.25,0.0,0.5714285714285714,0.0,0.1818181818181818,0.0909090909090909
100014,ADVENTHEALTH NEW SMYRNA BEACH,1,Acute Care Hospitals,Voluntary non-profit - Church,Yes,FL,0.0,0.0,0.1428571428571428,0.0,0.3,0.0
100017,HALIFAX HEALTH MEDICAL CENTER,0,Acute Care Hospitals,Government - Hospital District or Authority,Yes,FL,0.0,0.0,0.375,0.0,0.1818181818181818,0.0909090909090909
100018,NAPLES COMMUNITY HOSPITAL,0,Acute Care Hospitals,Voluntary non-profit - Private,Yes,FL,0.125,0.0,0.125,0.0,0.0,0.0909090909090909
100019,HOLMES REGIONAL MEDICAL CENTER,1,Acute Care Hospitals,Voluntary non-profit - Private,Yes,FL,0.0,0.0,0.25,0.0,0.2222222222222222,0.1111111111111111
100022,JACKSON HEALTH SYSTEM,0,Acute Care Hospitals,Government - Hospital District or Authority,Yes,FL,0.0,0.5714285714285714,0.4285714285714285,0.1428571428571428,0.0,0.4444444444444444
100023,HCA FLORIDA CITRUS HOSPITAL,0,Acute Care Hospitals,Government - Hospital District or Authority,Yes,FL,0.0,0.25,0.1428571428571428,0.0,0.0,0.1111111111111111
100025,SACRED HEART HOSPITAL,1,Acute Care Hospitals,Voluntary non-profit - Private,Yes,FL,0.0,0.0,0.2857142857142857,0.0,0.0909090909090909,0.0909090909090909
100026,ASCENSION SACRED HEART BAY,0,Acute Care Hospitals,Voluntary non-profit - Private,Yes,FL,0.0,0.0,0.3333333333333333,0.0,0.1111111111111111,0.0
100028,PARRISH MEDICAL CENTER,0,Acute Care Hospitals,Government - Hospital District or Authority,Yes,FL,0.0,0.1428571428571428,0.1428571428571428,0.0,0.125,0.25
100029,NORTH SHORE MEDICAL CENTER,0,Acute Care Hospitals,Proprietary,Yes,FL,0.0,0.0,0.3333333333333333,0.1666666666666666,0.0,0.4285714285714285
100030,ORLANDO HEALTH-HEALTH CENTRAL HOSPITAL,0,Acute Care Hospitals,Government - State,Yes,FL,0.1666666666666666,0.0,0.1428571428571428,0.0,0.125,0.125
100032,ORLANDO HEALTH BAYFRONT HOSPITAL,0,Acute Care Hospitals,Voluntary non-profit - Private,Yes,FL,0.0,0.0,0.375,0.0,0.0,0.25
100034,"MOUNT SINAI MEDICAL CENTER OF FLORIDA, INC",0,Acute Care Hospitals,Voluntary non-profit - Private,Yes,FL,0.125,0.0,0.2857142857142857,0.1428571428571428,0.0,0.1818181818181818
100035,MANATEE MEMORIAL HOSPITAL,0,Acute Care Hospitals,Proprietary,Yes,FL,0.0,0.25,0.125,0.0,0.1111111111111111,0.1111111111111111
100038,MEMORIAL REGIONAL HOSPITAL,0,Acute Care Hospitals,Government - Hospital District or Authority,Yes,FL,0.0,0.0,0.375,0.0,0.0,0.3636363636363636
100039,BROWARD HEALTH MEDICAL CENTER,0,Acute Care Hospitals,Government - Hospital District or Authority,Yes,FL,0.0,0.0,0.4285714285714285,0.0,0.0,0.2
100040,ASCENSION ST VINCENT'S RIVERSIDE,0,Acute Care Hospitals,Voluntary non-profit - Private,Yes,FL,0.0,0.0,0.1428571428571428,0.0,0.1111111111111111,0.1111111111111111
100043,MEASE DUNEDIN HOSPITAL,1,Acute Care Hospitals,Voluntary non-profit - Private,Yes,FL,0.0,0.0,0.0,0.0,0.1666666666666666,0.0
100044,CLEVELAND CLINIC MARTIN NORTH HOSPITAL,0,Acute Care Hospitals,Voluntary non-profit - Private,Yes,FL,0.125,0.0,0.5714285714285714,0.0,0.0909090909090909,0.2727272727272727
100045,ADVENTHEALTH DELAND,1,Acute Care Hospitals,Voluntary non-profit - Church,Yes,FL,0.0,0.0,0.3333333333333333,0.0,0.0,0.1428571428571428
100046,Adventhealth Zephyrhills,1,Acute Care Hospitals,Voluntary non-profit - Church,Yes,FL,0.0,0.0,0.2,0.0,0.4285714285714285,0.1428571428571428
100049,HCA FLORIDA HIGHLANDS HOSPITAL,0,Acute Care Hospitals,Proprietary,Yes,FL,0.0,0.0,0.2,0.0,0.0,0.1666666666666666
100050,LARKIN COMMUNITY HOSPITAL PALM SPRINGS CAMPUS,1,Acute Care Hospitals,Voluntary non-profit - Private,Yes,FL,0.0,0.0,0.0,0.0,0.25,0.0
100051,ORLANDO HEALTH SOUTH LAKE HOSPITAL,0,Acute Care Hospitals,Government - Hospital District or Authority,Yes,FL,0.2857142857142857,0.0,0.2857142857142857,0.0,0.25,0.125
100052,WINTER HAVEN HOSPITAL,0,Acute Care Hospitals,Voluntary non-profit - Private,Yes,FL,0.0,0.125,0.1666666666666666,0.0,0.0,0.3
100053,HIALEAH HOSPITAL,0,Acute Care Hospitals,Proprietary,Yes,FL,0.25,0.0,0.1666666666666666,0.0,0.0,0.25
100054,HCA FLORIDA TWIN CITIES HOSPITAL,1,Acute Care Hospitals,Proprietary,Yes,FL,0.25,0.0,0.3333333333333333,0.0,0.0,0.1666666666666666
100055,ADVENTHEALTH NORTH PINELLAS,1,Acute Care Hospitals,Voluntary non-profit - Other,Yes,FL,0.0,0.0,0.2,0.0,0.0,0.4285714285714285
100057,ADVENTHEALTH WATERMAN,1,Acute Care Hospitals,Voluntary non-profit - Church,No,FL,0.25,0.0,0.1428571428571428,0.0,0.3333333333333333,0.0
100062,ADVENTHEALTH OCALA,1,Acute Care Hospitals,Government - Hospital District or Authority,Yes,FL,0.0,0.0,0.6666666666666666,0.0,0.0,0.0
100063,MORTON PLANT NORTH BAY HOSPITAL,0,Acute Care Hospitals,Voluntary non-profit - Private,Yes,FL,0.0,0.1666666666666666,0.3333333333333333,0.0,0.0,0.2857142857142857
100067,ST ANTHONYS HOSPITAL,0,Acute Care Hospitals,Voluntary non-profit - Church,Yes,FL,0.0,0.0,0.3333333333333333,0.0,0.0,0.1111111111111111
100068,ADVENTHEALTH DAYTONA BEACH,1,Acute Care Hospitals,Voluntary non-profit - Church,Yes,FL,0.25,0.0,0.125,0.0,0.1111111111111111,0.0
100069,AdventHealth Carrollwood,0,Acute Care Hospitals,Voluntary non-profit - Church,Yes,FL,0.0,0.0,0.1428571428571428,0.0,0.0,0.0
100071,TAMPA GENERAL HOSPITAL BROOKSVILLE,0,Acute Care Hospitals,Voluntary non-profit - Church,Yes,FL,0.0,0.2857142857142857,0.4,0.0,0.0,0.4285714285714285
100072,ADVENTHEALTH FISH MEMORIAL,1,Acute Care Hospitals,Voluntary non-profit - Church,Yes,FL,0.1428571428571428,0.0,0.3333333333333333,0.0,0.1428571428571428,0.1428571428571428
100073,HOLY CROSS HOSPITAL,1,Acute Care Hospitals,Voluntary non-profit - Church,Yes,FL,0.0,0.0,0.1428571428571428,0.0,0.1818181818181818,0.0909090909090909
100075,ST JOSEPHS HOSPITAL,1,Acute Care Hospitals,Voluntary non-profit - Church,Yes,FL,0.125,0.0,0.5714285714285714,0.0,0.1,0.3
100077,Adventhealth Port Charlotte,0,Acute Care Hospitals,Proprietary,Yes,FL,0.0,0.0,0.4285714285714285,0.0,0.0,0.25
100080,HCA FLORIDA JFK HOSPITAL,0,Acute Care Hospitals,Proprietary,Yes,FL,0.125,0.0,0.25,0.0,0.0,0.3333333333333333
100084,UF HEALTH LEESBURG HOSPITAL,0,Acute Care Hospitals,Voluntary non-profit - Private,Yes,FL,0.125,0.0,0.1428571428571428,0.1428571428571428,0.1111111111111111,0.2222222222222222
100086,BROWARD HEALTH NORTH,0,Acute Care Hospitals,Government - Hospital District or Authority,Yes,FL,0.0,0.0,0.2857142857142857,0.0,0.0,0.2
100087,SARASOTA MEMORIAL HOSPITAL,1,Acute Care Hospitals,Government - Hospital District or Authority,Yes,FL,0.375,0.0,0.625,0.0,0.1818181818181818,0.1818181818181818
100088,BAPTIST HEALTH MEDICAL CENTER - JACKSONVILLE,1,Acute Care Hospitals,Voluntary non-profit - Private,Yes,FL,0.25,0.0,0.5,0.125,0.1818181818181818,0.1818181818181818
100090,FLAGLER HOSPITAL,0,Acute Care Hospitals,Voluntary non-profit - Private,Yes,FL,0.0,0.0,0.125,0.0,0.1111111111111111,0.1111111111111111
100093,BAPTIST HOSPITAL,1,Acute Care Hospitals,Voluntary non-profit - Private,Yes,FL,0.0,0.0,0.2857142857142857,0.0,0.0,0.0909090909090909
100099,ADVENTHEALTH LAKE WALES,0,Acute Care Hospitals,Proprietary,Yes,FL,0.0,0.0,0.0,0.0,0.1666666666666666,0.1666666666666666
10009F,BAY PINES VA MEDICAL CENTER,0,Acute Care - Veterans Administration,Veterans Health Administration,Yes,FL,0.4,0.0,0.0,0.25,0.0,0.6666666666666666
100105,CLEVELAND CLINIC INDIAN RIVER HOSPITAL,1,Acute Care Hospitals,Voluntary non-profit - Private,Yes,FL,0.125,0.0,0.2857142857142857,0.0,0.3636363636363636,0.0
100107,HCA FLORIDA LEHIGH HOSPITAL,0,Acute Care Hospitals,Proprietary,Yes,FL,0.0,0.0,0.3333333333333333,0.0,0.0,0.2
100109,ADVENTHEALTH SEBRING,0,Acute Care Hospitals,Voluntary non-profit - Private,Yes,FL,0.0,0.0,0.4285714285714285,0.1428571428571428,0.0,0.0
100110,HCA FLORIDA OSCEOLA HOSPITAL,0,Acute Care Hospitals,Proprietary,Yes,FL,0.0,0.0,0.5714285714285714,0.0,0.0,0.5
100113,UF HEALTH SHANDS HOSPITAL,1,Acute Care Hospitals,Voluntary non-profit - Private,Yes,FL,0.375,0.0,0.5,0.0,0.1818181818181818,0.1818181818181818
100117,BAPTIST MEDICAL CENTER  BEACHES,1,Acute Care Hospitals,Voluntary non-profit - Private,Yes,FL,0.0,0.0,0.125,0.0,0.125,0.25
100118,AdventHealth Palm Coast,1,Acute Care Hospitals,Voluntary non-profit - Church,Yes,FL,0.1428571428571428,0.0,0.4,0.0,0.125,0.375
100121,BARTOW REGIONAL MEDICAL CENTER,0,Acute Care Hospitals,Proprietary,Yes,FL,0.0,0.0,0.0,0.0,0.0,0.3333333333333333
100122,NORTH OKALOOSA MEDICAL CENTER,0,Acute Care Hospitals,Voluntary non-profit - Private,Yes,FL,0.0,0.0,0.1666666666666666,0.0,0.1111111111111111,0.1111111111111111
100124,SANTA ROSA MEDICAL CENTER,1,Acute Care Hospitals,Proprietary,Yes,FL,0.0,0.0,0.1666666666666666,0.0,0.0,0.1428571428571428
100125,HOMESTEAD HOSPITAL,1,Acute Care Hospitals,Voluntary non-profit - Private,Yes,FL,0.0,0.0,0.2,0.0,0.0,0.0
100127,MORTON PLANT HOSPITAL,1,Acute Care Hospitals,Voluntary non-profit - Private,Yes,FL,0.125,0.0,0.25,0.0,0.0909090909090909,0.1818181818181818
100128,TAMPA GENERAL HOSPITAL,0,Acute Care Hospitals,Voluntary non-profit - Private,Yes,FL,0.375,0.0,0.375,0.125,0.0,0.3636363636363636
100131,HCA FLORIDA AVENTURA HOSPITAL,0,Acute Care Hospitals,Voluntary non-profit - Private,Yes,FL,0.2857142857142857,0.0,0.2857142857142857,0.0,0.0,0.25
100132,SOUTH FLORIDA BAPTIST HOSPITAL,0,Acute Care Hospitals,Voluntary non-profit - Private,Yes,FL,0.0,0.0,0.1666666666666666,0.0,0.2222222222222222,0.0
100134,ED FRASER MEMORIAL HOSPITAL,0,Acute Care Hospitals,Voluntary non-profit - Private,Yes,FL,0.0,0.0,,,0.0,0.25
100135,TALLAHASSEE MEMORIAL HEALTHCARE,0,Acute Care Hospitals,Voluntary non-profit - Private,Yes,FL,0.0,0.0,0.375,0.0,0.2727272727272727,0.0909090909090909
100137,ADVENTHEALTH HEART OF FLORIDA,0,Acute Care Hospitals,Proprietary,Yes,FL,0.0,0.0,0.2857142857142857,0.0,0.0,0.25
100140,BAPTIST MEDICAL CENTER - NASSAU,1,Acute Care Hospitals,Voluntary non-profit - Private,Yes,FL,0.0,0.0,0.3333333333333333,0.0,0.1666666666666666,0.0
100142,JACKSON HOSPITAL,0,Acute Care Hospitals,Government - Hospital District or Authority,Yes,FL,0.0,0.4,0.0,0.0,0.0,0.1111111111111111
100150,LOWER KEYS MEDICAL CENTER,1,Acute Care Hospitals,Proprietary,Yes,FL,0.25,0.0,0.0,0.0,0.0,0.1428571428571428
100151,MAYO CLINIC,1,Acute Care Hospitals,Voluntary non-profit - Private,Yes,FL,0.75,0.0,0.5714285714285714,0.0,0.0909090909090909,0.0909090909090909
100154,SOUTH MIAMI HOSPITAL,1,Acute Care Hospitals,Voluntary non-profit - Private,Yes,FL,0.125,0.0,0.4285714285714285,0.0,0.125,0.25
100156,HCA FLORIDA LAKE CITY HOSPITAL,0,Acute Care Hospitals,Proprietary,Yes,FL,0.0,0.0,0.1666666666666666,0.0,0.1428571428571428,0.2857142857142857
100157,LAKELAND REGIONAL MEDICAL CENTER,0,Acute Care Hospitals,Voluntary non-profit - Private,Yes,FL,0.125,0.125,0.375,0.25,0.0,0.3636363636363636
100161,CENTRAL FLORIDA LAKE MONROE HOSPITAL,0,Acute Care Hospitals,Proprietary,Yes,FL,0.0,0.0,0.1428571428571428,0.0,0.125,0.25
100166,HCA FLORIDA SARASOTA DOCTORS HOSPITAL,1,Acute Care Hospitals,Proprietary,Yes,FL,0.0,0.0,0.2857142857142857,0.0,0.0,0.25
100167,HCA FLORIDA MERCY HOSPITAL,0,Acute Care Hospitals,Voluntary non-profit - Private,Yes,FL,0.2857142857142857,0.0,0.25,0.0,0.0,0.2857142857142857
100168,BOCA RATON REGIONAL HOSPITAL,0,Acute Care Hospitals,Voluntary non-profit - Private,Yes,FL,0.125,0.0,0.25,0.0,0.1818181818181818,0.0909090909090909
100173,ADVENTHEALTH TAMPA,0,Acute Care Hospitals,Voluntary non-profit - Private,Yes,FL,0.0,0.0,0.125,0.0,0.1111111111111111,0.2222222222222222
100175,DESOTO MEMORIAL HOSPITAL,0,Acute Care Hospitals,Voluntary non-profit - Private,Yes,FL,0.0,0.0,0.0,0.0,0.0,0.0
100176,PALM BEACH GARDENS MEDICAL CENTER,0,Acute Care Hospitals,Proprietary,Yes,FL,0.0,0.0,0.1428571428571428,0.0,0.0,0.2222222222222222
100177,CAPE CANAVERAL HOSPITAL,0,Acute Care Hospitals,Voluntary non-profit - Private,Yes,FL,0.0,0.0,0.1666666666666666,0.0,0.25,0.25
100179,HCA FLORIDA MEMORIAL HOSPITAL,0,Acute Care Hospitals,Proprietary,Yes,FL,0.0,0.0,0.4285714285714285,0.1428571428571428,0.1111111111111111,0.1111111111111111
100180,HCA FLORIDA ST PETERSBURG HOSPITAL,0,Acute Care Hospitals,Proprietary,Yes,FL,0.0,0.0,0.2,0.0,0.0,0.4
100181,LARKIN COMMUNITY HOSPITAL,0,Acute Care Hospitals,Proprietary,Yes,FL,0.0,0.0,0.0,0.0,0.0,1.0
100183,CORAL GABLES HOSPITAL,0,Acute Care Hospitals,Proprietary,Yes,FL,0.0,0.0,0.0,0.0,0.2,0.2
100187,PALMETTO GENERAL HOSPITAL,0,Acute Care Hospitals,Proprietary,Yes,FL,0.0,0.0,0.4285714285714285,0.0,0.2857142857142857,0.1428571428571428
100189,HCA FLORIDA NORTHWEST HOSPITAL,0,Acute Care Hospitals,Proprietary,Yes,FL,0.0,0.0,0.2857142857142857,0.0,0.0,0.4285714285714285
100191,HCA FLORIDA TRINITY HOSPITAL,0,Acute Care Hospitals,Proprietary,Yes,FL,0.0,0.0,0.25,0.0,0.0,0.5
100200,BROWARD HEALTH IMPERIAL POINT,0,Acute Care Hospitals,Government - Hospital District or Authority,No,FL,0.0,0.0,0.1428571428571428,0.0,0.0,0.1666666666666666
100204,HCA FLORIDA NORTH FLORIDA HOSPITAL,0,Acute Care Hospitals,Proprietary,Yes,FL,0.0,0.0,0.375,0.0,0.0,0.2222222222222222
100206,HCA FLORIDA SOUTH TAMPA HOSPITAL,1,Acute Care Hospitals,Proprietary,Yes,FL,0.0,0.0,0.3333333333333333,0.0,0.1666666666666666,0.1666666666666666
100209,HCA FLORIDA KENDALL HOSPITAL,1,Acute Care Hospitals,Proprietary,Yes,FL,0.1428571428571428,0.0,0.4285714285714285,0.0,0.1428571428571428,0.2857142857142857
100211,ADVENTHEALTH DADE CITY,1,Acute Care Hospitals,Proprietary,No,FL,0.0,0.0,0.3333333333333333,0.0,0.1666666666666666,0.1666666666666666
100212,MARION COMMUNTIY HOSPITAL,0,Acute Care Hospitals,Proprietary,Yes,FL,0.0,0.375,0.5714285714285714,0.1428571428571428,0.0,0.3333333333333333
100213,HCA FLORIDA BLAKE HOSPITAL,0,Acute Care Hospitals,Proprietary,Yes,FL,0.0,0.0,0.2857142857142857,0.0,0.0,0.4444444444444444
100217,ORLANDO HEALTH SEBASTIAN RIVER HOSPITAL,1,Acute Care Hospitals,Voluntary non-profit - Private,Yes,FL,0.0,0.0,0.25,0.0,0.4285714285714285,0.0
100220,GULF COAST MEDICAL CENTER LEE HEALTH,1,Acute Care Hospitals,Government - Hospital District or Authority,Yes,FL,0.4285714285714285,0.0,0.25,0.0,0.0,0.3
100223,HCA FLORIDA FORT WALTON-DESTIN HOSPITAL,0,Acute Care Hospitals,Proprietary,Yes,FL,0.125,0.0,0.1428571428571428,0.0,0.0,0.4444444444444444
100224,UNIVERSITY HOSPITAL AND MEDICAL CENTER,0,Acute Care Hospitals,Proprietary,Yes,FL,0.0,0.0,0.1666666666666666,0.0,0.0,0.5
100226,HCA FLORIDA ORANGE PARK HOSPITAL,0,Acute Care Hospitals,Voluntary non-profit - Other,Yes,FL,0.0,0.0,0.1428571428571428,0.1428571428571428,0.3333333333333333,0.1111111111111111
100228,WESTSIDE REGIONAL MEDICAL CENTER,0,Acute Care Hospitals,Proprietary,No,FL,0.0,0.125,0.6666666666666666,0.0,0.0,0.25
100230,MEMORIAL HOSPITAL PEMBROKE,1,Acute Care Hospitals,Government - Hospital District or Authority,Yes,FL,0.0,0.0,0.1666666666666666,0.0,0.0,0.2
100231,HCA FLORIDA WEST HOSPITAL,0,Acute Care Hospitals,Proprietary,Yes,FL,0.0,0.0,0.25,0.0,0.0,0.1111111111111111
100232,HCA FLORIDA PUTNAM HOSPITAL,0,Acute Care Hospitals,Proprietary,Yes,FL,0.0,0.1666666666666666,0.2,0.0,0.0,0.25
100236,HCA FLORIDA FAWCETT HOSPITAL,0,Acute Care Hospitals,Proprietary,Yes,FL,0.0,0.0,0.1428571428571428,0.0,0.0,0.4444444444444444
100238,HCA FLORIDA NORTHSIDE HOSPITAL,0,Acute Care Hospitals,Proprietary,Yes,FL,0.125,0.0,0.3333333333333333,0.0,0.0,0.3333333333333333
100242,HCA FLORIDA GULF COAST HOSPITAL,0,Acute Care Hospitals,Proprietary,Yes,FL,0.0,0.0,0.1428571428571428,0.0,0.125,0.0
100243,HCA FLORIDA BRANDON HOSPITAL,0,Acute Care Hospitals,Proprietary,Yes,FL,0.25,0.0,0.125,0.0,0.0,0.3333333333333333
100244,CAPE CORAL HOSPITAL,0,Acute Care Hospitals,Government - Hospital District or Authority,Yes,FL,0.1428571428571428,0.0,0.4285714285714285,0.0,0.1428571428571428,0.2857142857142857
100246,HCA FLORIDA LAWNWOOD HOSPITAL,0,Acute Care Hospitals,Proprietary,Yes,FL,0.0,0.0,0.3333333333333333,0.0,0.0,0.5714285714285714
100248,HCA FLORIDA LARGO HOSPITAL,0,Acute Care Hospitals,Proprietary,Yes,FL,0.0,0.0,0.1666666666666666,0.0,0.0,0.125
100249,TAMPA GENERAL HOSPITAL CRYSTAL RIVER,0,Acute Care Hospitals,Voluntary non-profit - Private,No,FL,0.0,0.0,0.0,0.0,0.25,0.125
100252,HCA FLORIDA RAULERSON HOSPITAL,0,Acute Care Hospitals,Proprietary,No,FL,0.0,0.0,0.3333333333333333,0.0,0.0,0.1666666666666666
100253,JUPITER MEDICAL CENTER,1,Acute Care Hospitals,Voluntary non-profit - Private,Yes,FL,0.125,0.0,0.375,0.0,0.0,0.2727272727272727
100254,HCA FLORIDA CAPITAL HOSPITAL,0,Acute Care Hospitals,Proprietary,Yes,FL,0.0,0.0,0.25,0.0,0.0,0.3333333333333333
100256,HCA FLORIDA BAYONET POINT HOSPITAL,0,Acute Care Hospitals,Proprietary,Yes,FL,0.125,0.0,0.1428571428571428,0.0,0.0,0.4444444444444444
100258,DELRAY MEDICAL CENTER,0,Acute Care Hospitals,Proprietary,Yes,FL,0.375,0.0,0.4285714285714285,0.1428571428571428,0.0,0.3333333333333333
100259,HCA FLORIDA SOUTH SHORE HOSPITAL,0,Acute Care Hospitals,Proprietary,Yes,FL,0.0,0.0,0.1666666666666666,0.0,0.0,0.25
100260,ST LUCIE MEDICAL CENTER,0,Acute Care Hospitals,Proprietary,Yes,FL,0.0,0.0,0.125,0.0,0.0,0.8571428571428571
100264,HCA FLORIDA OAK HILL HOSPITAL,0,Acute Care Hospitals,Proprietary,Yes,FL,0.0,0.0,0.4285714285714285,0.1428571428571428,0.0,0.6666666666666666
100265,MEASE COUNTRYSIDE HOSPITAL,1,Acute Care Hospitals,Voluntary non-profit - Private,Yes,FL,0.0,0.0,0.1428571428571428,0.0,0.0,0.0
100266,GULF BREEZE HOSPITAL,1,Acute Care Hospitals,Voluntary non-profit - Other,Yes,FL,0.0,0.0,0.0,0.0,0.1428571428571428,0.1428571428571428
100267,HCA FLORIDA ENGLEWOOD HOSPITAL,0,Acute Care Hospitals,Proprietary,Yes,FL,0.0,0.0,0.0,0.0,0.0,0.125
100268,WEST BOCA MEDICAL CENTER,0,Acute Care Hospitals,Proprietary,Yes,FL,0.0,0.0,0.1666666666666666,0.0,0.0,0.0
100269,HCA FLORIDA PALMS WEST HOSPITAL,0,Acute Care Hospitals,Proprietary,Yes,FL,0.0,0.0,0.2857142857142857,0.0,0.0,0.6666666666666666
100275,WELLINGTON REGIONAL MEDICAL CENTER,0,Acute Care Hospitals,Proprietary,Yes,FL,0.0,0.0,0.2857142857142857,0.0,0.0,0.5
100276,BROWARD HEALTH CORAL SPRINGS,1,Acute Care Hospitals,Government - Hospital District or Authority,Yes,FL,0.1428571428571428,0.0,0.2857142857142857,0.0,0.0,0.1428571428571428
100281,MEMORIAL HOSPITAL WEST,0,Acute Care Hospitals,Government - Hospital District or Authority,Yes,FL,0.1428571428571428,0.0,0.25,0.0,0.0,0.3
100284,KERALTY HOSPITAL,0,Acute Care Hospitals,Proprietary,Yes,FL,0.0,0.0,0.3333333333333333,0.0,0.0,0.3333333333333333
100285,MEMORIAL HOSPITAL MIRAMAR,1,Acute Care Hospitals,Government - Hospital District or Authority,Yes,FL,0.0,0.0,0.1428571428571428,0.0,0.0,0.2
100286,PHYSICIANS REGIONAL MEDICAL CENTER - PINE RIDGE,0,Acute Care Hospitals,Proprietary,Yes,FL,0.0,0.125,0.4285714285714285,0.0,0.0,0.4444444444444444
100287,GOOD SAMARITAN MEDICAL CENTER,0,Acute Care Hospitals,Proprietary,Yes,FL,0.0,0.0,0.125,0.0,0.0,0.25
100288,ST MARY'S MEDICAL CENTER,0,Acute Care Hospitals,Proprietary,Yes,FL,0.0,0.0,0.3333333333333333,0.0,0.0,0.5
100289,CLEVELAND CLINIC HOSPITAL,1,Acute Care Hospitals,Voluntary non-profit - Private,Yes,FL,0.5,0.0,0.375,0.125,0.0909090909090909,0.1818181818181818
100290,"VILLAGES REGIONAL HOSPITAL, THE",1,Acute Care Hospitals,Voluntary non-profit - Private,Yes,FL,0.0,0.1428571428571428,0.1428571428571428,0.0,0.125,0.125
100291,ORLANDO HEALTH MELBOURNE HOSPITAL,0,Acute Care Hospitals,Voluntary non-profit - Private,Yes,FL,0.0,0.0,0.25,0.0,0.0,0.1428571428571428
100292,SACRED HEART HOSPITAL ON THE EMERALD COAST,0,Acute Care Hospitals,Voluntary non-profit - Other,Yes,FL,0.0,0.1666666666666666,0.0,0.0,0.0,0.0
100296,DOCTORS HOSPITAL,1,Acute Care Hospitals,Voluntary non-profit - Other,Yes,FL,0.25,0.0,0.1666666666666666,0.0,0.1666666666666666,0.1666666666666666
100299,LAKEWOOD RANCH MEDICAL CENTER,1,Acute Care Hospitals,Proprietary,Yes,FL,0.0,0.0,0.1428571428571428,0.0,0.125,0.125
100302,ORLANDO HEALTH ST CLOUD HOSPITAL,0,Acute Care Hospitals,Proprietary,Yes,FL,0.0,0.0,0.0,0.0,0.0,0.1666666666666666
100307,ASCENSION ST VINCENT'S SOUTHSIDE,1,Acute Care Hospitals,Voluntary non-profit - Private,Yes,FL,0.0,0.0,0.25,0.0,0.125,0.125
100313,ASCENSION SACRED HEART GULF,0,Acute Care Hospitals,Voluntary non-profit - Private,Yes,FL,0.0,0.0,,,0.0,0.25
100314,WEST KENDALL BAPTIST HOSPITAL,1,Acute Care Hospitals,Voluntary non-profit - Private,Yes,FL,0.4,0.0,0.2857142857142857,0.0,0.1666666666666666,0.1666666666666666
100315,VIERA HOSPITAL,1,Acute Care Hospitals,Voluntary non-profit - Private,Yes,FL,0.0,0.0,0.1428571428571428,0.0,0.2857142857142857,0.1428571428571428
100316,PALM BAY HOSPITAL,0,Acute Care Hospitals,Proprietary,Yes,FL,0.0,0.0,0.1666666666666666,0.0,0.125,0.0
100319,ADVENTHEALTH WESLEY CHAPEL,1,Acute Care Hospitals,Voluntary non-profit - Private,Yes,FL,0.0,0.0,0.1428571428571428,0.0,0.25,0.0
100320,HCA FLORIDA POINCIANA HOSPITAL,0,Acute Care Hospitals,Proprietary,Yes,FL,0.0,0.0,0.5,0.0,0.0,0.4
100321,ASCENSION ST VINCENT'S CLAY COUNTY,0,Acute Care Hospitals,Voluntary non-profit - Private,Yes,FL,0.0,0.0,0.0,0.0,0.0,0.125
100329,OVIEDO MEDICAL CENTER,0,Acute Care Hospitals,Proprietary,Yes,FL,0.0,0.0,0.2,0.2,0.0,0.3333333333333333
100350,UCF LAKE NONA HOSPITAL,0,Acute Care Hospitals,Proprietary,Yes,FL,0.0,0.0,0.5,0.0,0.0,0.0
100359,SARASOTA MEMORIAL HOSPITAL - VENICE,1,Acute Care Hospitals,Government - Hospital District or Authority,Yes,FL,0.0,0.0,0.4285714285714285,0.0,0.25,0.0
100360,HCA FLORIDA UNIVERSITY HOSPITAL,0,Acute Care Hospitals,Proprietary,Yes,FL,0.0,0.0,0.2,0.0,0.0,0.0
100361,ASCENSION ST VINCENT'S ST JOHNS COUNTY,1,Acute Care Hospitals,Voluntary non-profit - Private,Yes,FL,0.0,0.0,0.0,0.0,0.0,0.0
100363,ADVENTHEALTH PALM COAST PARKWAY,1,Acute Care Hospitals,Voluntary non-profit - Private,Yes,FL,0.0,0.0,0.5,0.0,0.0,0.25
10057F,VA NORTH FLORIDA/SOUTH GEORGIA HEALTHCARE SYSTEM - GAINESVILLE,1,Acute Care - Veterans Administration,Veterans Health Administration,Yes,FL,0.6,0.0,0.0,0.0,0.0,0.3333333333333333
10063F,TAMPA VA MEDICAL CENTER,1,Acute Care - Veterans Administration,Veterans Health Administration,Yes,FL,0.6,0.0,0.0,0.0,0.1666666666666666,0.3333333333333333
10064F,MIAMI VA MEDICAL CENTER,1,Acute Care - Veterans Administration,Veterans Health Administration,Yes,FL,0.0,0.0,0.0,0.25,0.0,0.3333333333333333
10065F,W PALM BEACH VA MEDICAL CENTER,0,Acute Care - Veterans Administration,Veterans Health Administration,Yes,FL,0.2,0.0,0.0,0.0,0.0,0.3333333333333333
10099F,ORLANDO VA MEDICAL CENTER,1,Acute Care - Veterans Administration,Veterans Health Administration,Yes,FL,0.4,0.0,0.0,0.0,0.1666666666666666,0.1666666666666666
101307,DOCTORS MEMORIAL HOSPITAL,0,Critical Access Hospitals,Government - Hospital District or Authority,No,FL,0.0,0.3333333333333333,,,0.0,0.0
101308,NORTHWEST FLORIDA COMMUNITY HOSPITAL,0,Critical Access Hospitals,Voluntary non-profit - Private,Yes,FL,0.0,0.25,,,0.0,0.0
101313,MARINERS HOSPITAL,1,Critical Access Hospitals,Voluntary non-profit - Private,Yes,FL,0.0,0.0,,,0.1428571428571428,0.0
110001,HAMILTON MEDICAL CENTER,0,Acute Care Hospitals,Voluntary non-profit - Private,No,GA,0.0,0.125,0.3333333333333333,0.0,0.0,0.1
110002,UPSON REGIONAL MEDICAL CENTER,0,Acute Care Hospitals,Voluntary non-profit - Other,Yes,GA,0.0,0.3333333333333333,0.25,0.0,0.0,0.1666666666666666
110003,Memorial Satilla Health,0,Acute Care Hospitals,Voluntary non-profit - Private,Yes,GA,0.0,0.1666666666666666,0.1666666666666666,0.0,0.0,0.2222222222222222
110005,NORTHSIDE HOSPITAL FORSYTH,1,Acute Care Hospitals,Voluntary non-profit - Private,Yes,GA,0.1428571428571428,0.0,0.125,0.125,0.2,0.0
110006,ST MARY'S HOSPITAL,0,Acute Care Hospitals,Voluntary non-profit - Private,Yes,GA,0.0,0.0,0.1428571428571428,0.2857142857142857,0.0,0.25
110007,PHOEBE PUTNEY MEMORIAL HOSPITAL,0,Acute Care Hospitals,Government - Hospital District or Authority,Yes,GA,0.0,0.0,0.25,0.0,0.0,0.0
110008,NORTHSIDE HOSPITAL CHEROKEE,1,Acute Care Hospitals,Voluntary non-profit - Other,Yes,GA,0.2857142857142857,0.0,0.25,0.25,0.2,0.1
110010,EMORY UNIVERSITY HOSPITAL,1,Acute Care Hospitals,Voluntary non-profit - Private,Yes,GA,0.375,0.0,0.125,0.125,0.0909090909090909,0.1818181818181818
110011,TANNER MEDICAL CENTER - CARROLLTON,0,Acute Care Hospitals,Government - Hospital District or Authority,No,GA,0.0,0.0,0.1666666666666666,0.1666666666666666,0.0,0.4285714285714285
110015,TANNER MEDICAL CENTER VILLA RICA,0,Acute Care Hospitals,Government - Hospital District or Authority,Yes,GA,0.0,0.0,0.0,0.0,0.0,0.3333333333333333
110016,WELLSTAR WEST GEORGIA MEDICAL CENTER,1,Acute Care Hospitals,Voluntary non-profit - Private,Yes,GA,0.0,0.0,0.1666666666666666,0.0,0.0,0.0
110018,PIEDMONT NEWTON HOSPITAL,0,Acute Care Hospitals,Voluntary non-profit - Private,Yes,GA,0.0,0.0,0.1428571428571428,0.0,0.0,0.0
110023,ADVENTHEALTH GORDON,0,Acute Care Hospitals,Voluntary non-profit - Church,No,GA,0.0,0.0,0.0,0.2,0.25,0.0
110024,CANDLER HOSPITAL,0,Acute Care Hospitals,Voluntary non-profit - Private,Yes,GA,0.0,0.1666666666666666,0.2857142857142857,0.1428571428571428,0.0,0.125
110025,SOUTHEAST GEORGIA HEALTH SYSTEM- BRUNSWICK CAMPUS,0,Acute Care Hospitals,Government - Hospital District or Authority,No,GA,0.0,0.0,0.125,0.125,0.1,0.1
110027,"TY COBB REGIONAL MEDICAL CENTER, LLC",0,Acute Care Hospitals,Voluntary non-profit - Private,Yes,GA,0.0,0.0,0.0,0.0,0.1666666666666666,0.1666666666666666
110028,PIEDMONT AUGUSTA HOSPITAL,0,Acute Care Hospitals,Government - Hospital District or Authority,Yes,GA,0.0,0.0,0.25,0.0,0.1111111111111111,0.2222222222222222
110029,"NORTHEAST GEORGIA MEDICAL CENTER, INC",0,Acute Care Hospitals,Government - Local,Yes,GA,0.0,0.0,0.375,0.125,0.0909090909090909,0.1818181818181818
110030,PIEDMONT CARTERSVILLE MEDICAL CENTER,0,Acute Care Hospitals,Voluntary non-profit - Private,Yes,GA,0.1428571428571428,0.0,0.1666666666666666,0.0,0.0,0.1428571428571428
110031,WELLSTAR SPALDING MEDICAL CENTER,0,Acute Care Hospitals,Voluntary non-profit - Private,Yes,GA,0.0,0.0,0.1428571428571428,0.0,0.1428571428571428,0.1428571428571428
110032,STEPHENS COUNTY HOSPITAL,0,Acute Care Hospitals,Government - Hospital District or Authority,Yes,GA,0.0,0.0,0.0,0.0,0.1666666666666666,0.1666666666666666
110034,"WELLSTAR MCG HEALTH, AFFILIATED WITH MED COL",0,Acute Care Hospitals,Voluntary non-profit - Private,Yes,GA,0.0,0.25,0.1428571428571428,0.4285714285714285,0.1,0.2
110035,WELLSTAR KENNESTONE REGIONAL MEDICAL CENTER,1,Acute Care Hospitals,Government - Hospital District or Authority,Yes,GA,0.375,0.0,0.5,0.0,0.0909090909090909,0.0909090909090909
110036,SAVANNAH HEALTH SERVICES LLC DBA MEMORIAL HEALTH UNIVERSITY MEDICAL CENTER,0,Acute Care Hospitals,Voluntary non-profit - Other,Yes,GA,0.0,0.125,0.5,0.125,0.0,0.3333333333333333
110038,ARCHBOLD MEMORIAL HOSPITAL,0,Acute Care Hospitals,Voluntary non-profit - Private,Yes,GA,0.0,0.0,0.1666666666666666,0.0,0.1,0.1
110041,NORTHEAST GEORGIA MEDICAL CENTER HABERSHAM,0,Acute Care Hospitals,Government - Hospital District or Authority,Yes,GA,0.0,0.0,0.0,0.0,0.1666666666666666,0.0
110042,WELLSTAR PAULDING MEDICAL CENTER,1,Acute Care Hospitals,Voluntary non-profit - Other,No,GA,0.0,0.0,0.1666666666666666,0.0,0.0,0.1428571428571428
110043,ST JOSEPH'S HOSPITAL - SAVANNAH,0,Acute Care Hospitals,Voluntary non-profit - Private,Yes,GA,0.0,0.125,0.1428571428571428,0.1428571428571428,0.0,0.1111111111111111
110044,PHOEBE SUMTER MEDICAL CENTER,0,Acute Care Hospitals,Government - Hospital District or Authority,Yes,GA,0.0,0.0,0.25,0.0,0.0,0.125
110045,"NGMC BARROW, LLC",1,Acute Care Hospitals,Proprietary,Yes,GA,0.0,0.0,0.0,0.0,0.2,0.0
110046,PIEDMONT WALTON HOSPITAL,1,Acute Care Hospitals,Proprietary,Yes,GA,0.0,0.0,0.25,0.0,0.0,0.0
110050,ADVENTHEALTH MURRAY,1,Acute Care Hospitals,Voluntary non-profit - Private,No,GA,0.3333333333333333,0.0,,,0.5,0.0
110051,UNION GENERAL HOSPITAL,0,Acute Care Hospitals,Government - Local,No,GA,0.0,0.0,0.25,0.0,0.0,0.2857142857142857
110054,ATRIUM HEALTH FLOYD MEDICAL CENTER,0,Acute Care Hospitals,Government - Hospital District or Authority,No,GA,0.0,0.2857142857142857,0.25,0.125,0.0,0.25
110064,PIEDMONT COLUMBUS REGIONAL MIDTOWN,0,Acute Care Hospitals,Voluntary non-profit - Other,Yes,GA,0.0,0.1428571428571428,0.2857142857142857,0.2857142857142857,0.1111111111111111,0.2222222222222222
110069,EMORY HOUSTON HOSPITAL WARNER ROBINS,0,Acute Care Hospitals,Voluntary non-profit - Private,Yes,GA,0.0,0.1428571428571428,0.2857142857142857,0.0,0.0,0.3
110074,PIEDMONT ATHENS REGIONAL MEDICAL CENTER,1,Acute Care Hospitals,Voluntary non-profit - Other,No,GA,0.0,0.0,0.4285714285714285,0.0,0.2,0.0
110075,EAST GEORGIA REGIONAL MEDICAL CENTER,0,Acute Care Hospitals,Proprietary,Yes,GA,0.0,0.0,0.1428571428571428,0.0,0.125,0.125
110076,EMORY DECATUR HOSPITAL,0,Acute Care Hospitals,Voluntary non-profit - Private,No,GA,0.0,0.0,0.125,0.125,0.0,0.2
110078,EMORY UNIVERSITY HOSPITAL MIDTOWN,0,Acute Care Hospitals,Voluntary non-profit - Private,Yes,GA,0.0,0.0,0.2857142857142857,0.2857142857142857,0.1,0.1
110079,GRADY MEMORIAL HOSPITAL,0,Acute Care Hospitals,Voluntary non-profit - Private,Yes,GA,0.0,0.0,0.4285714285714285,0.1428571428571428,0.0,0.125
110082,"SAINT JOSEPH'S HOSPITAL OF ATLANTA, INC",0,Acute Care Hospitals,Voluntary non-profit - Private,Yes,GA,0.125,0.0,0.3333333333333333,0.1666666666666666,0.125,0.25
110083,"PIEDMONT HOSPITAL, INC",1,Acute Care Hospitals,Government - Federal,No,GA,0.375,0.0,0.5,0.0,0.0,0.0
110087,NORTHSIDE HOSPITAL GWINNETT,0,Acute Care Hospitals,Government - Hospital District or Authority,Yes,GA,0.0,0.0,0.375,0.0,0.0909090909090909,0.1818181818181818
110089,"COFFEE REGIONAL MEDICAL CENTER, INC",0,Acute Care Hospitals,Government - Hospital District or Authority,Yes,GA,0.0,0.1666666666666666,0.0,0.0,0.0,0.125
110091,PIEDMONT ROCKDALE HOSPITAL,0,Acute Care Hospitals,Proprietary,No,GA,0.0,0.0,0.1666666666666666,0.0,0.0,0.1111111111111111
110095,TIFT REGIONAL MEDICAL CENTER,0,Acute Care Hospitals,Government - Hospital District or Authority,No,GA,0.0,0.0,0.1666666666666666,0.0,0.0,0.2222222222222222
110104,CRISP REGIONAL HOSPITAL,0,Acute Care Hospitals,Proprietary,Yes,GA,0.0,0.0,0.0,0.0,0.0,0.1666666666666666
110105,COLQUITT REGIONAL MEDICAL CENTER,1,Acute Care Hospitals,Government - Hospital District or Authority,No,GA,0.0,0.0,0.2857142857142857,0.0,0.0,0.2222222222222222
110107,ATRIUM HEALTH NAVICENT THE MEDICAL CENTER,0,Acute Care Hospitals,Government - Hospital District or Authority,Yes,GA,0.0,0.125,0.25,0.0,0.0,0.2727272727272727
110109,EMANUEL MEDICAL CENTER,1,Acute Care Hospitals,Government - Hospital District or Authority,Yes,GA,0.0,0.0,0.0,0.0,0.4,0.0
110122,SGMC HEALTH,0,Acute Care Hospitals,Government - Hospital District or Authority,Yes,GA,0.0,0.125,0.4285714285714285,0.0,0.1,0.3
110124,WAYNE MEMORIAL HOSPITAL,0,Acute Care Hospitals,Government - Hospital District or Authority,Yes,GA,0.0,0.0,0.0,0.0,0.0,0.125
110125,FAIRVIEW PARK HOSPITAL,1,Acute Care Hospitals,Proprietary,Yes,GA,0.0,0.0,0.6,0.0,0.1428571428571428,0.2857142857142857
110128,MEMORIAL HEALTH MEADOWS HOSPITAL,1,Acute Care Hospitals,Proprietary,Yes,GA,0.0,0.0,0.3333333333333333,0.0,0.1428571428571428,0.0
110129,ST FRANCIS HOSPITAL- EMORY HEALTHCARE,0,Acute Care Hospitals,Voluntary non-profit - Private,No,GA,0.0,0.0,0.1428571428571428,0.0,0.1,0.0
110132,MEMORIAL HOSPITAL AND MANOR,0,Acute Care Hospitals,Government - Hospital District or Authority,No,GA,0.0,0.3333333333333333,0.0,0.0,0.0,0.5
110143,WELLSTAR COBB MEDICAL CENTER,0,Acute Care Hospitals,Voluntary non-profit - Other,No,GA,0.1428571428571428,0.0,0.25,0.0,0.0,0.1111111111111111
110146,SOUTHEAST GEORGIA HEALTH SYSTEM -- CAMDEN CAMPUS,1,Acute Care Hospitals,Government - Hospital District or Authority,Yes,GA,0.0,0.0,0.0,0.0,0.1428571428571428,0.0
110150,NAVICENT HEALTH BALDWIN,0,Acute Care Hospitals,Proprietary,Yes,GA,0.0,0.0,0.0,0.0,0.1666666666666666,0.0
110161,NORTHSIDE HOSPITAL,0,Acute Care Hospitals,Voluntary non-profit - Private,Yes,GA,0.0,0.0,0.125,0.25,0.0,0.4
110164,"COLISEUM MEDICAL CENTERS, LLC, DBA",0,Acute Care Hospitals,Voluntary non-profit - Private,Yes,GA,0.0,0.0,0.1428571428571428,0.0,0.125,0.25
110165,SOUTHERN REGIONAL MEDICAL CENTER,0,Acute Care Hospitals,Voluntary non-profit - Private,Yes,GA,0.0,0.0,0.2,0.0,0.0,0.4
110168,ADVENTHEALTH REDMOND,1,Acute Care Hospitals,Proprietary,No,GA,0.0,0.0,0.1428571428571428,0.0,0.0,0.3333333333333333
110177,DOCTORS HOSPITAL,0,Acute Care Hospitals,Proprietary,Yes,GA,0.0,0.0,0.375,0.0,0.125,0.0
110184,WELLSTAR DOUGLAS MEDICAL CENTER,0,Acute Care Hospitals,Voluntary non-profit - Private,Yes,GA,0.1666666666666666,0.0,0.1666666666666666,0.1666666666666666,0.1666666666666666,0.0
110191,PIEDMONT HENRY HOSPITAL,0,Acute Care Hospitals,Government - Hospital District or Authority,No,GA,0.0,0.0,0.25,0.125,0.0,0.125
110192,PIEDMONT EASTSIDE MEDICAL CENTER,0,Acute Care Hospitals,Proprietary,Yes,GA,0.0,0.0,0.1428571428571428,0.0,0.0,0.125
110198,WELLSTAR NORTH FULTON MEDICAL CENTER,0,Acute Care Hospitals,Proprietary,No,GA,0.0,0.0,0.1666666666666666,0.3333333333333333,0.1428571428571428,0.1428571428571428
110200,PIEDMONT COLUMBUS REGIONAL NORTHSIDE,1,Acute Care Hospitals,Proprietary,No,GA,0.0,0.0,0.1666666666666666,0.0,0.2857142857142857,0.0
110201,PIEDMONT MACON NORTH HOSPITAL,1,Acute Care Hospitals,Proprietary,Yes,GA,0.0,0.0,0.0,0.0,0.2,0.0
110215,PIEDMONT FAYETTE HOSPITAL,0,Acute Care Hospitals,Voluntary non-profit - Private,Yes,GA,0.1428571428571428,0.0,0.375,0.0,0.1,0.1
110225,PIEDMONT MOUNTAINSIDE HOSPITAL INC,1,Acute Care Hospitals,Voluntary non-profit - Other,No,GA,0.2,0.0,0.25,0.0,0.1666666666666666,0.1666666666666666
110226,EMORY HILLANDALE HOSPITAL,0,Acute Care Hospitals,Government - Hospital District or Authority,Yes,GA,0.0,0.0,0.1666666666666666,0.0,0.0,0.4
110229,"PIEDMONT NEWNAN HOSPITAL, INC",1,Acute Care Hospitals,Voluntary non-profit - Private,Yes,GA,0.0,0.0,0.1428571428571428,0.0,0.125,0.0
110230,EMORY JOHNS CREEK HOSPITAL,1,Acute Care Hospitals,Proprietary,Yes,GA,0.2857142857142857,0.0,0.1428571428571428,0.0,0.25,0.0
110233,"SOUTHEASTERN REGIONAL MEDICAL CENTER, INC",1,Acute Care Hospitals,Proprietary,No,GA,0.0,0.0,0.0,0.0,0.2,0.0
110236,COMMONSPIRIT-MEMORIAL HOSPITAL-NORTH GEORGIA,0,Acute Care Hospitals,Voluntary non-profit - Private,Yes,GA,0.0,0.0,,,0.0,0.25
110237,NORTHEAST GEORGIA MEDICAL CENTER LUMPKIN,1,Acute Care Hospitals,Voluntary non-profit - Other,Yes,GA,0.0,0.0,0.0,0.0,0.0,0.0
110252,NORTHSIDE HOSPITAL DULUTH,1,Acute Care Hospitals,Voluntary non-profit - Private,Yes,GA,0.0,0.0,0.2,0.0,0.0,0.1666666666666666
11029F,DECATUR (ATLANTA) VA MEDICAL CENTER,0,Acute Care - Veterans Administration,Veterans Health Administration,Yes,GA,0.6,0.0,0.0,0.0,0.1666666666666666,0.1666666666666666
11030F,AUGUSTA VA MEDICAL CENTER,1,Acute Care - Veterans Administration,Veterans Health Administration,Yes,GA,0.4,0.0,0.0,0.0,0.0,0.0
111310,ATRIUM HEALTH NAVICENT PEACH,0,Critical Access Hospitals,Voluntary non-profit - Private,Yes,GA,0.0,0.0,0.0,0.0,0.0,0.0
111329,ST MARYS GOOD SAMARITAN HOSPITAL,1,Critical Access Hospitals,Proprietary,Yes,GA,0.0,0.0,0.0,0.0,0.0,0.1666666666666666
120001,THE QUEENS MEDICAL CENTER,0,Acute Care Hospitals,Voluntary non-profit - Private,Yes,HI,0.125,0.0,0.375,0.25,0.0,0.1818181818181818
120002,MAUI MEMORIAL MEDICAL CENTER,0,Acute Care Hospitals,Government - State,No,HI,0.0,0.2857142857142857,0.1666666666666666,0.0,0.1111111111111111,0.2222222222222222
120005,HILO BENIOFF MEDICAL CENTER,0,Acute Care Hospitals,Government - State,Yes,HI,0.0,0.0,0.3333333333333333,0.0,0.0,0.3333333333333333
120006,ADVENTIST HEALTH CASTLE,1,Acute Care Hospitals,Voluntary non-profit - Church,Yes,HI,0.0,0.0,0.1428571428571428,0.0,0.1,0.1
120007,KUAKINI MEDICAL CENTER,1,Acute Care Hospitals,Voluntary non-profit - Private,Yes,HI,0.2,0.0,0.1428571428571428,0.0,0.125,0.125
120011,KAISER FOUNDATION HOSPITAL,1,Acute Care Hospitals,Voluntary non-profit - Private,Yes,HI,0.0,0.0,0.0,0.0,0.0,0.2
120014,WILCOX MEMORIAL HOSPITAL,0,Acute Care Hospitals,Government - Federal,Yes,HI,0.0,0.0,0.25,0.0,0.1428571428571428,0.1428571428571428
120019,KONA COMMUNITY HOSPITAL,0,Acute Care Hospitals,Government - State,Yes,HI,0.0,0.2,0.0,0.0,0.0,0.0
120022,STRAUB CLINIC AND HOSPITAL,1,Acute Care Hospitals,Proprietary,Yes,HI,0.0,0.0,0.1428571428571428,0.1428571428571428,0.1818181818181818,0.1818181818181818
120026,PALI MOMI MEDICAL CENTER,1,Acute Care Hospitals,Proprietary,Yes,HI,0.1428571428571428,0.0,0.1666666666666666,0.0,0.0,0.2222222222222222
120028,"NORTH HAWAII COMMUNITY HOSPITAL, INC",0,Acute Care Hospitals,Voluntary non-profit - Private,Yes,HI,0.0,0.0,0.0,0.0,0.1428571428571428,0.0
130002,ST LUKES MAGIC VALLEY MEDICAL CENTER,1,Acute Care Hospitals,Voluntary non-profit - Private,Yes,ID,0.0,0.0,0.1666666666666666,0.0,0.2857142857142857,0.0
130003,ST JOSEPH REGIONAL MEDICAL CENTER,0,Acute Care Hospitals,Voluntary non-profit - Private,Yes,ID,0.0,0.0,0.0,0.0,0.1111111111111111,0.1111111111111111
130006,ST LUKE'S REGIONAL MEDICAL CENTER,1,Acute Care Hospitals,Voluntary non-profit - Private,Yes,ID,0.125,0.125,0.25,0.0,0.4545454545454545,0.0
130007,SAINT ALPHONSUS REGIONAL MEDICAL CENTER,0,Acute Care Hospitals,Voluntary non-profit - Church,Yes,ID,0.0,0.125,0.2857142857142857,0.0,0.2727272727272727,0.0
130013,SAINT ALPHONSUS MEDICAL CENTER - NAMPA,0,Acute Care Hospitals,Voluntary non-profit - Church,Yes,ID,0.0,0.0,0.1428571428571428,0.0,0.1,0.0
130014,WEST VALLEY MEDICAL CENTER,1,Acute Care Hospitals,Proprietary,Yes,ID,0.0,0.0,0.5,0.0,0.4,0.0
130018,EASTERN IDAHO REGIONAL MEDICAL CENTER,0,Acute Care Hospitals,Proprietary,Yes,ID,0.0,0.0,0.4285714285714285,0.0,0.2727272727272727,0.0
130028,PORTNEUF MEDICAL CENTER,1,Acute Care Hospitals,Proprietary,Yes,ID,0.0,0.0,0.1428571428571428,0.0,0.1818181818181818,0.1818181818181818
13003F,BOISE VA MEDICAL CENTER,1,Acute Care - Veterans Administration,Veterans Health Administration,Yes,ID,0.25,0.0,0.0,0.0,0.4,0.0
130049,KOOTENAI HEALTH,1,Acute Care Hospitals,Government - Hospital District or Authority,Yes,ID,0.0,0.125,0.5714285714285714,0.0,0.2727272727272727,0.0
130065,MOUNTAIN VIEW HOSPITAL,0,Acute Care Hospitals,Physician,Yes,ID,0.0,0.0,0.0,0.0,0.0,0.0
130071,ST LUKE'S NAMPA MEDICAL CENTER,1,Acute Care Hospitals,Voluntary non-profit - Private,Yes,ID,0.0,0.0,0.2,0.0,0.0,0.0
130074,"IDAHO FALLS COMMUNITY HOSPITAL, LLC",1,Acute Care Hospitals,Proprietary,Yes,ID,0.0,0.0,0.0,0.0,0.1666666666666666,0.0
131305,STEELE MEMORIAL MEDICAL CENTER,0,Critical Access Hospitals,Government - Local,Yes,ID,0.0,0.0,0.0,0.0,0.0,0.0
131311,ST LUKE'S ELMORE MEDICAL CENTER,1,Critical Access Hospitals,Voluntary non-profit - Private,Yes,ID,0.0,0.0,,,0.0,0.0
131314,SHOSHONE MEDICAL CENTER,0,Critical Access Hospitals,Government - Hospital District or Authority,Yes,ID,0.0,0.0,,,0.25,0.0
131320,CLEARWATER VALLEY HOSPITAL & CLINICS,0,Critical Access Hospitals,Voluntary non-profit - Private,Yes,ID,0.0,0.0,,,0.0,0.0
131322,FRANKLIN COUNTY MEDICAL CENTER,0,Critical Access Hospitals,Voluntary non-profit - Other,Yes,ID,0.0,0.0,,,0.25,0.25
131323,ST LUKE'S WOOD RIVER MEDICAL CENTER,1,Critical Access Hospitals,Voluntary non-profit - Private,Yes,ID,0.0,0.0,,,0.0,0.0
131326,CASSIA REGIONAL HOSPITAL,0,Critical Access Hospitals,Voluntary non-profit - Private,Yes,ID,0.0,0.0,0.0,0.0,0.0,0.0
131327,GRITMAN MEDICAL CENTER,0,Critical Access Hospitals,Voluntary non-profit - Private,Yes,ID,0.0,0.0,,,0.1428571428571428,0.0
131328,BONNER GENERAL HOSPITAL,0,Critical Access Hospitals,Voluntary non-profit - Private,Yes,ID,0.0,0.25,0.0,0.0,0.25,0.0
140001,GRAHAM HOSPITAL ASSOCIATION,0,Acute Care Hospitals,Voluntary non-profit - Private,Yes,IL,0.0,0.0,0.0,0.0,0.0,0.1428571428571428
140002,ALTON MEMORIAL HOSPITAL,1,Acute Care Hospitals,Voluntary non-profit - Private,Yes,IL,0.0,0.0,0.1428571428571428,0.0,0.0,0.2
140007,SAINT JOSEPH MEDICAL CENTER,0,Acute Care Hospitals,Voluntary non-profit - Church,Yes,IL,0.0,0.0,0.0,0.3333333333333333,0.0,0.4444444444444444
140008,LOYOLA GOTTLIEB MEMORIAL HOSPITAL,0,Acute Care Hospitals,Voluntary non-profit - Private,Yes,IL,0.0,0.0,0.4,0.0,0.0,0.4285714285714285
140010,NORTHSHORE UNIVERSITY HEALTHSYSTEM - EVANSTON HOSPITAL,1,Acute Care Hospitals,Voluntary non-profit - Other,Yes,IL,0.875,0.0,0.625,0.0,0.0909090909090909,0.3636363636363636
140011,HERRIN HOSPITAL,0,Acute Care Hospitals,Voluntary non-profit - Private,Yes,IL,0.0,0.0,0.0,0.0,0.0,0.4285714285714285
140012,OSF SAINT KATHARINE MEDICAL CENTER,0,Acute Care Hospitals,Voluntary non-profit - Private,Yes,IL,0.0,0.0,0.0,0.0,0.1428571428571428,0.0
140013,CARLE HEALTH PROCTOR HOSPITAL,0,Acute Care Hospitals,Voluntary non-profit - Private,Yes,IL,0.0,0.0,0.0,0.0,0.3333333333333333,0.0
140015,BLESSING HOSPITAL,1,Acute Care Hospitals,Voluntary non-profit - Private,Yes,IL,0.0,0.0,0.2857142857142857,0.0,0.0,0.0
140018,MT SINAI HOSPITAL MEDICAL CENTER,0,Acute Care Hospitals,Voluntary non-profit - Private,Yes,IL,0.0,0.0,0.1428571428571428,0.1428571428571428,0.0,0.1428571428571428
140029,COPLEY MEMORIAL HOSPITAL,1,Acute Care Hospitals,Voluntary non-profit - Private,Yes,IL,0.125,0.0,0.375,0.0,0.0,0.2727272727272727
140030,ADVOCATE SHERMAN HOSPITAL,1,Acute Care Hospitals,Voluntary non-profit - Private,Yes,IL,0.25,0.0,0.1666666666666666,0.0,0.0,0.0
140032,ST ANTHONYS MEMORIAL HOSPITAL,0,Acute Care Hospitals,Voluntary non-profit - Church,Yes,IL,0.0,0.0,0.0,0.0,0.0,0.3333333333333333
140034,SSM HEALTH ST MARY'S HOSPITAL -CENTRALIA,0,Acute Care Hospitals,Voluntary non-profit - Church,Yes,IL,0.0,0.0,0.0,0.0,0.1666666666666666,0.1666666666666666
14003F,JESSE BROWN VA MEDICAL CENTER - VA CHICAGO HEALTHCARE SYSTEM,1,Acute Care - Veterans Administration,Veterans Health Administration,Yes,IL,0.6,0.0,0.0,0.0,0.0,0.0
140043,CGH MEDICAL CENTER,0,Acute Care Hospitals,Government - Local,Yes,IL,0.0,0.1666666666666666,0.0,0.0,0.1,0.2
140046,GOOD SAMARITAN REGIONAL HLTH CENTER,1,Acute Care Hospitals,Voluntary non-profit - Private,Yes,IL,0.0,0.0,0.1428571428571428,0.0,0.0,0.3
140048,ADVOCATE TRINITY HOSPITAL,0,Acute Care Hospitals,Voluntary non-profit - Church,Yes,IL,0.2857142857142857,0.0,0.1428571428571428,0.0,0.0,0.3
140049,WEST SUBURBAN MEDICAL CENTER,0,Acute Care Hospitals,Voluntary non-profit - Other,No,IL,0.0,0.0,0.2,0.0,0.0,0.1666666666666666
140052,OSF SAINT ANTHONY'S HEALTH CENTER,1,Acute Care Hospitals,Voluntary non-profit - Church,No,IL,0.0,0.0,0.5,0.0,0.125,0.0
140053,ST JOHNS HOSPITAL,0,Acute Care Hospitals,Voluntary non-profit - Church,Yes,IL,0.0,0.0,0.5,0.1666666666666666,0.1,0.3
140054,MACNEAL  HOSPITAL,0,Acute Care Hospitals,Proprietary,Yes,IL,0.0,0.0,0.1666666666666666,0.0,0.0,0.3333333333333333
140059,JERSEY COMMUNITY HOSPITAL,0,Acute Care Hospitals,Government - Local,Yes,IL,0.0,0.25,0.0,0.0,0.0,0.0
140062,PALOS COMMUNITY HOSPITAL,1,Acute Care Hospitals,Voluntary non-profit - Private,Yes,IL,0.375,0.0,0.125,0.125,0.0,0.3636363636363636
140063,RUSH OAK PARK HOSPITAL,1,Acute Care Hospitals,Voluntary non-profit - Private,Yes,IL,0.3333333333333333,0.0,0.2,0.0,0.0,0.25
140064,ST MARY MEDICAL CENTER,0,Acute Care Hospitals,Voluntary non-profit - Church,Yes,IL,0.0,0.0,0.25,0.0,0.0,0.3333333333333333
140065,UCHICAGO MEDICINE ADVENTHEALTH LA GRANGE,1,Acute Care Hospitals,Voluntary non-profit - Church,Yes,IL,0.0,0.0,0.1428571428571428,0.0,0.5714285714285714,0.0
140067,SAINT FRANCIS MEDICAL CENTER,0,Acute Care Hospitals,Voluntary non-profit - Private,Yes,IL,0.125,0.125,0.25,0.125,0.0,0.3636363636363636
140068,ROSELAND COMMUNITY HOSPITAL,0,Acute Care Hospitals,Voluntary non-profit - Private,Yes,IL,0.0,0.0,0.0,0.0,0.0,0.25
14007F,HINES VA MEDICAL CENTER,0,Acute Care - Veterans Administration,Veterans Health Administration,Yes,IL,0.4,0.0,0.0,0.25,0.0,0.3333333333333333
140080,SAINT FRANCIS HOSPITAL-EVANSTON,0,Acute Care Hospitals,Voluntary non-profit - Church,Yes,IL,0.0,0.0,0.0,0.0,0.0,0.3333333333333333
140082,LOUIS A WEISS MEMORIAL HOSPITAL,0,Acute Care Hospitals,Proprietary,Yes,IL,0.0,0.0,0.0,0.0,0.0,0.0
140084,VISTA MEDICAL CENTER EAST,0,Acute Care Hospitals,Proprietary,Yes,IL,0.0,0.0,0.25,0.0,0.1428571428571428,0.1428571428571428
140088,THE UNIVERSITY OF CHICAGO MEDICAL CENTER,1,Acute Care Hospitals,Voluntary non-profit - Private,Yes,IL,0.25,0.0,0.5714285714285714,0.0,0.1,0.5
140089,MC DONOUGH DISTRICT HOSPITAL,0,Acute Care Hospitals,Government - Hospital District or Authority,Yes,IL,0.0,0.0,0.0,0.0,0.0,0.2
14008F,MARION IL VA MEDICAL CENTER,0,Acute Care - Veterans Administration,Veterans Health Administration,Yes,IL,0.0,0.0,0.0,0.0,0.0,0.75
140091,CARLE FOUNDATION HOSPITAL,0,Acute Care Hospitals,Voluntary non-profit - Private,Yes,IL,0.0,0.0,0.2857142857142857,0.1428571428571428,0.0909090909090909,0.2727272727272727
140093,OSF SACRED HEART MEDICAL CENTER,0,Acute Care Hospitals,Voluntary non-profit - Church,Yes,IL,0.0,0.0,0.0,0.0,0.0,0.125
140095,SAINT ANTHONY HOSPITAL,0,Acute Care Hospitals,Voluntary non-profit - Private,Yes,IL,0.0,0.0,0.3333333333333333,0.0,0.0,0.0
140100,"MIDWESTERN REGION MED CENTER, INC",1,Acute Care Hospitals,Proprietary,Yes,IL,0.0,0.0,0.0,0.0,0.0,0.2
140101,MORRIS HOSPITAL & HEALTHCARE CENTERS,1,Acute Care Hospitals,Voluntary non-profit - Private,Yes,IL,0.0,0.0,0.2,0.0,0.125,0.25
140103,ST BERNARD HOSPITAL,0,Acute Care Hospitals,Voluntary non-profit - Church,Yes,IL,0.0,0.0,0.0,0.0,0.0,0.25
140110,OSF SAINT ELIZABETH MDL CTR,0,Acute Care Hospitals,Voluntary non-profit - Private,Yes,IL,0.0,0.0,0.25,0.0,0.125,0.0
140113,OSF HEART OF MARY MEDICAL CENTER,0,Acute Care Hospitals,Voluntary non-profit - Church,Yes,IL,0.0,0.0,0.0,0.0,0.0,0.125
140114,SWEDISH HOSPITAL,0,Acute Care Hospitals,Voluntary non-profit - Church,Yes,IL,0.0,0.0,0.1666666666666666,0.0,0.2222222222222222,0.2222222222222222
140116,NORTHWESTERN MEDICINE MCHENRY,1,Acute Care Hospitals,Voluntary non-profit - Other,Yes,IL,0.5,0.0,0.2857142857142857,0.0,0.0,0.0
140117,AMITA HEALTH RESURRECTION MEDICAL CENTER,0,Acute Care Hospitals,Voluntary non-profit - Church,Yes,IL,0.0,0.0,0.0,0.0,0.0909090909090909,0.0909090909090909
140119,RUSH UNIVERSITY MEDICAL CENTER,1,Acute Care Hospitals,Voluntary non-profit - Private,Yes,IL,0.375,0.0,0.5,0.0,0.0909090909090909,0.2727272727272727
140120,CARLE HEALTH PEKIN HOSPITAL,0,Acute Care Hospitals,Voluntary non-profit - Private,Yes,IL,0.0,0.0,0.0,0.0,0.1666666666666666,0.0
140122,UCHICAGO MEDICINE ADVENTHEALTH HINSDALE,1,Acute Care Hospitals,Voluntary non-profit - Private,Yes,IL,0.125,0.0,0.1428571428571428,0.0,0.2,0.1
140124,JOHN H STROGER JR HOSPITAL,0,Acute Care Hospitals,Government - Local,Yes,IL,0.0,0.0,0.1428571428571428,0.0,0.0,0.125
140125,GATEWAY REGIONAL MEDICAL CENTER,0,Acute Care Hospitals,Voluntary non-profit - Other,Yes,IL,0.0,0.0,0.0,0.0,0.2,0.0
140127,CARLE BROMENN MEDICAL CENTER,0,Acute Care Hospitals,Voluntary non-profit - Church,Yes,IL,0.0,0.0,0.1428571428571428,0.0,0.1111111111111111,0.1111111111111111
140130,NORTHWESTERN LAKE FOREST HOSPITAL,1,Acute Care Hospitals,Voluntary non-profit - Other,Yes,IL,0.5714285714285714,0.0,0.1428571428571428,0.0,0.2,0.2
140133,HOLY CROSS HOSPITAL,0,Acute Care Hospitals,Voluntary non-profit - Private,Yes,IL,0.2,0.0,0.2,0.0,0.0,0.2
140135,DECATUR MEMORIAL HOSPITAL,0,Acute Care Hospitals,Voluntary non-profit - Other,Yes,IL,0.0,0.0,0.3333333333333333,0.0,0.1111111111111111,0.2222222222222222
140137,HSHS HOLY FAMILY HOSPITAL INC,0,Acute Care Hospitals,Voluntary non-profit - Church,Yes,IL,0.0,0.0,,,0.0,0.25
140145,ST JOSEPHS HOSPITAL,1,Acute Care Hospitals,Voluntary non-profit - Church,Yes,IL,0.2,0.0,0.0,0.0,0.0,0.0
140148,MEMORIAL MEDICAL CENTER,0,Acute Care Hospitals,Voluntary non-profit - Private,Yes,IL,0.0,0.0,0.25,0.125,0.1,0.2
140150,UNIVERSITY OF ILLINOIS HOSPITAL AND CLINICS,1,Acute Care Hospitals,Government - State,Yes,IL,0.2857142857142857,0.0,0.25,0.0,0.0,0.0
140155,PRESENCE ST MARYS HOSPITAL,1,Acute Care Hospitals,Voluntary non-profit - Church,Yes,IL,0.0,0.0,0.0,0.0,0.1,0.1
140158,INSIGHT HOSPITAL AND MEDICAL CENTER CHICAGO,0,Acute Care Hospitals,Voluntary non-profit - Private,Yes,IL,0.0,0.0,0.0,0.0,0.0,0.25
140160,FHN MEMORIAL HOSPITAL,0,Acute Care Hospitals,Voluntary non-profit - Private,Yes,IL,0.0,0.0,0.0,0.0,0.125,0.0
140161,SAINT JAMES HOSPITAL,1,Acute Care Hospitals,Voluntary non-profit - Church,No,IL,0.0,0.0,0.0,0.0,0.1666666666666666,0.0
140162,ST JOSEPH MEDICAL CENTER,0,Acute Care Hospitals,Voluntary non-profit - Church,Yes,IL,0.0,0.125,0.1428571428571428,0.0,0.0,0.25
140164,MEMORIAL HOSPITAL OF CARBONDALE,0,Acute Care Hospitals,Voluntary non-profit - Private,Yes,IL,0.0,0.125,0.1666666666666666,0.0,0.0,0.2
140166,ST MARYS HOSPITAL,0,Acute Care Hospitals,Voluntary non-profit - Private,Yes,IL,0.0,0.0,0.0,0.3333333333333333,0.0,0.2222222222222222
140172,FRANCISCAN HEALTH OLYMPIA & CHICAGO HEIGHTS,0,Acute Care Hospitals,Voluntary non-profit - Church,Yes,IL,0.1428571428571428,0.0,0.1428571428571428,0.0,0.0,0.2
140174,PRESENCE MERCY MEDICAL CENTER,0,Acute Care Hospitals,Voluntary non-profit - Private,Yes,IL,0.0,0.0,0.0,0.0,0.2222222222222222,0.1111111111111111
140177,JACKSON PARK HOSPITAL,0,Acute Care Hospitals,Voluntary non-profit - Private,Yes,IL,0.0,0.0,0.0,0.0,0.0,0.3333333333333333
140179,OSF LITTLE COMPANY OF MARY MEDICAL CENTER,0,Acute Care Hospitals,Voluntary non-profit - Other,Yes,IL,0.2857142857142857,0.0,0.1666666666666666,0.0,0.0,0.4444444444444444
140180,PRESENCE SAINTS MARY AND ELIZABETH MEDICAL CENTER,0,Acute Care Hospitals,Voluntary non-profit - Church,Yes,IL,0.0,0.0,0.25,0.0,0.0,0.0
140182,ADVOCATE ILLINOIS MASONIC MEDICAL CENTER,0,Acute Care Hospitals,Voluntary non-profit - Private,Yes,IL,0.1428571428571428,0.0,0.1428571428571428,0.1428571428571428,0.0,0.3333333333333333
140184,HEARTLAND REGIONAL MEDICAL CENTER,0,Acute Care Hospitals,Proprietary,Yes,IL,0.0,0.0,0.0,0.0,0.1428571428571428,0.2857142857142857
140185,MEMORIAL HOSPITAL,1,Acute Care Hospitals,Voluntary non-profit - Private,Yes,IL,0.25,0.0,0.2857142857142857,0.0,0.0909090909090909,0.0909090909090909
140186,RIVERSIDE MEDICAL CENTER,1,Acute Care Hospitals,Voluntary non-profit - Private,Yes,IL,0.0,0.0,0.3333333333333333,0.0,0.0,0.0
140187,HSHS ST ELIZABETH'S HOSPITAL,1,Acute Care Hospitals,Voluntary non-profit - Church,Yes,IL,0.0,0.0,0.2857142857142857,0.0,0.0909090909090909,0.1818181818181818
140189,SARAH BUSH LINCOLN HEALTH CENTER,0,Acute Care Hospitals,Voluntary non-profit - Private,Yes,IL,0.0,0.0,0.1428571428571428,0.0,0.1,0.2
140191,INGALLS MEMORIAL HOSPITAL,0,Acute Care Hospitals,Physician,Yes,IL,0.1428571428571428,0.0,0.1428571428571428,0.0,0.0,0.2222222222222222
140200,ELMHURST MEMORIAL HOSPITAL,0,Acute Care Hospitals,Proprietary,Yes,IL,0.125,0.0,0.375,0.0,0.0,0.3636363636363636
140202,ADVOCATE CONDELL MEDICAL CENTER,1,Acute Care Hospitals,Voluntary non-profit - Private,Yes,IL,0.25,0.0,0.1428571428571428,0.0,0.1111111111111111,0.1111111111111111
140206,HUMBOLDT PARK HEALTH,0,Acute Care Hospitals,Voluntary non-profit - Private,Yes,IL,0.0,0.0,0.0,0.0,0.0,0.4
140208,ADVOCATE CHRIST HOSPITAL & MEDICAL CENTER,0,Acute Care Hospitals,Voluntary non-profit - Church,Yes,IL,0.5,0.0,0.25,0.125,0.0,0.1818181818181818
140209,CARLE HEALTH METHODIST HOSPITAL,0,Acute Care Hospitals,Voluntary non-profit - Private,Yes,IL,0.0,0.0,0.3333333333333333,0.0,0.0,0.125
140210,HARRISBURG MEDICAL CENTER,0,Acute Care Hospitals,Voluntary non-profit - Other,Yes,IL,0.0,0.0,0.0,0.0,0.0,0.0
140211,NORTHWESTERN MEDICINE DELNOR COMMUNITY HOSPITAL,1,Acute Care Hospitals,Voluntary non-profit - Private,Yes,IL,0.2857142857142857,0.0,0.2857142857142857,0.0,0.1,0.1
140213,SILVER CROSS HOSPITAL  AND MEDICAL CENTERS,1,Acute Care Hospitals,Voluntary non-profit - Private,Yes,IL,0.0,0.0,0.125,0.0,0.1111111111111111,0.1111111111111111
140217,SAINT JOSEPH HOSPITAL-ELGIN,1,Acute Care Hospitals,Voluntary non-profit - Church,Yes,IL,0.0,0.0,0.0,0.0,0.1428571428571428,0.0
140223,ADVOCATE LUTHERAN GENERAL HOSPITAL,1,Acute Care Hospitals,Voluntary non-profit - Church,Yes,IL,0.625,0.0,0.375,0.0,0.0,0.0909090909090909
140224,PRESENCE SAINT JOSEPH HOSPITAL - CHICAGO,1,Acute Care Hospitals,Voluntary non-profit - Church,Yes,IL,0.0,0.0,0.0,0.0,0.0,0.1428571428571428
140228,UW HEALTH,0,Acute Care Hospitals,Voluntary non-profit - Private,Yes,IL,0.0,0.0,0.2857142857142857,0.0,0.1,0.3
140231,EDWARD HOSPITAL,0,Acute Care Hospitals,Voluntary non-profit - Private,Yes,IL,0.0,0.0,0.375,0.0,0.0,0.4545454545454545
140233,SAINT ANTHONY MEDICAL CENTER,0,Acute Care Hospitals,Voluntary non-profit - Church,Yes,IL,0.0,0.125,0.2857142857142857,0.0,0.0,0.2727272727272727
140239,JAVON BEA HOSPITAL,0,Acute Care Hospitals,Voluntary non-profit - Private,Yes,IL,0.0,0.0,0.3333333333333333,0.0,0.1,0.0
140242,NORTHWESTERN MEDICINE CENTRAL DUPAGE HOSPITAL,1,Acute Care Hospitals,Voluntary non-profit - Private,Yes,IL,0.375,0.0,0.375,0.0,0.0909090909090909,0.2727272727272727
140251,COMMUNITY FIRST MEDICAL CENTER,0,Acute Care Hospitals,Proprietary,Yes,IL,0.0,0.0,0.2,0.0,0.0,0.1428571428571428
140252,NORTHWEST COMMUNITY HOSPITAL 1,1,Acute Care Hospitals,Voluntary non-profit - Private,Yes,IL,0.0,0.0,0.375,0.0,0.1818181818181818,0.0909090909090909
140258,ALEXIAN BROTHERS MEDICAL CENTER 1,0,Acute Care Hospitals,Voluntary non-profit - Private,Yes,IL,0.125,0.0,0.1428571428571428,0.0,0.0,0.1818181818181818
140275,GENESIS HLTH SYSTEM DBA GENESIS MDL CTR-ILLINI,0,Acute Care Hospitals,Government - Local,Yes,IL,0.0,0.0,0.0,0.0,0.1111111111111111,0.0
140276,LOYOLA UNIVERSITY MEDICAL CENTER,0,Acute Care Hospitals,Voluntary non-profit - Private,Yes,IL,0.125,0.0,0.25,0.125,0.0,0.3636363636363636
140280,TRINITY ROCK ISLAND,0,Acute Care Hospitals,Voluntary non-profit - Private,Yes,IL,0.0,0.0,0.1428571428571428,0.0,0.0909090909090909,0.0909090909090909
140281,NORTHWESTERN MEMORIAL HOSPITAL,1,Acute Care Hospitals,Voluntary non-profit - Private,Yes,IL,0.5,0.0,0.625,0.0,0.0,0.2727272727272727
140286,NORTHWESTERN MEDICINE KISHWAUKEE HOSPITAL,1,Acute Care Hospitals,Voluntary non-profit - Private,Yes,IL,0.4285714285714285,0.0,0.1666666666666666,0.0,0.2222222222222222,0.0
140288,ADVOCATE GOOD SAMARITAN HOSPITAL,1,Acute Care Hospitals,Voluntary non-profit - Private,Yes,IL,0.25,0.0,0.125,0.0,0.0,0.0
140289,ANDERSON HOSPITAL,0,Acute Care Hospitals,Voluntary non-profit - Private,Yes,IL,0.0,0.3333333333333333,0.25,0.0,0.0,0.1
140290,ST ALEXIUS MEDICAL CENTER,1,Acute Care Hospitals,Voluntary non-profit - Church,Yes,IL,0.2857142857142857,0.0,0.1666666666666666,0.0,0.2,0.1
140291,ADVOCATE GOOD SHEPHERD HOSPITAL,1,Acute Care Hospitals,Voluntary non-profit - Private,Yes,IL,0.375,0.0,0.1428571428571428,0.0,0.1111111111111111,0.1111111111111111
140292,UCHICAGO MEDICINE ADVENTHEALTH GLENOAKS,0,Acute Care Hospitals,Voluntary non-profit - Other,Yes,IL,0.0,0.0,0.0,0.0,0.0,0.1666666666666666
140304,UCHICAGO MEDICINE ADVENTHEALTH BOLINGBROOK,0,Acute Care Hospitals,Voluntary non-profit - Private,Yes,IL,0.0,0.0,0.0,0.0,0.0,0.125
14034F,NORTH CHICAGO VA MEDICAL CENTER,1,Acute Care - Veterans Administration,Veterans Health Administration,Yes,IL,0.6666666666666666,0.0,0.0,0.0,0.0,0.25
141305,MEMORIAL HOSPITAL,1,Critical Access Hospitals,Voluntary non-profit - Private,Yes,IL,0.0,0.0,0.0,0.0,0.0,0.1666666666666666
141310,OSF SAINT PAUL MEDICAL CENTER,0,Critical Access Hospitals,Voluntary non-profit - Church,Yes,IL,0.0,0.0,0.0,0.0,0.2,0.2
141311,FAIRFIELD MEMORIAL HOSPITAL 1,0,Critical Access Hospitals,Voluntary non-profit - Private,Yes,IL,0.0,0.0,0.0,0.0,0.1666666666666666,0.1666666666666666
141315,ILLINI COMMUNITY HOSPITAL,0,Critical Access Hospitals,Voluntary non-profit - Private,Yes,IL,0.0,0.0,,,0.2,0.0
141317,GIBSON COMMUNITY HOSPITAL,1,Critical Access Hospitals,Voluntary non-profit - Private,Yes,IL,0.0,0.0,0.0,0.0,0.1428571428571428,0.0
141318,OSF HOLY FAMILY MEDICAL CENTER,1,Critical Access Hospitals,Voluntary non-profit - Church,Yes,IL,0.0,0.0,,,0.0,0.0
141320,PARIS COMMUNITY HOSPITAL,0,Critical Access Hospitals,Voluntary non-profit - Private,Yes,IL,0.0,0.0,0.0,0.0,0.0,0.1428571428571428
141322,ABRAHAM LINCOLN MEMORIAL HOSPITAL,1,Critical Access Hospitals,Voluntary non-profit - Private,Yes,IL,0.0,0.0,0.0,0.0,0.1666666666666666,0.0
141323,MASSAC MEMORIAL HOSPITAL,0,Critical Access Hospitals,Government - Hospital District or Authority,Yes,IL,0.0,0.0,,,0.2,0.2
141324,FERRELL HOSPITAL COMMUNITY FOUNDATIONS,0,Critical Access Hospitals,Voluntary non-profit - Private,Yes,IL,0.0,0.5,0.0,0.0,0.0,0.0
141325,OSF SAINT LUKE MEDICAL CENTER,1,Critical Access Hospitals,Voluntary non-profit - Private,Yes,IL,0.0,0.0,,,0.25,0.0
141326,HAMILTON MEMORIAL HOSPITAL,0,Critical Access Hospitals,Government - Hospital District or Authority,Yes,IL,0.0,0.0,,,0.0,0.0
141328,HARDIN COUNTY GENERAL HOSPITAL & CLINIC,0,Critical Access Hospitals,Voluntary non-profit - Private,Yes,IL,0.0,0.0,,,0.0,0.0
141336,ST JOSEPH'S HOSPITAL,0,Critical Access Hospitals,Voluntary non-profit - Church,Yes,IL,0.0,0.0,0.0,0.0,0.0,0.0
141337,OSF SAINT CLARE MEDICAL CENTER,0,Critical Access Hospitals,Voluntary non-profit - Church,Yes,IL,0.0,0.0,,,0.0,0.1666666666666666
141339,TAYLORVILLE MEMORIAL HOSPITAL,0,Critical Access Hospitals,Voluntary non-profit - Private,Yes,IL,0.0,0.25,0.0,0.0,0.0,0.3333333333333333
141340,VALLEY WEST COMMUNITY HOSPITAL,1,Critical Access Hospitals,Voluntary non-profit - Private,Yes,IL,0.0,0.0,0.0,0.0,0.0,0.0
141341,PANA COMMUNITY HOSPITAL,1,Critical Access Hospitals,Voluntary non-profit - Private,Yes,IL,0.0,0.0,,,0.3333333333333333,0.0
141343,CRAWFORD MEMORIAL HOSPITAL,1,Critical Access Hospitals,Government - Hospital District or Authority,Yes,IL,0.0,0.0,0.0,0.0,0.25,0.0
141345,SALEM TOWNSHIP HOSPITAL,1,Critical Access Hospitals,Government - Local,Yes,IL,0.0,0.0,0.0,0.0,0.0,0.0
141347,CARLINVILLE AREA HOSPITAL,0,Critical Access Hospitals,Voluntary non-profit - Private,Yes,IL,0.0,0.0,0.0,0.0,0.3333333333333333,0.0
141348,RED BUD REGIONAL HOSPITAL,1,Critical Access Hospitals,Proprietary,Yes,IL,0.0,0.0,0.0,0.0,0.0,0.25
141349,SPARTA COMMUNITY HOSPITAL,0,Critical Access Hospitals,Government - Hospital District or Authority,Yes,IL,0.0,0.0,,,0.25,0.0
141350,ST FRANCIS HOSPITAL,0,Critical Access Hospitals,Voluntary non-profit - Church,Yes,IL,0.0,0.0,,,0.0,0.1428571428571428
141351,CLAY COUNTY HOSPITAL,0,Critical Access Hospitals,Government - Local,Yes,IL,0.0,0.0,,,0.0,0.25
141355,CARLE RICHLAND MEMORIAL HOSPITAL,0,Critical Access Hospitals,Voluntary non-profit - Private,Yes,IL,0.0,0.0,,,0.25,0.0
150001,JOHNSON MEMORIAL HOSPITAL,1,Acute Care Hospitals,Government - Local,Yes,IN,0.0,0.0,0.3333333333333333,0.0,0.0,0.0
150002,METHODIST HOSPITALS INC,0,Acute Care Hospitals,Voluntary non-profit - Private,Yes,IN,0.0,0.0,0.2857142857142857,0.1428571428571428,0.0,0.3333333333333333
150005,HENDRICKS REGIONAL HEALTH,1,Acute Care Hospitals,Government - Local,Yes,IN,0.0,0.0,0.1428571428571428,0.0,0.1,0.0
150006,NORTHWEST HEALTH-LA PORTE,0,Acute Care Hospitals,Voluntary non-profit - Private,Yes,IN,0.0,0.1428571428571428,0.0,0.0,0.0,0.2222222222222222
150007,COMMUNITY HOWARD REGIONAL HEALTH INC.,1,Acute Care Hospitals,Voluntary non-profit - Private,Yes,IN,0.0,0.1666666666666666,0.0,0.0,0.1,0.0
150008,ST CATHERINE HOSPITAL INC,1,Acute Care Hospitals,Voluntary non-profit - Private,Yes,IN,0.0,0.0,0.1666666666666666,0.0,0.125,0.0
150009,NORTON CLARK HOSPITAL,0,Acute Care Hospitals,Voluntary non-profit - Other,Yes,IN,0.0,0.0,0.1428571428571428,0.0,0.2857142857142857,0.0
150010,ASCENSION ST VINCENT KOKOMO,1,Acute Care Hospitals,Voluntary non-profit - Church,Yes,IN,0.0,0.0,0.0,0.0,0.1111111111111111,0.1111111111111111
150011,MARION GENERAL HOSPITAL,0,Acute Care Hospitals,Voluntary non-profit - Private,Yes,IN,0.0,0.0,0.0,0.0,0.25,0.0
150012,SAINT JOSEPH REGIONAL MEDICAL CENTER,0,Acute Care Hospitals,Voluntary non-profit - Private,Yes,IN,0.0,0.25,0.2857142857142857,0.0,0.0,0.1
150015,FRANCISCAN HEALTH MICHIGAN CITY,0,Acute Care Hospitals,Voluntary non-profit - Church,Yes,IN,0.0,0.0,0.0,0.0,0.0,0.2
150017,LUTHERAN HOSPITAL OF INDIANA,0,Acute Care Hospitals,Proprietary,Yes,IN,0.0,0.0,0.5,0.0,0.0,0.125
150018,ELKHART GENERAL HOSPITAL,1,Acute Care Hospitals,Government - Local,Yes,IN,0.0,0.0,0.125,0.0,0.0909090909090909,0.0
150021,PARKVIEW REGIONAL MEDICAL CENTER,0,Acute Care Hospitals,Voluntary non-profit - Private,Yes,IN,0.0,0.125,0.5714285714285714,0.1428571428571428,0.1,0.0
150022,FRANCISCAN HEALTH CRAWFORDSVILLE,1,Acute Care Hospitals,Voluntary non-profit - Church,Yes,IN,0.0,0.0,0.5,0.0,0.0,0.0
150023,UNION HOSPITAL INC,0,Acute Care Hospitals,Voluntary non-profit - Private,Yes,IN,0.0,0.0,0.4285714285714285,0.0,0.1818181818181818,0.1818181818181818
150024,ESKENAZI HEALTH,0,Acute Care Hospitals,Government - Local,Yes,IN,0.0,0.0,0.3333333333333333,0.0,0.0,0.125
150026,GOSHEN HOSPITAL,0,Acute Care Hospitals,Voluntary non-profit - Private,Yes,IN,0.0,0.3333333333333333,0.0,0.0,0.1111111111111111,0.1111111111111111
150030,HENRY COUNTY MEMORIAL HOSPITAL,1,Acute Care Hospitals,Government - Local,Yes,IN,0.0,0.0,0.0,0.0,0.0,0.1428571428571428
150034,ST MARY MEDICAL CENTER INC,0,Acute Care Hospitals,Voluntary non-profit - Private,Yes,IN,0.0,0.125,0.25,0.0,0.0,0.0
150035,NORTHWEST HEALTH - PORTER,0,Acute Care Hospitals,Proprietary,Yes,IN,0.0,0.125,0.125,0.0,0.0,0.2727272727272727
150037,HANCOCK REGIONAL HOSPITAL,1,Acute Care Hospitals,Government - Local,Yes,IN,0.0,0.1666666666666666,0.0,0.0,0.0,0.1111111111111111
15003F,INDIANAPOLIS VA MEDICAL CENTER,0,Acute Care - Veterans Administration,Veterans Health Administration,Yes,IN,0.4,0.0,0.0,0.0,0.1666666666666666,0.1666666666666666
150042,GOOD SAMARITAN HOSPITAL,0,Acute Care Hospitals,Voluntary non-profit - Other,Yes,IN,0.0,0.1428571428571428,0.0,0.0,0.0,0.1
150044,BAPTIST HEALTH FLOYD,0,Acute Care Hospitals,Voluntary non-profit - Private,Yes,IN,0.0,0.0,0.0,0.0,0.0,0.1111111111111111
150045,PARKVIEW DEKALB HOSPITAL,0,Acute Care Hospitals,Voluntary non-profit - Private,Yes,IN,0.0,0.0,0.0,0.0,0.0,0.0
150046,TERRE HAUTE REGIONAL HOSPITAL,0,Acute Care Hospitals,Proprietary,Yes,IN,0.0,0.0,0.0,0.0,0.0,0.1
150047,"ST JOSEPH HEALTH SYSTEM, LLC",1,Acute Care Hospitals,Proprietary,Yes,IN,0.0,0.0,0.0,0.0,0.0,0.25
150048,REID HEALTH,0,Acute Care Hospitals,Voluntary non-profit - Private,Yes,IN,0.0,0.25,0.1428571428571428,0.0,0.0909090909090909,0.0909090909090909
15004F,VA N. INDIANA HEALTHCARE SYSTEM,1,Acute Care - Veterans Administration,Veterans Health Administration,Yes,IN,0.0,0.0,,,0.5,0.0
150051,INDIANA UNIVERSITY HEALTH BLOOMINGTON HOSPITAL,0,Acute Care Hospitals,Voluntary non-profit - Private,Yes,IN,0.0,0.0,0.125,0.125,0.3636363636363636,0.0
150056,INDIANA UNIVERSITY HEALTH,0,Acute Care Hospitals,Voluntary non-profit - Private,Yes,IN,0.125,0.0,0.375,0.0,0.1818181818181818,0.0909090909090909
150057,FRANCISCAN HEALTH MOORESVILLE,1,Acute Care Hospitals,Voluntary non-profit - Church,Yes,IN,0.0,0.0,0.25,0.0,0.0,0.0
150058,MEMORIAL HOSPITAL OF SOUTH BEND,0,Acute Care Hospitals,Voluntary non-profit - Private,Yes,IN,0.0,0.125,0.2857142857142857,0.1428571428571428,0.0909090909090909,0.0909090909090909
150059,RIVERVIEW HEALTH,1,Acute Care Hospitals,Government - Local,Yes,IN,0.0,0.0,0.2,0.0,0.1111111111111111,0.1111111111111111
150061,DAVIESS COMMUNITY HOSPITAL,0,Acute Care Hospitals,Government - Local,Yes,IN,0.0,0.0,0.0,0.0,0.125,0.0
150065,SCHNECK MEDICAL CENTER,1,Acute Care Hospitals,Government - Local,Yes,IN,0.0,0.2,0.0,0.0,0.125,0.0
150069,NORTON-KING'S DAUGHTERS' HEALTH,0,Acute Care Hospitals,Voluntary non-profit - Private,Yes,IN,0.0,0.0,0.0,0.0,0.0,0.125
150072,MEMORIAL HOSPITAL,1,Acute Care Hospitals,Government - Local,Yes,IN,0.0,0.0,0.0,0.0,0.125,0.0
150074,COMMUNITY HOSPITAL EAST,0,Acute Care Hospitals,Voluntary non-profit - Private,Yes,IN,0.0,0.25,0.1428571428571428,0.0,0.0909090909090909,0.1818181818181818
150075,BLUFFTON REGIONAL MEDICAL CENTER,1,Acute Care Hospitals,Proprietary,Yes,IN,0.0,0.0,0.0,0.0,0.2,0.0
150076,SAINT JOSEPH REGIONAL MEDICAL CENTER - PLYMOUTH,1,Acute Care Hospitals,Voluntary non-profit - Church,Yes,IN,0.0,0.0,0.0,0.0,0.25,0.0
150082,DEACONESS HOSPITAL INC,0,Acute Care Hospitals,Voluntary non-profit - Private,Yes,IN,0.0,0.125,0.5714285714285714,0.0,0.0,0.2727272727272727
150084,ASCENSION ST VINCENT HOSPITAL,0,Acute Care Hospitals,Voluntary non-profit - Church,Yes,IN,0.0,0.125,0.2857142857142857,0.0,0.0909090909090909,0.1818181818181818
150086,ST ELIZABETH DEARBORN HOSPITAL,1,Acute Care Hospitals,Government - Local,Yes,IN,0.1666666666666666,0.0,0.0,0.0,0.0,0.0
150088,ASCENSION ST VINCENT ANDERSON,0,Acute Care Hospitals,Voluntary non-profit - Private,Yes,IN,0.0,0.0,0.0,0.0,0.0,0.2222222222222222
150089,INDIANA UNIVERSITY HEALTH BALL MEMORIAL HOSPITAL,0,Acute Care Hospitals,Voluntary non-profit - Private,Yes,IN,0.0,0.0,0.2857142857142857,0.0,0.0909090909090909,0.2727272727272727
150090,FRANCISCAN HEALTH DYER,0,Acute Care Hospitals,Voluntary non-profit - Church,Yes,IN,0.0,0.0,0.1428571428571428,0.1428571428571428,0.0,0.3333333333333333
150091,PARKVIEW HUNTINGTON HOSPITAL,1,Acute Care Hospitals,Voluntary non-profit - Private,Yes,IN,0.0,0.0,0.0,0.0,0.1666666666666666,0.1666666666666666
150097,MAJOR HOSPITAL,1,Acute Care Hospitals,Government - Local,Yes,IN,0.0,0.0,0.0,0.0,0.125,0.0
150100,ASCENSION ST VINCENT EVANSVILLE,1,Acute Care Hospitals,Voluntary non-profit - Private,Yes,IN,0.0,0.0,0.1428571428571428,0.0,0.0909090909090909,0.0909090909090909
150101,PARKVIEW WHITLEY HOSPITAL,1,Acute Care Hospitals,Voluntary non-profit - Private,Yes,IN,0.0,0.0,0.0,0.0,0.25,0.0
150102,NORTHWEST HEALTH - STARKE,0,Acute Care Hospitals,Proprietary,Yes,IN,0.0,0.0,,,0.0,0.4
150104,WITHAM HEALTH SERVICES,1,Acute Care Hospitals,Government - Local,Yes,IN,0.0,0.0,0.0,0.0,0.1111111111111111,0.1111111111111111
150109,FRANCISCAN HEALTH LAFAYETTE,0,Acute Care Hospitals,Voluntary non-profit - Church,Yes,IN,0.0,0.125,0.1428571428571428,0.0,0.1818181818181818,0.0909090909090909
150112,COLUMBUS REGIONAL HOSPITAL,1,Acute Care Hospitals,Government - Local,Yes,IN,0.0,0.0,0.1428571428571428,0.0,0.1818181818181818,0.0
150113,COMMUNITY HOSPITAL OF ANDERSON AND MADISON COUNTY,0,Acute Care Hospitals,Voluntary non-profit - Private,Yes,IN,0.0,0.0,0.1428571428571428,0.0,0.2222222222222222,0.0
150115,MEMORIAL HOSPITAL AND HEALTH CARE CENTER,1,Acute Care Hospitals,Voluntary non-profit - Private,Yes,IN,0.0,0.1666666666666666,0.3333333333333333,0.0,0.2,0.0
150125,COMMUNITY HOSPITAL,0,Acute Care Hospitals,Voluntary non-profit - Private,Yes,IN,0.125,0.0,0.25,0.0,0.0,0.1818181818181818
150126,FRANCISCAN HEALTH CROWN POINT,0,Acute Care Hospitals,Voluntary non-profit - Church,Yes,IN,0.0,0.0,0.2857142857142857,0.0,0.2222222222222222,0.1111111111111111
150128,"COMMUNITY HOSPITAL SOUTH, INC.",0,Acute Care Hospitals,Voluntary non-profit - Private,Yes,IN,0.0,0.0,0.125,0.0,0.0,0.375
150133,KOSCIUSKO COMMUNITY HOSPITAL,1,Acute Care Hospitals,Proprietary,Yes,IN,0.0,0.0,0.0,0.0,0.0,0.0
150146,PARKVIEW NOBLE HOSPITAL,0,Acute Care Hospitals,Voluntary non-profit - Private,Yes,IN,0.0,0.0,0.0,0.0,0.0,0.2
150149,THE WOMEN'S HOSPITAL,1,Acute Care Hospitals,Proprietary,Yes,IN,,,0.25,0.0,0.0,0.0
150150,DUPONT HOSPITAL LLC,1,Acute Care Hospitals,Proprietary,Yes,IN,0.0,0.0,0.0,0.0,0.1666666666666666,0.3333333333333333
150153,ST VINCENT HEART CENTER,1,Acute Care Hospitals,Proprietary,Yes,IN,0.2,0.0,0.0,0.0,0.2,0.0
150157,ASCENSION ST VINCENT CARMEL,0,Acute Care Hospitals,Voluntary non-profit - Private,Yes,IN,0.0,0.0,0.0,0.0,0.0,0.1666666666666666
150158,IU HEALTH WEST HOSPITAL,1,Acute Care Hospitals,Proprietary,Yes,IN,0.0,0.0,0.2857142857142857,0.0,0.3,0.0
150161,INDIANA UNIVERSITY HEALTH NORTH HOSPITAL,1,Acute Care Hospitals,Voluntary non-profit - Private,Yes,IN,0.0,0.0,0.1428571428571428,0.0,0.125,0.0
150162,FRANCISCAN HEALTH INDIANAPOLIS,1,Acute Care Hospitals,Voluntary non-profit - Church,Yes,IN,0.0,0.0,0.1428571428571428,0.1428571428571428,0.1,0.2
150165,FRANCISCAN HEALTH MUNSTER,0,Acute Care Hospitals,Voluntary non-profit - Private,Yes,IN,0.0,0.0,0.0,0.0,0.0,0.2857142857142857
150169,COMMUNITY HOSPITAL NORTH,0,Acute Care Hospitals,Voluntary non-profit - Private,Yes,IN,0.0,0.0,0.375,0.0,0.1111111111111111,0.1111111111111111
150173,INDIANA UNIVERSITY HEALTH ARNETT HOSPITAL,1,Acute Care Hospitals,Voluntary non-profit - Private,Yes,IN,0.0,0.0,0.1428571428571428,0.0,0.0909090909090909,0.0
150181,ASCENSION ST VINCENT FISHERS,1,Acute Care Hospitals,Voluntary non-profit - Private,Yes,IN,0.0,0.0,0.0,0.0,0.0,0.0
150183,MONROE HOSPITAL,1,Acute Care Hospitals,Proprietary,Yes,IN,0.0,0.0,0.0,0.0,0.1666666666666666,0.0
151310,"PARKVIEW WABASH HOSPITAL, INC",0,Critical Access Hospitals,Voluntary non-profit - Private,Yes,IN,0.0,0.0,0.0,0.0,0.2,0.0
151311,INDIANA UNIVERSITY HEALTH TIPTON HOSPITAL INC,0,Critical Access Hospitals,Voluntary non-profit - Other,Yes,IN,0.0,0.0,,,0.0,0.2
151312,INDIANA UNIVERSITY HEALTH WHITE MEMORIAL HOSPITAL,1,Critical Access Hospitals,Voluntary non-profit - Private,Yes,IN,0.0,0.0,,,0.1428571428571428,0.0
151313,WOODLAWN HOSPITAL,0,Critical Access Hospitals,Government - Local,Yes,IN,0.0,0.0,0.0,0.0,0.0,0.0
151315,CAMERON HEALTH,0,Critical Access Hospitals,Voluntary non-profit - Private,Yes,IN,0.0,0.0,0.0,0.0,0.0,0.1666666666666666
151317,GREENE COUNTY GENERAL HOSPITAL,1,Critical Access Hospitals,Government - Local,Yes,IN,0.0,0.0,,,0.0,0.0
151318,DUKES MEMORIAL HOSPITAL,0,Critical Access Hospitals,Proprietary,Yes,IN,0.0,0.0,,,0.0,0.1666666666666666
151320,"INDIANA UNIVERSITY HEALTH JAY, INC.",1,Critical Access Hospitals,Government - Local,Yes,IN,0.0,0.0,,,0.5,0.0
151322,PERRY COUNTY MEMORIAL HOSPITAL,0,Critical Access Hospitals,Voluntary non-profit - Other,Yes,IN,0.0,0.0,,,0.0,0.1666666666666666
151323,PARKVIEW LAGRANGE HOSPITAL,1,Critical Access Hospitals,Voluntary non-profit - Private,Yes,IN,0.0,0.0,0.0,0.0,0.0,0.0
151326,UNION HOSPITAL CLINTON,0,Critical Access Hospitals,Voluntary non-profit - Private,Yes,IN,0.0,0.0,,,0.0,0.4
151328,INDIANA UNIVERSITY HEALTH BEDFORD HOSPITAL,0,Critical Access Hospitals,Voluntary non-profit - Private,Yes,IN,0.0,0.0,0.5,0.0,0.125,0.0
151331,HARRISON COUNTY HOSPITAL,0,Critical Access Hospitals,Government - Local,Yes,IN,0.0,0.0,,,0.0,0.2
151332,DECATUR COUNTY MEMORIAL HOSPITAL,0,Critical Access Hospitals,Government - Local,Yes,IN,0.0,0.0,0.0,0.0,0.25,0.0
151333,PUTNAM COUNTY HOSPITAL,1,Critical Access Hospitals,Government - Local,Yes,IN,0.0,0.0,,,0.1666666666666666,0.0
151334,NORTON SCOTT HOSPITAL,0,Critical Access Hospitals,Proprietary,Yes,IN,0.0,0.0,,,0.2,0.2
160001,UNITYPOINT HEALTH - MARSHALLTOWN,0,Acute Care Hospitals,Voluntary non-profit - Private,Yes,IA,0.0,0.25,0.0,0.0,0.1666666666666666,0.0
160013,TRINITY MUSCATINE,1,Acute Care Hospitals,Voluntary non-profit - Private,Yes,IA,0.0,0.0,0.0,0.0,0.0,0.0
160016,TRINITY REGIONAL MEDICAL CENTER,0,Acute Care Hospitals,Voluntary non-profit - Private,Yes,IA,0.0,0.0,0.0,0.2,0.1428571428571428,0.0
160028,CHI HEALTH MERCY COUNCIL BLUFFS,1,Acute Care Hospitals,Voluntary non-profit - Private,Yes,IA,0.0,0.0,0.25,0.0,0.0,0.1666666666666666
160029,UNIVERSITY OF IOWA HEALTH CARE MEDICAL CENTER DOWN,1,Acute Care Hospitals,Voluntary non-profit - Church,Yes,IA,0.0,0.0,0.2,0.0,0.1,0.3
160030,MARY GREELEY MEDICAL CENTER,1,Acute Care Hospitals,Government - Local,Yes,IA,0.0,0.0,0.0,0.1428571428571428,0.1,0.0
160032,MERCYONE NEWTON MEDICAL CENTER,1,Acute Care Hospitals,Voluntary non-profit - Private,Yes,IA,0.0,0.0,,,0.2857142857142857,0.0
160033,GENESIS MEDICAL CENTER-DAVENPORT,0,Acute Care Hospitals,Voluntary non-profit - Private,Yes,IA,0.0,0.0,0.1428571428571428,0.1428571428571428,0.0,0.0909090909090909
16003F,VA CENTRAL IOWA HEALTHCARE SYSTEM,1,Acute Care - Veterans Administration,Veterans Health Administration,Yes,IA,0.0,0.5,0.0,0.0,0.4,0.0
160045,ST LUKES HOSPITAL,1,Acute Care Hospitals,Voluntary non-profit - Private,Yes,IA,0.125,0.0,0.2857142857142857,0.0,0.1111111111111111,0.1111111111111111
160047,METHODIST JENNIE EDMUNDSON,0,Acute Care Hospitals,Voluntary non-profit - Private,Yes,IA,0.0,0.0,0.0,0.0,0.0,0.0
16004F,IOWA CITY VA MEDICAL CENTER,1,Acute Care - Veterans Administration,Veterans Health Administration,Yes,IA,0.0,0.0,0.0,0.0,0.3333333333333333,0.0
160057,SOUTHEAST IOWA REGIONAL MEDICAL CENTER,1,Acute Care Hospitals,Voluntary non-profit - Private,Yes,IA,0.0,0.0,0.1428571428571428,0.1428571428571428,0.1,0.0
160058,UNIVERSITY OF IOWA HOSPITAL & CLINICS,0,Acute Care Hospitals,Government - State,Yes,IA,0.0,0.125,0.375,0.125,0.1818181818181818,0.1818181818181818
160064,MERCYONE NORTH IOWA MEDICAL CENTER,0,Acute Care Hospitals,Voluntary non-profit - Private,Yes,IA,0.0,0.25,0.1428571428571428,0.0,0.0909090909090909,0.0909090909090909
160067,MERCYONE WATERLOO MEDICAL CENTER,1,Acute Care Hospitals,Voluntary non-profit - Church,Yes,IA,0.0,0.0,0.2857142857142857,0.0,0.2,0.0
160069,MERCYONE DUBUQUE MEDICAL CENTER,0,Acute Care Hospitals,Voluntary non-profit - Church,Yes,IA,0.0,0.0,0.4,0.0,0.2857142857142857,0.1428571428571428
160079,MERCY MEDICAL CENTER - CEDAR RAPIDS,1,Acute Care Hospitals,Voluntary non-profit - Church,Yes,IA,0.0,0.0,0.2857142857142857,0.0,0.0909090909090909,0.0909090909090909
160080,MERCYONE CLINTON MEDICAL CENTER,1,Acute Care Hospitals,Voluntary non-profit - Private,Yes,IA,0.0,0.0,0.25,0.0,0.3333333333333333,0.0
160082,UNITYPOINT HEALTH - DES MOINES IOWA METHODIST MEDI,0,Acute Care Hospitals,Voluntary non-profit - Private,Yes,IA,0.125,0.25,0.5,0.0,0.0909090909090909,0.0909090909090909
160083,MERCYONE DES MOINES MEDICAL CENTER,0,Acute Care Hospitals,Voluntary non-profit - Private,Yes,IA,0.0,0.0,0.375,0.125,0.1818181818181818,0.0
160089,OTTUMWA REGIONAL HEALTH CENTER,0,Acute Care Hospitals,Proprietary,Yes,IA,0.0,0.0,0.0,0.0,0.2,0.0
160101,BROADLAWNS MEDICAL CENTER,0,Acute Care Hospitals,Government - Local,Yes,IA,0.0,0.0,0.2,0.0,0.0,0.0
160104,TRINITY - BETTENDORF,0,Acute Care Hospitals,Voluntary non-profit - Private,Yes,IA,0.0,0.0,0.2,0.0,0.0,0.3333333333333333
160110,ALLEN HOSPITAL,0,Acute Care Hospitals,Voluntary non-profit - Private,Yes,IA,0.0,0.125,0.2857142857142857,0.0,0.0,0.0909090909090909
160112,SPENCER MUNICIPAL HOSPITAL,1,Acute Care Hospitals,Government - Local,Yes,IA,0.0,0.0,0.0,0.0,0.0,0.1111111111111111
160117,FINLEY HOSPITAL,0,Acute Care Hospitals,Voluntary non-profit - Private,Yes,IA,0.0,0.0,0.0,0.0,0.1428571428571428,0.0
160124,LAKES REGIONAL HEALTHCARE,0,Acute Care Hospitals,Government - Local,Yes,IA,0.0,0.2,0.0,0.3333333333333333,0.0,0.2857142857142857
160146,ST LUKES REGIONAL MEDICAL CENTER,0,Acute Care Hospitals,Voluntary non-profit - Private,Yes,IA,0.0,0.0,0.1666666666666666,0.0,0.1666666666666666,0.0
160147,GRINNELL REGIONAL MEDICAL CENTER,0,Acute Care Hospitals,Voluntary non-profit - Private,Yes,IA,0.0,0.0,0.0,0.0,0.0,0.0
160153,MERCYONE SIOUXLAND MEDICAL CENTER,0,Acute Care Hospitals,Voluntary non-profit - Private,Yes,IA,0.0,0.0,0.1428571428571428,0.1428571428571428,0.0,0.1111111111111111
161304,CHI HEALTH - MERCY CORNING,0,Critical Access Hospitals,Voluntary non-profit - Church,Yes,IA,0.0,0.0,,,0.25,0.0
161306,JONES REGIONAL MEDICAL CENTER,1,Critical Access Hospitals,Voluntary non-profit - Private,Yes,IA,0.0,0.0,,,0.25,0.0
161309,CHI HEALTH MISSOURI VALLEY,1,Critical Access Hospitals,Voluntary non-profit - Private,Yes,IA,0.0,0.0,,,0.0,0.25
161316,GUNDERSEN PALMER LUTHERAN HOSPITAL AND CLINICS,1,Critical Access Hospitals,Voluntary non-profit - Private,Yes,IA,0.0,0.0,,,0.6666666666666666,0.0
161317,COMPASS MEMORIAL HEALTHCARE,1,Critical Access Hospitals,Voluntary non-profit - Private,Yes,IA,0.0,0.0,,,0.0,0.0
161323,MITCHELL COUNTY REGIONAL HEALTH,0,Critical Access Hospitals,Government - Federal,No,IA,0.0,0.0,,,0.0,0.25
161328,REGIONAL HEALTH SERVICES OF HOWARD COUNTY,1,Critical Access Hospitals,Government - Local,Yes,IA,0.0,0.0,,,0.2,0.0
161339,WAVERLY HEALTH CENTER,1,Critical Access Hospitals,Government - Local,Yes,IA,0.0,0.0,0.0,0.0,0.25,0.0
161343,REGIONAL MEDICAL CENTER,1,Critical Access Hospitals,Voluntary non-profit - Other,Yes,IA,0.0,0.0,,,0.2,0.0
161347,FLOYD COUNTY MEDICAL CENTER,0,Critical Access Hospitals,Government - Local,Yes,IA,0.0,0.0,,,0.2,0.0
161348,CLARKE COUNTY HOSPITAL,1,Critical Access Hospitals,Voluntary non-profit - Other,Yes,IA,0.0,0.0,,,0.6666666666666666,0.0
161349,VIRGINIA GAY HOSPITAL,1,Critical Access Hospitals,Voluntary non-profit - Private,Yes,IA,0.0,0.0,,,0.0,0.25
161351,AVERA HOLY FAMILY HOSPITAL,0,Critical Access Hospitals,Voluntary non-profit - Private,Yes,IA,0.0,0.0,0.0,0.0,0.2,0.2
161352,CLARINDA REGIONAL HEALTH CENTER,1,Critical Access Hospitals,Government - Local,Yes,IA,0.0,0.0,,,0.1666666666666666,0.0
161353,KOSSUTH REGIONAL HEALTH CENTER,0,Critical Access Hospitals,Government - Local,Yes,IA,0.0,0.0,0.0,1.0,0.0,0.0
161355,KNOXVILLE HOSPITAL & CLINICS,0,Critical Access Hospitals,Voluntary non-profit - Private,Yes,IA,0.0,0.0,0.0,0.0,0.0,0.25
161359,BURGESS HEALTH CENTER,0,Critical Access Hospitals,Voluntary non-profit - Private,Yes,IA,0.0,0.0,,,0.0,0.25
161360,ORANGE CITY AREA HEALTH SYSTEM,0,Critical Access Hospitals,Voluntary non-profit - Other,Yes,IA,0.0,0.0,,,0.0,0.5
161361,VAN DIEST MEDICAL CENTER,1,Critical Access Hospitals,Voluntary non-profit - Other,Yes,IA,0.0,0.0,,,0.6666666666666666,0.0
161362,CHEROKEE REGIONAL MEDICAL CENTER,0,Critical Access Hospitals,Voluntary non-profit - Private,Yes,IA,0.0,0.6666666666666666,,,0.0,0.2
161364,JEFFERSON COUNTY HEALTH CENTER,0,Critical Access Hospitals,Government - Local,Yes,IA,0.0,0.0,,,0.0,0.3333333333333333
161365,GREATER REGIONAL MEDICAL CENTER,0,Critical Access Hospitals,Government - Local,Yes,IA,0.0,0.2,0.0,0.0,0.0,0.0
161367,PELLA REGIONAL HEALTH CENTER,1,Critical Access Hospitals,Voluntary non-profit - Private,Yes,IA,0.0,0.0,0.0,0.0,0.2857142857142857,0.0
161368,FLOYD VALLEY HEALTHCARE,0,Critical Access Hospitals,Government - Local,Yes,IA,0.0,0.0,0.0,0.0,0.25,0.0
161369,CRAWFORD COUNTY MEMORIAL HOSPITAL,0,Critical Access Hospitals,Government - Local,Yes,IA,0.0,0.0,,,0.0,0.0
161371,WINNMED,1,Critical Access Hospitals,Government - Local,Yes,IA,0.0,0.0,0.0,0.0,0.0,0.0
161374,MYRTUE MEDICAL CENTER,0,Critical Access Hospitals,Voluntary non-profit - Other,Yes,IA,0.0,0.0,,,0.0,0.0
161375,BUENA VISTA REGIONAL MEDICAL CENTER,0,Critical Access Hospitals,Government - Local,Yes,IA,0.0,0.6666666666666666,0.0,0.0,0.0,0.0
161376,CASS COUNTY MEMORIAL HOSPITAL,1,Critical Access Hospitals,Government - Local,Yes,IA,0.0,0.0,0.0,0.0,0.3333333333333333,0.0
161379,MAHASKA  HEALTH PARTNERSHIP,1,Critical Access Hospitals,Government - Local,Yes,IA,0.0,0.0,,,0.25,0.0
161382,ST ANTHONY REGIONAL HOSPITAL & NURSING HOME,0,Critical Access Hospitals,Voluntary non-profit - Private,Yes,IA,0.0,0.5,0.0,0.0,0.0,0.0
170006,"MERCY HOSPITAL PITTSBURG, INC",0,Acute Care Hospitals,Voluntary non-profit - Church,Yes,KS,0.0,0.1666666666666666,0.0,0.0,0.1,0.0
170009,SAINT JOHN HOSPITAL,0,Acute Care Hospitals,Voluntary non-profit - Other,Yes,KS,0.0,0.0,0.0,0.0,0.25,0.0
170012,SALINA REGIONAL HEALTH CENTER,0,Acute Care Hospitals,Voluntary non-profit - Private,Yes,KS,0.0,0.125,0.0,0.0,0.2727272727272727,0.0
170013,HAYS MEDICAL CENTER,0,Acute Care Hospitals,Voluntary non-profit - Other,Yes,KS,0.0,0.125,0.2,0.0,0.0909090909090909,0.1818181818181818
170014,ADVENTHEALTH OTTAWA,0,Acute Care Hospitals,Government - Local,No,KS,0.0,0.0,0.0,0.0,0.0,0.125
170016,UNIVERSITY OF KANSAS HEALTH SYSTEM - ST FRANCIS CAMPUS,0,Acute Care Hospitals,Voluntary non-profit - Church,Yes,KS,0.0,0.0,0.0,0.0,0.0909090909090909,0.0
170020,HUTCHINSON REGIONAL MEDICAL CENTER INC,0,Acute Care Hospitals,Voluntary non-profit - Private,Yes,KS,0.0,0.375,0.0,0.0,0.0909090909090909,0.0
170023,ST. CATHERINE HOSPITAL - GARDEN CITY,0,Acute Care Hospitals,Voluntary non-profit - Church,Yes,KS,0.0,0.0,0.0,0.0,0.0,0.125
170027,PRATT REGIONAL MEDICAL CENTER,1,Acute Care Hospitals,Proprietary,Yes,KS,0.0,0.0,0.0,0.0,0.0,0.1428571428571428
170040,UNIVERSITY OF KANSAS HOSPITAL,1,Acute Care Hospitals,Government - Hospital District or Authority,Yes,KS,0.5,0.125,0.5714285714285714,0.0,0.5,0.2
170049,UNIVERSITY OF KANSAS HEALTH SYSTEM OLATHE HOSPITAL,1,Acute Care Hospitals,Voluntary non-profit - Private,Yes,KS,0.0,0.0,0.1666666666666666,0.0,0.2,0.0
17005F,VA EASTERN KANSAS HEALTHCARE SYSTEM,1,Acute Care - Veterans Administration,Veterans Health Administration,Yes,KS,0.0,0.0,0.0,0.0,0.25,0.0
170068,SOUTHWEST MEDICAL CENTER,0,Acute Care Hospitals,Government - Local,Yes,KS,0.0,0.0,0.25,0.25,0.0,0.2857142857142857
170074,"STORMONT VAIL HEALTH FLINT HILLS, LLC",1,Acute Care Hospitals,Voluntary non-profit - Private,Yes,KS,0.0,0.0,0.0,0.0,0.2,0.2
170086,STORMONT VAIL HOSPITAL,1,Acute Care Hospitals,Voluntary non-profit - Private,Yes,KS,0.0,0.0,0.25,0.0,0.2727272727272727,0.0909090909090909
17008F,WICHITA VA MEDICAL CENTER,1,Acute Care - Veterans Administration,Veterans Health Administration,Yes,KS,0.5,0.0,0.0,0.0,0.3333333333333333,0.0
170103,NMC HEALTH,1,Acute Care Hospitals,Voluntary non-profit - Private,Yes,KS,0.0,0.0,0.0,0.0,0.0,0.1428571428571428
170104,ADVENTHEALTH SHAWNEE MISSION,0,Acute Care Hospitals,Voluntary non-profit - Private,Yes,KS,0.0,0.0,0.125,0.0,0.1818181818181818,0.0909090909090909
170105,MCPHERSON HOSPITAL,0,Acute Care Hospitals,Voluntary non-profit - Private,Yes,KS,0.0,0.0,0.0,0.0,0.3333333333333333,0.0
170120,LABETTE HEALTH,0,Acute Care Hospitals,Government - Local,Yes,KS,0.0,0.0,0.0,0.0,0.2857142857142857,0.0
170122,"ASCENSION VIA CHRISTI HOSPITALS WICHITA, INC.",0,Acute Care Hospitals,Voluntary non-profit - Private,Yes,KS,0.0,0.0,0.2857142857142857,0.0,0.0,0.1111111111111111
170123,WESLEY MEDICAL CENTER,1,Acute Care Hospitals,Proprietary,Yes,KS,0.125,0.0,0.375,0.0,0.3636363636363636,0.0
170137,LMH,1,Acute Care Hospitals,Government - Local,Yes,KS,0.0,0.0,0.1666666666666666,0.0,0.2,0.1
170142,"ASCENSION VIA CHRISTI HOSPITAL MANHATTAN, INC",1,Acute Care Hospitals,Voluntary non-profit - Private,Yes,KS,0.0,0.0,0.0,0.0,0.2857142857142857,0.0
170146,PROVIDENCE MEDICAL CENTER,0,Acute Care Hospitals,Voluntary non-profit - Church,Yes,KS,0.0,0.0,0.1666666666666666,0.0,0.0,0.125
170175,CENTURA ST. CATHERINE-DODGE CITY,0,Acute Care Hospitals,Proprietary,Yes,KS,0.0,0.0,0.0,0.0,0.1666666666666666,0.1666666666666666
170176,OVERLAND PARK REG MED CTR,1,Acute Care Hospitals,Proprietary,Yes,KS,0.0,0.0,0.125,0.0,0.0909090909090909,0.1818181818181818
170182,MENORAH MEDICAL CENTER,0,Acute Care Hospitals,Proprietary,Yes,KS,0.0,0.0,0.1428571428571428,0.0,0.1111111111111111,0.1111111111111111
170185,SAINT LUKE'S SOUTH HOSPITAL,1,Acute Care Hospitals,Voluntary non-profit - Other,Yes,KS,0.0,0.0,0.0,0.0,0.125,0.0
170186,KANSAS HEART HOSPITAL,1,Acute Care Hospitals,Proprietary,No,KS,0.0,0.0,0.0,0.0,0.2,0.0
170191,UNIVERSITY  OF KS HLTH SYSTEM GREAT BEND CAMPUS,1,Acute Care Hospitals,Government - Hospital District or Authority,Yes,KS,0.0,0.0,0.0,0.0,0.0,0.0
170197,KANSAS MEDICAL CENTER LLC,0,Acute Care Hospitals,Proprietary,Yes,KS,0.0,0.0,0.0,0.0,0.125,0.125
170200,"VIA CHRISTI HOSPITAL WICHITA ST TERESA, INC",1,Acute Care Hospitals,Voluntary non-profit - Church,Yes,KS,0.0,0.0,0.0,0.0,0.1666666666666666,0.0
170204,"ROCK REGIONAL HOSPITAL, LLC",1,Acute Care Hospitals,Proprietary,Yes,KS,0.0,0.0,0.0,0.0,0.1666666666666666,0.0
170208,"ADVENTHEALTH SOUTH OVERLAND PARK, INC",1,Acute Care Hospitals,Voluntary non-profit - Private,Yes,KS,0.0,0.0,0.0,0.0,0.0,0.2
171327,ELLSWORTH COUNTY MEDICAL CENTER,0,Critical Access Hospitals,Proprietary,Yes,KS,0.0,0.0,,,0.0,0.0
171333,CLARA BARTON HOSPITAL,0,Critical Access Hospitals,Voluntary non-profit - Private,Yes,KS,0.0,0.3333333333333333,0.0,0.0,0.0,0.5
171335,STEVENS COUNTY HOSPITAL,1,Critical Access Hospitals,Government - Local,Yes,KS,0.0,0.0,,,0.0,0.0
171341,HIAWATHA COMMUNITY HOSPITAL,0,Critical Access Hospitals,Voluntary non-profit - Private,Yes,KS,0.0,0.25,,,0.0,0.0
171350,RUSSELL REGIONAL HOSPITAL,0,Critical Access Hospitals,Voluntary non-profit - Private,Yes,KS,0.0,0.0,,,0.0,0.0
171361,REPUBLIC COUNTY HOSPITAL,0,Critical Access Hospitals,Voluntary non-profit - Private,Yes,KS,0.0,0.0,0.0,0.0,0.0,0.0
171362,CITIZENS MEDICAL CENTER,0,Critical Access Hospitals,Voluntary non-profit - Private,Yes,KS,0.0,0.0,0.0,0.0,0.125,0.125
171363,"COMMUNITY MEMORIAL HEALTHCARE, INC.",1,Critical Access Hospitals,Voluntary non-profit - Private,Yes,KS,0.0,0.0,0.0,0.0,0.0,0.2
171370,GOODLAND REGIONAL MEDICAL CENTER,0,Critical Access Hospitals,Government - Local,Yes,KS,0.0,0.0,,,0.0,0.2
171371,CLAY COUNTY MEDICAL CENTER,0,Critical Access Hospitals,Government - Local,Yes,KS,0.0,0.0,,,0.2,0.0
171372,SCOTT COUNTY HOSPITAL,0,Critical Access Hospitals,Voluntary non-profit - Private,Yes,KS,0.0,0.0,0.0,0.0,0.25,0.0
171373,ALLEN COUNTY REGIONAL HOSPITAL,1,Critical Access Hospitals,Government - Local,Yes,KS,0.0,0.0,,,0.0,0.0
171375,MITCHELL COUNTY HOSPITAL HEALTH SYSTEMS,0,Critical Access Hospitals,Government - Local,Yes,KS,0.0,0.25,0.5,0.0,0.2,0.0
171376,GIRARD MEDICAL CENTER,0,Critical Access Hospitals,Government - Hospital District or Authority,Yes,KS,0.0,0.0,,,0.0,0.0
171379,MORRIS COUNTY HOSPITAL,0,Critical Access Hospitals,Government - Local,No,KS,0.0,0.0,,,0.0,0.0
171380,NEOSHO MEMORIAL REGIONAL MEDICAL CENTER,0,Critical Access Hospitals,Government - Local,Yes,KS,0.0,0.25,0.0,0.0,0.0,0.0
171381,MEMORIAL HOSPITAL,0,Critical Access Hospitals,Government - Hospital District or Authority,Yes,KS,0.0,0.3333333333333333,,,0.0,0.0
171383,WILLIAM NEWTON HOSPITAL,1,Critical Access Hospitals,Government - Local,Yes,KS,0.0,0.25,0.0,0.0,0.4,0.0
171384,NEWMAN REGIONAL HEALTH,0,Critical Access Hospitals,Government - Local,Yes,KS,0.0,0.1666666666666666,0.0,0.0,0.1666666666666666,0.0
171385,COFFEY COUNTY HOSPITAL,1,Critical Access Hospitals,Government - Local,Yes,KS,0.0,0.0,,,0.25,0.0
180001,ST ELIZABETH FT THOMAS,1,Acute Care Hospitals,Voluntary non-profit - Private,Yes,KY,0.4,0.0,0.2,0.0,0.0,0.1666666666666666
180002,WHITESBURG ARH HOSPITAL,0,Acute Care Hospitals,Voluntary non-profit - Other,Yes,KY,0.0,0.0,0.5,0.0,0.0,0.2
180004,OWENSBORO HEALTH MUHLENBERG COMMUNITY HOSPITAL,1,Acute Care Hospitals,Voluntary non-profit - Private,Yes,KY,0.0,0.0,0.5,0.0,0.1666666666666666,0.0
180005,HIGHLANDS ARH REGIONAL MEDICAL CENTER,0,Acute Care Hospitals,Proprietary,Yes,KY,0.0,0.0,0.2,0.0,0.0,0.3333333333333333
180009,KING'S DAUGHTERS' MEDICAL CENTER,0,Acute Care Hospitals,Voluntary non-profit - Private,Yes,KY,0.125,0.0,0.1428571428571428,0.0,0.0,0.0909090909090909
180010,SAINT JOSEPH HOSPITAL,0,Acute Care Hospitals,Voluntary non-profit - Church,Yes,KY,0.125,0.125,0.4285714285714285,0.1428571428571428,0.0,0.3333333333333333
180011,SAINT JOSEPH LONDON,0,Acute Care Hospitals,Voluntary non-profit - Private,Yes,KY,0.0,0.0,0.1666666666666666,0.0,0.0,0.1
180012,BAPTIST HEALTH HARDIN,0,Acute Care Hospitals,Government - Local,Yes,KY,0.0,0.0,0.2857142857142857,0.0,0.0,0.1111111111111111
180013,THE MEDICAL CENTER (BOWLING GREEN),0,Acute Care Hospitals,Voluntary non-profit - Private,Yes,KY,0.0,0.25,0.1666666666666666,0.0,0.1,0.1
180016,UOFL HEALTH - SHELBYVILLE HOSPITAL,0,Acute Care Hospitals,Voluntary non-profit - Private,Yes,KY,0.0,0.0,0.0,0.0,0.1666666666666666,0.1666666666666666
180017,T J SAMSON COMMUNITY HOSPITAL,0,Acute Care Hospitals,Voluntary non-profit - Other,Yes,KY,0.0,0.1666666666666666,0.3333333333333333,0.0,0.1,0.2
180018,ST CLAIRE REGIONAL MEDICAL CENTER,0,Acute Care Hospitals,Government - Federal,Yes,KY,0.0,0.0,0.2,0.0,0.0,0.25
180019,MEADOWVIEW REGIONAL MEDICAL CENTER,1,Acute Care Hospitals,Proprietary,Yes,KY,0.0,0.0,0.5,0.0,0.2857142857142857,0.0
180020,MIDDLESBORO ARH HOSPITAL,0,Acute Care Hospitals,Voluntary non-profit - Private,Yes,KY,0.0,0.25,0.0,0.0,0.0,0.2
180024,SPRING VIEW HOSPITAL,1,Acute Care Hospitals,Proprietary,Yes,KY,0.0,0.0,0.0,0.0,0.1428571428571428,0.0
180025,CHI SAINT JOSEPH FLAGET MEMORIAL HOSPITAL,0,Acute Care Hospitals,Voluntary non-profit - Private,Yes,KY,0.0,0.0,0.0,0.0,0.0,0.1428571428571428
180027,MURRAY-CALLOWAY COUNTY HOSPITAL,0,Acute Care Hospitals,Voluntary non-profit - Other,Yes,KY,0.0,0.0,0.0,0.0,0.0,0.2
180029,HAZARD ARH REGIONAL MEDICAL CENTER,0,Acute Care Hospitals,Voluntary non-profit - Private,Yes,KY,0.0,0.0,0.1666666666666666,0.0,0.0,0.3333333333333333
180035,ST ELIZABETH EDGEWOOD,1,Acute Care Hospitals,Voluntary non-profit - Church,Yes,KY,0.25,0.0,0.25,0.0,0.1818181818181818,0.1818181818181818
180038,OWENSBORO HEALTH REGIONAL HOSPITAL,0,Acute Care Hospitals,Voluntary non-profit - Private,Yes,KY,0.0,0.0,0.1428571428571428,0.0,0.1,0.0
180040,UOFL HEALTH - JEWISH HOSPITAL and Mary & Elizabeth Hospital,0,Acute Care Hospitals,Voluntary non-profit - Private,Yes,KY,0.0,0.125,0.2857142857142857,0.1428571428571428,0.0,0.3333333333333333
180043,AdventHealthManchester,0,Acute Care Hospitals,Voluntary non-profit - Church,Yes,KY,0.0,0.0,0.0,0.0,0.0,0.2
180044,PIKEVILLE MEDICAL CENTER,0,Acute Care Hospitals,Voluntary non-profit - Private,Yes,KY,0.0,0.125,0.1666666666666666,0.1666666666666666,0.0,0.3
180045,ST ELIZABETH FLORENCE,0,Acute Care Hospitals,Voluntary non-profit - Private,Yes,KY,0.0,0.0,0.1666666666666666,0.0,0.1666666666666666,0.1666666666666666
180046,BOURBON COMMUNITY HOSPITAL,0,Acute Care Hospitals,Proprietary,Yes,KY,0.0,0.0,,,0.0,0.0
180048,EPHRAIM MCDOWELL REGIONAL MEDICAL CENTER,0,Acute Care Hospitals,Voluntary non-profit - Private,Yes,KY,0.0,0.0,0.0,0.0,0.1111111111111111,0.1111111111111111
180049,BAPTIST HEALTH RICHMOND,1,Acute Care Hospitals,Voluntary non-profit - Private,Yes,KY,0.0,0.0,0.3333333333333333,0.0,0.125,0.0
180050,HARLAN ARH HOSPITAL,0,Acute Care Hospitals,Voluntary non-profit - Other,Yes,KY,0.0,0.0,0.0,0.0,0.0,0.125
180051,JENNIE STUART MEDICAL CENTER,0,Acute Care Hospitals,Voluntary non-profit - Private,Yes,KY,0.0,0.4,0.0,0.0,0.0,0.0
180056,DEACONESS HENDERSON HOSPITAL,0,Acute Care Hospitals,Voluntary non-profit - Church,Yes,KY,0.0,0.0,0.1666666666666666,0.0,0.0,0.125
180064,SAINT JOSEPH MOUNT STERLING,1,Acute Care Hospitals,Voluntary non-profit - Private,Yes,KY,0.0,0.0,0.0,0.0,0.0,0.2
180066,The Medical Center at Russellville,0,Acute Care Hospitals,Proprietary,Yes,KY,0.0,0.0,0.0,0.0,0.0,0.5
180067,UNIVERSITY OF KENTUCKY HOSPITAL,1,Acute Care Hospitals,Government - State,Yes,KY,0.25,0.0,0.2857142857142857,0.0,0.2,0.0
180069,TUG VALLEY ARH REGIONAL MEDICAL CENTER,0,Acute Care Hospitals,Proprietary,Yes,KY,0.0,0.0,0.0,0.0,0.0,0.4
18006F,LOUISVILLE VA MEDICAL CENTER,1,Acute Care - Veterans Administration,Veterans Health Administration,Yes,KY,0.5,0.0,0.0,0.0,0.1666666666666666,0.1666666666666666
180070,OWENSBORO HEALTH TWIN LAKES MEDICAL CENTER,0,Acute Care Hospitals,Voluntary non-profit - Other,Yes,KY,0.0,0.0,0.0,0.0,0.0,0.0
180078,PAINTSVILLE ARH HOSPITAL,0,Acute Care Hospitals,Proprietary,Yes,KY,0.0,0.0,0.0,0.0,0.0,0.4
180079,HARRISON MEMORIAL HOSPITAL,0,Acute Care Hospitals,Voluntary non-profit - Other,Yes,KY,0.0,0.2,0.0,0.0,0.1666666666666666,0.1666666666666666
18007F,LEXINGTON VA MEDICAL CENTER,0,Acute Care - Veterans Administration,Veterans Health Administration,Yes,KY,0.5,0.0,0.0,0.0,0.0,0.1666666666666666
180080,BAPTIST HEALTH CORBIN,0,Acute Care Hospitals,Voluntary non-profit - Private,Yes,KY,0.0,0.0,0.1666666666666666,0.0,0.0,0.0
180087,TAYLOR REGIONAL HOSPITAL,0,Acute Care Hospitals,Government - Hospital District or Authority,Yes,KY,0.0,0.0,0.0,0.0,0.125,0.0
180088,"NORTON HOSPITALS, INC",0,Acute Care Hospitals,Voluntary non-profit - Private,Yes,KY,0.0,0.25,0.25,0.0,0.0,0.3636363636363636
180092,CLARK REGIONAL MEDICAL CENTER,0,Acute Care Hospitals,Proprietary,Yes,KY,0.0,0.0,0.25,0.0,0.0,0.1111111111111111
180093,BAPTIST HEALTH DEACONESS MADISONVILLE,0,Acute Care Hospitals,Voluntary non-profit - Private,Yes,KY,0.0,0.375,0.1666666666666666,0.0,0.1,0.1
180101,GEORGETOWN COMMUNITY HOSPITAL,0,Acute Care Hospitals,Proprietary,Yes,KY,0.0,0.0,0.0,0.0,0.0,0.2857142857142857
180102,MERCY HEALTH - LOURDES HOSPITAL,0,Acute Care Hospitals,Voluntary non-profit - Church,Yes,KY,0.0,0.0,0.2857142857142857,0.0,0.0909090909090909,0.0909090909090909
180103,BAPTIST HEALTH LEXINGTON,1,Acute Care Hospitals,Voluntary non-profit - Other,Yes,KY,0.125,0.0,0.125,0.0,0.0909090909090909,0.0909090909090909
180104,BAPTIST HEALTH PADUCAH,1,Acute Care Hospitals,Voluntary non-profit - Church,Yes,KY,0.0,0.0,0.1666666666666666,0.1666666666666666,0.3,0.0
180105,MONROE COUNTY MEDICAL CENTER,0,Acute Care Hospitals,Voluntary non-profit - Other,Yes,KY,0.0,0.0,0.0,0.0,0.0,0.5
180115,"ROCKCASTLE COUNTY HOSPITAL, INC.",0,Acute Care Hospitals,Voluntary non-profit - Private,Yes,KY,0.0,0.25,0.0,0.0,0.2,0.0
180116,JACKSON PURCHASE MEDICAL CENTER,0,Acute Care Hospitals,Government - Hospital District or Authority,Yes,KY,0.0,0.0,0.0,0.0,0.0,0.1666666666666666
180124,TRISTAR GREENVIEW REGIONAL HOSPITAL,0,Acute Care Hospitals,Proprietary,Yes,KY,0.0,0.0,0.2,0.0,0.0,0.125
180127,FRANKFORT REGIONAL MEDICAL CENTER,0,Acute Care Hospitals,Proprietary,Yes,KY,0.0,0.0,0.2,0.0,0.0,0.0
180128,THREE RIVERS MEDICAL CENTER,0,Acute Care Hospitals,Proprietary,Yes,KY,0.0,0.0,0.0,0.0,0.0,0.1666666666666666
180130,BAPTIST HEALTH LOUISVILLE,1,Acute Care Hospitals,Voluntary non-profit - Private,Yes,KY,0.0,0.0,0.25,0.0,0.1818181818181818,0.0909090909090909
180132,LAKE CUMBERLAND REGIONAL HOSPITAL,0,Acute Care Hospitals,Proprietary,Yes,KY,0.0,0.1428571428571428,0.4285714285714285,0.0,0.0,0.4285714285714285
180138,BAPTIST HEALTH LAGRANGE,1,Acute Care Hospitals,Voluntary non-profit - Private,Yes,KY,0.0,0.0,0.0,0.0,0.125,0.0
180141,UNIVERSITY OF LOUISVILLE HOSPITAL,0,Acute Care Hospitals,Voluntary non-profit - Private,Yes,KY,0.0,0.1428571428571428,0.1428571428571428,0.1428571428571428,0.0,0.375
180143,SAINT JOSEPH EAST,0,Acute Care Hospitals,Voluntary non-profit - Private,Yes,KY,0.0,0.0,0.3333333333333333,0.0,0.0,0.25
180154,"PINEVILLE COMMUNITY HEALTH CENTER, INC",0,Acute Care Hospitals,Voluntary non-profit - Private,Yes,KY,0.0,0.0,,,0.0,0.6666666666666666
181301,MARCUM AND WALLACE MEMORIAL HOSPITAL,1,Critical Access Hospitals,Voluntary non-profit - Private,Yes,KY,0.0,0.0,,,0.0,0.0
181309,CASEY COUNTY HOSPITAL,0,Critical Access Hospitals,Government - Hospital District or Authority,Yes,KY,0.0,0.0,0.0,0.0,0.25,0.0
181319,BRECKINRIDGE MEMORIAL HOSPITAL,0,Critical Access Hospitals,Government - Local,Yes,KY,0.0,0.3333333333333333,0.0,0.0,0.0,0.0
181320,"LIVINGSTON HOSPITAL AND HEALTHCARE SERVICES, INC",1,Critical Access Hospitals,Voluntary non-profit - Private,Yes,KY,0.0,0.0,0.0,0.0,0.0,0.0
181323,OHIO COUNTY HOSPITAL,0,Critical Access Hospitals,Proprietary,Yes,KY,0.0,0.0,,,0.0,0.0
181327,MARSHALL COUNTY HOSPITAL,0,Critical Access Hospitals,Government - Hospital District or Authority,Yes,KY,0.0,0.0,,,0.0,0.0
181329,CHI SAINT JOSEPH BEREA NF,1,Critical Access Hospitals,Voluntary non-profit - Private,Yes,KY,0.0,0.0,0.0,0.0,0.2,0.2
190002,OCHSNER LAFAYETTE GENERAL MEDICAL CENTER,0,Acute Care Hospitals,Voluntary non-profit - Private,Yes,LA,0.0,0.0,0.375,0.125,0.0,0.0909090909090909
190004,THIBODAUX REGIONAL MEDICAL CENTER,0,Acute Care Hospitals,Voluntary non-profit - Private,Yes,LA,0.0,0.4285714285714285,0.2,0.0,0.1,0.0
190005,UNIVERSITY MEDICAL CENTER NEW ORLEANS,0,Acute Care Hospitals,Voluntary non-profit - Private,Yes,LA,0.0,0.0,0.2857142857142857,0.0,0.1428571428571428,0.0
190006,OCHSNER UNIVERSITY HOSPITAL AND CLINICS,0,Acute Care Hospitals,Voluntary non-profit - Private,Yes,LA,0.0,0.0,0.3333333333333333,0.0,0.0,0.1428571428571428
190007,NATCHITOCHES REGIONAL MEDICAL CENTER,1,Acute Care Hospitals,Government - Hospital District or Authority,Yes,LA,0.0,0.0,0.0,0.0,0.1428571428571428,0.1428571428571428
190008,TERREBONNE GENERAL MEDICAL CENTER - PARISH,1,Acute Care Hospitals,Government - Hospital District or Authority,Yes,LA,0.0,0.0,0.2857142857142857,0.1428571428571428,0.0,0.1
190011,OCHSNER LSU HEALTH MONROE,0,Acute Care Hospitals,Voluntary non-profit - Private,Yes,LA,0.0,0.0,0.2,0.0,0.2,0.0
190013,WEST CALCASIEU CAMERON HOSPITAL,1,Acute Care Hospitals,Government - Hospital District or Authority,Yes,LA,0.0,0.0,0.0,0.0,0.2222222222222222,0.0
190014,OCHSNER ST MARY,0,Acute Care Hospitals,Voluntary non-profit - Private,Yes,LA,0.0,0.0,0.0,0.0,0.0,0.2
190015,NORTH OAKS MEDICAL CENTER,0,Acute Care Hospitals,Government - Hospital District or Authority,Yes,LA,0.0,0.125,0.1666666666666666,0.0,0.0,0.4
190017,OPELOUSAS GENERAL HEALTH SYSTEM,0,Acute Care Hospitals,Government - Hospital District or Authority,Yes,LA,0.0,0.2857142857142857,0.0,0.0,0.0,0.1
190019,CHRISTUS ST FRANCES CABRINI HOSPITAL,0,Acute Care Hospitals,Voluntary non-profit - Private,Yes,LA,0.0,0.0,0.2857142857142857,0.0,0.0,0.3
190020,LANE REGIONAL MEDICAL CENTER,0,Acute Care Hospitals,Government - Hospital District or Authority,Yes,LA,0.0,0.0,0.0,0.0,0.0,0.0
190025,SAVOY MEDICAL CENTER,1,Acute Care Hospitals,Voluntary non-profit - Other,Yes,LA,0.0,0.0,0.0,0.0,0.0,0.0
190026,RAPIDES REGIONAL MEDICAL CENTER,0,Acute Care Hospitals,Proprietary,Yes,LA,0.0,0.0,0.1428571428571428,0.1428571428571428,0.0,0.25
190027,CHRISTUS OCHSNER ST PATRICK HOSPITAL,0,Acute Care Hospitals,Voluntary non-profit - Private,Yes,LA,0.0,0.0,0.3333333333333333,0.0,0.125,0.125
190034,ABBEVILLE GENERAL HOSPITAL,0,Acute Care Hospitals,Government - Hospital District or Authority,Yes,LA,0.0,0.0,0.0,0.0,0.2,0.0
190036,OCHSNER MEDICAL CENTER ACUTE,1,Acute Care Hospitals,Voluntary non-profit - Private,Yes,LA,0.25,0.125,0.375,0.0,0.1818181818181818,0.2727272727272727
190039,WEST JEFFERSON MEDICAL CENTER,0,Acute Care Hospitals,Voluntary non-profit - Private,Yes,LA,0.0,0.0,0.2857142857142857,0.0,0.0,0.25
190040,SLIDELL MEMORIAL HOSPITAL,0,Acute Care Hospitals,Government - Hospital District or Authority,Yes,LA,0.0,0.0,0.1666666666666666,0.0,0.0,0.3
190041,CHRISTUS SHREVEPORT-BOSSIER HEALTH SYSTEM,0,Acute Care Hospitals,Voluntary non-profit - Private,Yes,LA,0.0,0.0,0.2857142857142857,0.0,0.0909090909090909,0.1818181818181818
190044,ACADIA GENERAL HOSPITAL,0,Acute Care Hospitals,Voluntary non-profit - Private,Yes,LA,0.0,0.25,0.0,0.0,0.0,0.0
190045,ST TAMMANY PARISH HOSPITAL,1,Acute Care Hospitals,Government - Hospital District or Authority,Yes,LA,0.0,0.0,0.2857142857142857,0.0,0.2222222222222222,0.0
190046,TOURO INFIRMARY,0,Acute Care Hospitals,Voluntary non-profit - Private,Yes,LA,0.0,0.0,0.125,0.125,0.0909090909090909,0.1818181818181818
190050,BEAUREGARD MEMORIAL HOSPITAL,0,Acute Care Hospitals,Government - Hospital District or Authority,Yes,LA,0.0,0.0,0.0,0.0,0.0,0.0
190053,OCHSNER AMERICAN LEGION HOSPITAL,0,Acute Care Hospitals,Voluntary non-profit - Private,Yes,LA,0.0,0.25,0.0,0.0,0.0,0.3333333333333333
190054,IBERIA MEDICAL CENTER,0,Acute Care Hospitals,Voluntary non-profit - Private,Yes,LA,0.0,0.1666666666666666,0.0,0.0,0.0,0.0
190060,LAKE CHARLES MEMORIAL HOSPITAL,0,Acute Care Hospitals,Voluntary non-profit - Private,Yes,LA,0.0,0.125,0.1666666666666666,0.1666666666666666,0.1,0.1
190064,OUR LADY OF THE LAKE REGIONAL MEDICAL CENTER,0,Acute Care Hospitals,Voluntary non-profit - Church,Yes,LA,0.0,0.125,0.3333333333333333,0.0,0.0,0.0
190065,BATON ROUGE GENERAL MEDICAL CENTER,0,Acute Care Hospitals,Voluntary non-profit - Private,Yes,LA,0.0,0.0,0.2857142857142857,0.0,0.1818181818181818,0.0909090909090909
190086,NORTHERN LOUISIANA MEDICAL CENTER,0,Acute Care Hospitals,Proprietary,Yes,LA,0.0,0.0,0.0,0.0,0.0,0.0
190088,SPRINGHILL MEDICAL CENTER,1,Acute Care Hospitals,Voluntary non-profit - Private,Yes,LA,0.0,0.0,,,0.25,0.0
190098,OCHSNER LSU HEALTH SHREVEPORT,0,Acute Care Hospitals,Voluntary non-profit - Private,Yes,LA,0.0,0.0,0.5,0.0,0.125,0.0
190099,AVOYELLES HOSPITAL,0,Acute Care Hospitals,Proprietary,Yes,LA,0.0,0.0,0.0,0.0,0.0,0.5
190102,"OUR LADY OF LOURDES REGIONAL MEDICAL CENTER, INC",0,Acute Care Hospitals,Voluntary non-profit - Private,Yes,LA,0.0,0.125,0.3333333333333333,0.0,0.0,0.1
190106,OAKDALE COMMUNITY HOSPITAL,0,Acute Care Hospitals,Proprietary,Yes,LA,0.0,0.0,0.0,0.0,0.0,0.25
190111,WILLIS KNIGHTON MEDICAL CENTER,0,Acute Care Hospitals,Voluntary non-profit - Private,Yes,LA,0.0,0.125,0.125,0.0,0.0909090909090909,0.0
190114,CLAIBORNE MEMORIAL MEDICAL CENTER,0,Acute Care Hospitals,Government - Hospital District or Authority,Yes,LA,0.0,0.0,0.0,0.5,0.0,0.25
190116,MOREHOUSE GENERAL HOSPITAL,0,Acute Care Hospitals,Government - Hospital District or Authority,Yes,LA,0.0,0.0,,,0.0,0.25
190118,DESOTO REGIONAL HEALTH SYSTEM,0,Acute Care Hospitals,Voluntary non-profit - Private,Yes,LA,0.0,0.0,,,0.0,0.0
190125,FMOL HEALTH ST FRANCIS,0,Acute Care Hospitals,Voluntary non-profit - Private,Yes,LA,0.0,0.0,0.4285714285714285,0.0,0.0,0.2
190128,WOMANS HOSPITAL,1,Acute Care Hospitals,Voluntary non-profit - Private,Yes,LA,0.0,0.0,0.1666666666666666,0.1666666666666666,0.0,0.0
190144,MINDEN MEDICAL CENTER,0,Acute Care Hospitals,Proprietary,Yes,LA,0.0,0.0,0.0,0.0,0.0,0.1666666666666666
190145,LASALLE GENERAL HOSPITAL,0,Acute Care Hospitals,Government - Hospital District or Authority,No,LA,0.0,0.3333333333333333,,,0.0,0.6666666666666666
190160,GLENWOOD REGIONAL MEDICAL CENTER,0,Acute Care Hospitals,Proprietary,Yes,LA,0.0,0.0,0.1666666666666666,0.3333333333333333,0.0,0.2222222222222222
190164,BYRD REGIONAL HOSPITAL,0,Acute Care Hospitals,Proprietary,Yes,LA,0.0,0.0,0.0,0.0,0.0,0.5
190167,MERCY REGIONAL MEDICAL CENTER,0,Acute Care Hospitals,Proprietary,Yes,LA,0.0,0.0,0.0,0.0,0.1666666666666666,0.0
190176,EAST JEFFERSON GENERAL HOSPITAL,0,Acute Care Hospitals,Voluntary non-profit - Private,Yes,LA,0.0,0.0,0.25,0.0,0.0,0.1818181818181818
190183,LEONARD J CHABERT MEDICAL CENTER,0,Acute Care Hospitals,Voluntary non-profit - Other,Yes,LA,0.0,0.0,0.3333333333333333,0.3333333333333333,0.0,0.1428571428571428
190184,CITIZENS MEDICAL CENTER,0,Acute Care Hospitals,Government - Hospital District or Authority,Yes,LA,0.0,0.0,0.0,0.0,0.0,0.2
190202,OCHSNER MEDICAL CENTER - BATON ROUGE,1,Acute Care Hospitals,Voluntary non-profit - Private,Yes,LA,0.0,0.0,0.1666666666666666,0.0,0.0,0.0
190274,OCHSNER MEDICAL CENTER-KENNER,1,Acute Care Hospitals,Voluntary non-profit - Private,Yes,LA,0.0,0.0,0.2,0.0,0.0,0.1428571428571428
190308,ST BERNARD PARISH HOSPITAL,1,Acute Care Hospitals,Government - Hospital District or Authority,Yes,LA,0.0,0.0,0.0,0.0,0.25,0.0
190312,OUR LADY OF THE ANGELS HOSPITAL,1,Acute Care Hospitals,Voluntary non-profit - Private,Yes,LA,0.0,0.0,0.0,0.0,0.0,0.0
190317,OCHSNER LSU HEALTH SHREVEPORT-ST MARY MEDICAL CENT,0,Acute Care Hospitals,Voluntary non-profit - Private,No,LA,,,0.2,0.0,0.0,0.0
190318,ACADIAN MEDICAL CENTER,0,Acute Care Hospitals,Proprietary,Yes,LA,0.0,0.0,0.0,0.0,0.1666666666666666,0.0
19047F,SOUTHEAST LOUISIANA VETERANS HEALTH CARE SYSTEM,0,Acute Care - Veterans Administration,Veterans Health Administration,Yes,LA,0.5,0.0,0.0,0.0,0.0,0.8
19048F,OVERTON BROOKS VA MEDICAL CENTER (SHREVEPORT),0,Acute Care - Veterans Administration,Veterans Health Administration,Yes,LA,0.0,0.0,0.0,0.25,0.0,0.1666666666666666
191312,CHRISTUS COUSHATTA HEALTH CARE CENTER,1,Critical Access Hospitals,Voluntary non-profit - Private,Yes,LA,0.0,0.0,0.0,0.0,0.0,0.0
200001,ST JOSEPH HOSPITAL,0,Acute Care Hospitals,Voluntary non-profit - Church,Yes,ME,0.0,0.1666666666666666,0.1428571428571428,0.0,0.0,0.2857142857142857
200008,NORTHERN LIGHT MERCY HOSPITAL,1,Acute Care Hospitals,Voluntary non-profit - Church,Yes,ME,0.0,0.0,0.0,0.0,0.125,0.125
200009,MAINEHEALTH MAINE MEDICAL CENTER,1,Acute Care Hospitals,Voluntary non-profit - Private,Yes,ME,0.0,0.125,0.375,0.0,0.0,0.0
200018,NORTHERN LIGHT  A R GOULD HOSPITAL,0,Acute Care Hospitals,Voluntary non-profit - Private,Yes,ME,0.0,0.0,0.0,0.0,0.125,0.0
200020,YORK HOSPITAL,1,Acute Care Hospitals,Voluntary non-profit - Private,Yes,ME,0.0,0.0,0.0,0.0,0.0,0.125
200021,MAINEHEALTH MID COAST HOSPITAL,0,Acute Care Hospitals,Voluntary non-profit - Private,Yes,ME,0.0,0.1666666666666666,0.2,0.0,0.0,0.0
200024,CENTRAL MAINE MEDICAL CENTER,1,Acute Care Hospitals,Voluntary non-profit - Private,Yes,ME,0.0,0.0,0.5,0.0,0.2,0.0
200031,CARY MEDICAL CENTER,0,Acute Care Hospitals,Government - Local,Yes,ME,0.0,0.0,0.0,0.0,0.0,0.125
200033,NORTHERN LIGHT EASTERN MAINE MEDICAL CENTER,1,Acute Care Hospitals,Voluntary non-profit - Private,Yes,ME,0.0,0.0,0.2857142857142857,0.0,0.4545454545454545,0.0909090909090909
200034,ST MARY'S REGIONAL MEDICAL CENTER,1,Acute Care Hospitals,Voluntary non-profit - Church,Yes,ME,0.0,0.0,0.3333333333333333,0.0,0.2857142857142857,0.0
200039,MAINE GENERAL MEDICAL CENTER,1,Acute Care Hospitals,Voluntary non-profit - Other,Yes,ME,0.0,0.0,0.1666666666666666,0.0,0.0,0.0
20003F,TOGUS VA MEDICAL CENTER,1,Acute Care - Veterans Administration,Veterans Health Administration,Yes,ME,0.25,0.0,0.0,0.0,0.0,0.2
200050,NORTHERN LIGHT MAINE COAST HOSPITAL,0,Acute Care Hospitals,Voluntary non-profit - Other,Yes,ME,0.0,0.0,0.0,0.0,0.0,0.1428571428571428
200063,MAINEHEALTH PEN BAY HOSPITAL,0,Acute Care Hospitals,Voluntary non-profit - Private,Yes,ME,0.0,0.0,0.5,0.0,0.0,0.25
201302,LINCOLNHEALTH,0,Critical Access Hospitals,Voluntary non-profit - Private,Yes,ME,0.0,0.0,0.0,0.0,0.25,0.0
201308,HOULTON REGIONAL HOSPITAL,0,Critical Access Hospitals,Voluntary non-profit - Private,Yes,ME,0.0,0.25,0.0,0.0,0.3333333333333333,0.0
201309,NORTHERN LIGHT MAYO HOSPITAL,0,Critical Access Hospitals,Government - Hospital District or Authority,Yes,ME,0.0,0.0,0.0,0.0,0.5,0.0
201310,BRIDGTON HOSPITAL,0,Critical Access Hospitals,Voluntary non-profit - Private,Yes,ME,0.0,0.0,0.0,0.0,0.0,0.0
201311,DOWN EAST COMMUNITY HOSPITAL,1,Critical Access Hospitals,Voluntary non-profit - Private,Yes,ME,0.0,0.0,,,0.0,0.0
201312,MAINEHEALTH WALDO HOSPITAL,0,Critical Access Hospitals,Voluntary non-profit - Private,Yes,ME,0.0,0.0,0.0,0.0,0.1428571428571428,0.1428571428571428
201313,NORTHERN LIGHT SEBASTICOOK VALLEY HOSPITAL,0,Critical Access Hospitals,Voluntary non-profit - Private,Yes,ME,0.0,0.0,0.0,0.0,0.0,0.0
201314,REDINGTON FAIRVIEW GENERAL HOSPITAL,0,Critical Access Hospitals,Voluntary non-profit - Private,Yes,ME,0.0,0.0,0.0,0.0,0.0,0.0
201315,MAINEHEALTH STEPHENS HOSPITAL,1,Critical Access Hospitals,Voluntary non-profit - Private,Yes,ME,0.0,0.0,0.0,0.0,0.0,0.0
201316,MAINEHEALTH FRANKLIN HOSPITAL,0,Critical Access Hospitals,Voluntary non-profit - Private,Yes,ME,0.0,0.0,,,0.1666666666666666,0.1666666666666666
210001,MERITUS MEDICAL CENTER,0,Acute Care Hospitals,Voluntary non-profit - Private,Yes,MD,0.0,0.0,0.375,0.0,0.0,0.4
210002,UNIVERSITY OF MARYLAND MEDICAL CENTER,0,Acute Care Hospitals,Voluntary non-profit - Private,Yes,MD,0.125,0.0,0.1428571428571428,0.1428571428571428,0.0,0.1
210003,UNIVERSITY OF MD CAPITAL REGION MEDICAL CENTER,0,Acute Care Hospitals,Voluntary non-profit - Private,Yes,MD,0.0,0.0,0.3333333333333333,0.1666666666666666,0.0,0.125
210004,HOLY CROSS HOSPITAL,0,Acute Care Hospitals,Voluntary non-profit - Church,No,MD,0.0,0.0,0.125,0.125,0.0,0.375
210005,FREDERICK HEALTH HOSPITAL,0,Acute Care Hospitals,Voluntary non-profit - Private,Yes,MD,0.1428571428571428,0.0,0.1428571428571428,0.0,0.1,0.1
210008,MERCY MEDICAL CENTER INC,0,Acute Care Hospitals,Voluntary non-profit - Church,Yes,MD,0.0,0.0,0.125,0.0,0.1111111111111111,0.2222222222222222
210009,"JOHNS HOPKINS HOSPITAL, THE",1,Acute Care Hospitals,Voluntary non-profit - Private,Yes,MD,0.625,0.0,0.5714285714285714,0.1428571428571428,0.1,0.3
210011,SAINT AGNES HOSPITAL,0,Acute Care Hospitals,Voluntary non-profit - Church,Yes,MD,0.1428571428571428,0.0,0.2,0.0,0.1,0.1
210012,SINAI HOSPITAL OF BALTIMORE,0,Acute Care Hospitals,Voluntary non-profit - Private,Yes,MD,0.0,0.0,0.375,0.25,0.0909090909090909,0.3636363636363636
210015,MEDSTAR FRANKLIN SQUARE MEDICAL CENTER,0,Acute Care Hospitals,Voluntary non-profit - Private,Yes,MD,0.4285714285714285,0.0,0.4285714285714285,0.1428571428571428,0.1111111111111111,0.1111111111111111
210016,ADVENTIST HEALTHCARE WHITE OAK MEDICAL CENTER,0,Acute Care Hospitals,Voluntary non-profit - Private,Yes,MD,0.0,0.0,0.1428571428571428,0.0,0.0,0.2222222222222222
210017,GARRETT REGIONAL MEDICAL CENTER,1,Acute Care Hospitals,Voluntary non-profit - Private,Yes,MD,0.0,0.1666666666666666,0.0,0.0,0.1111111111111111,0.0
210018,MEDSTAR MONTGOMERY MEDICAL CENTER,0,Acute Care Hospitals,Voluntary non-profit - Private,Yes,MD,0.0,0.0,0.1666666666666666,0.0,0.0,0.1111111111111111
210019,"TIDALHEALTH PENINSULA REGIONAL, INC",1,Acute Care Hospitals,Voluntary non-profit - Private,Yes,MD,0.0,0.125,0.2857142857142857,0.0,0.1818181818181818,0.1818181818181818
210022,SUBURBAN HOSPITAL,1,Acute Care Hospitals,Voluntary non-profit - Private,Yes,MD,0.125,0.0,0.2857142857142857,0.0,0.0,0.2222222222222222
210023,"LUMINIS HEALTH ANNE ARUNDEL MEDICAL CENTER, INC",0,Acute Care Hospitals,Voluntary non-profit - Private,Yes,MD,0.0,0.125,0.375,0.125,0.0909090909090909,0.1818181818181818
210024,MEDSTAR UNION MEMORIAL HOSPITAL,1,Acute Care Hospitals,Voluntary non-profit - Other,Yes,MD,0.125,0.0,0.3333333333333333,0.0,0.5,0.0
210027,WESTERN MARYLAND REGIONAL MEDICAL CENTER,1,Acute Care Hospitals,Voluntary non-profit - Private,Yes,MD,0.125,0.0,0.2857142857142857,0.0,0.1818181818181818,0.0909090909090909
210028,MEDSTAR SAINT MARY'S HOSPITAL,1,Acute Care Hospitals,Voluntary non-profit - Private,Yes,MD,0.0,0.0,0.1666666666666666,0.0,0.1111111111111111,0.1111111111111111
210029,JOHNS HOPKINS BAYVIEW MEDICAL CENTER,0,Acute Care Hospitals,Voluntary non-profit - Private,Yes,MD,0.2857142857142857,0.0,0.0,0.0,0.3,0.0
210030,UNIVERSITY OF MD SHORE MEDICAL CTR AT CHESTERTOWN,1,Acute Care Hospitals,Voluntary non-profit - Private,Yes,MD,0.0,0.0,,,0.1428571428571428,0.0
210032,UNION HOSPITAL OF CECIL COUNTY,1,Acute Care Hospitals,Voluntary non-profit - Private,No,MD,0.0,0.0,0.1666666666666666,0.0,0.0,0.1111111111111111
210033,CARROLL HOSPITAL CENTER,0,Acute Care Hospitals,Voluntary non-profit - Private,Yes,MD,0.0,0.0,0.1666666666666666,0.0,0.1428571428571428,0.1428571428571428
210034,MEDSTAR HARBOR HOSPITAL,1,Acute Care Hospitals,Voluntary non-profit - Private,No,MD,0.1666666666666666,0.0,0.4,0.0,0.0,0.0
210035,UNIVERSITY OF MD CHARLES REGIONAL  MEDICAL CENTER,0,Acute Care Hospitals,Voluntary non-profit - Private,Yes,MD,0.0,0.0,0.0,0.0,0.1428571428571428,0.2857142857142857
210037,UNIVERSITY OF MD SHORE MEDICAL CENTER AT EASTON,1,Acute Care Hospitals,Voluntary non-profit - Private,Yes,MD,0.1428571428571428,0.1428571428571428,0.1428571428571428,0.0,0.1,0.0
210038,UNIVERSITY OF MD MEDICAL CENTER MIDTOWN CAMPUS,0,Acute Care Hospitals,Voluntary non-profit - Other,Yes,MD,0.0,0.0,0.25,0.25,0.0,0.0
210039,CALVERTHEALTH MEDICAL CENTER,1,Acute Care Hospitals,Voluntary non-profit - Other,Yes,MD,0.0,0.0,0.0,0.0,0.0,0.0
210040,NORTHWEST HOSPITAL CENTER,0,Acute Care Hospitals,Voluntary non-profit - Private,Yes,MD,0.0,0.2857142857142857,0.1428571428571428,0.0,0.1111111111111111,0.3333333333333333
210043,UNIVERSITY OF MD BALTIMORE WASHINGTON MEDICAL CENTER,1,Acute Care Hospitals,Voluntary non-profit - Other,Yes,MD,0.2857142857142857,0.0,0.1428571428571428,0.0,0.4,0.0
210044,GREATER BALTIMORE MEDICAL CENTER,1,Acute Care Hospitals,Voluntary non-profit - Private,Yes,MD,0.1428571428571428,0.0,0.375,0.125,0.2222222222222222,0.0
210048,JOHNS HOPKINS HOWARD COUNTY MEDICAL CENTER,0,Acute Care Hospitals,Voluntary non-profit - Private,Yes,MD,0.2857142857142857,0.0,0.1428571428571428,0.0,0.125,0.25
210049,UMD UPPER CHESAPEAKE MEDICAL CENTER,0,Acute Care Hospitals,Voluntary non-profit - Other,Yes,MD,0.1428571428571428,0.1428571428571428,0.1428571428571428,0.1428571428571428,0.0,0.125
210051,"LUMINIS HEALTH DOCTORS COMMUNITY MEDICAL CTR, INC",0,Acute Care Hospitals,Proprietary,Yes,MD,0.0,0.0,0.1428571428571428,0.0,0.1428571428571428,0.2857142857142857
210056,MEDSTAR GOOD SAMARITAN HOSPITAL,0,Acute Care Hospitals,Voluntary non-profit - Other,Yes,MD,0.2857142857142857,0.0,0.5,0.0,0.0,0.0
210057,ADVENTIST HEALTHCARE SHADY GROVE MEDICAL CENTER,0,Acute Care Hospitals,Voluntary non-profit - Private,Yes,MD,0.0,0.0,0.2857142857142857,0.0,0.0,0.375
210060,ADVENTIST HEALTHCARE FORT WASHINGTON MEDICAL CTR,1,Acute Care Hospitals,Voluntary non-profit - Other,Yes,MD,0.0,0.0,0.3333333333333333,0.0,0.0,0.1666666666666666
210061,ATLANTIC GENERAL HOSPITAL,0,Acute Care Hospitals,Voluntary non-profit - Private,Yes,MD,0.0,0.3333333333333333,0.2,0.0,0.125,0.125
210062,MEDSTAR SOUTHERN MARYLAND HOSPITAL CENTER,0,Acute Care Hospitals,Voluntary non-profit - Private,Yes,MD,0.2857142857142857,0.0,0.2857142857142857,0.0,0.125,0.125
210063,UNIVERSITY OF MD ST JOSEPH MEDICAL CENTER,1,Acute Care Hospitals,Voluntary non-profit - Private,Yes,MD,0.25,0.0,0.2857142857142857,0.0,0.4444444444444444,0.0
210065,HOLY CROSS GERMANTOWN HOSPITAL,0,Acute Care Hospitals,Voluntary non-profit - Private,Yes,MD,0.0,0.0,0.0,0.0,0.0,0.2857142857142857
21020F,VA MARYLAND HEALTHCARE SYSTEM - BALTIMORE,0,Acute Care - Veterans Administration,Veterans Health Administration,Yes,MD,0.25,0.0,0.0,0.0,0.0,0.5
220001,UMASS MEMORIAL HEALTHALLIANCE HOSPITALS,0,Acute Care Hospitals,Voluntary non-profit - Other,Yes,MA,0.0,0.0,0.2,0.0,0.0,0.25
220002,MOUNT AUBURN HOSPITAL,1,Acute Care Hospitals,Voluntary non-profit - Private,Yes,MA,0.125,0.0,0.0,0.0,0.0,0.0909090909090909
220008,STURDY MEMORIAL HOSPITAL,0,Acute Care Hospitals,Voluntary non-profit - Other,Yes,MA,0.1428571428571428,0.0,0.1428571428571428,0.0,0.0,0.3333333333333333
220010,MERRIMACK HEALTH LAWRENCE HOSPITAL,0,Acute Care Hospitals,Voluntary non-profit - Private,Yes,MA,0.0,0.0,0.2857142857142857,0.0,0.0,0.125
220011,CAMBRIDGE HEALTH ALLIANCE,0,Acute Care Hospitals,Government - Local,Yes,MA,0.2,0.0,0.1666666666666666,0.0,0.0,0.0
220012,CAPE COD HOSPITAL,0,Acute Care Hospitals,Voluntary non-profit - Private,Yes,MA,0.0,0.125,0.2857142857142857,0.0,0.0,0.3636363636363636
220015,"COOLEY DICKINSON HOSPITAL INC,THE",0,Acute Care Hospitals,Voluntary non-profit - Private,Yes,MA,0.1666666666666666,0.0,0.1428571428571428,0.1428571428571428,0.1111111111111111,0.1111111111111111
220016,BAYSTATE FRANKLIN MEDICAL CENTER,0,Acute Care Hospitals,Voluntary non-profit - Private,Yes,MA,0.0,0.0,0.0,0.0,0.125,0.25
220019,UMASS MEMORIAL HEALTH - HARRINGTON HOSPITAL,0,Acute Care Hospitals,Voluntary non-profit - Private,Yes,MA,0.0,0.0,0.25,0.0,0.0,0.25
220020,SAINT ANNE'S HOSPITAL,0,Acute Care Hospitals,Proprietary,Yes,MA,0.0,0.0,0.1428571428571428,0.1428571428571428,0.0,0.3
220024,HOLYOKE MEDICAL CENTER,1,Acute Care Hospitals,Voluntary non-profit - Private,Yes,MA,0.0,0.0,0.0,0.0,0.1111111111111111,0.1111111111111111
220029,ANNA JAQUES HOSPITAL,0,Acute Care Hospitals,Voluntary non-profit - Private,Yes,MA,0.0,0.0,0.0,0.0,0.0,0.1111111111111111
220030,BAYSTATE WING HOSPITAL,1,Acute Care Hospitals,Voluntary non-profit - Other,Yes,MA,0.0,0.0,0.5,0.0,0.0,0.3333333333333333
220031,BOSTON MEDICAL CENTER,0,Acute Care Hospitals,Voluntary non-profit - Private,Yes,MA,0.125,0.0,0.25,0.0,0.0909090909090909,0.0909090909090909
220033,NORTHEAST HOSPITAL CORPORATION,0,Acute Care Hospitals,Voluntary non-profit - Private,Yes,MA,0.2857142857142857,0.0,0.1428571428571428,0.0,0.0,0.2
220035,NORTH SHORE MEDICAL CENTER -,1,Acute Care Hospitals,Voluntary non-profit - Private,Yes,MA,0.5714285714285714,0.0,0.2857142857142857,0.0,0.1,0.1
220036,BOSTON MEDICAL CENTER-BRIGHTON,0,Acute Care Hospitals,Proprietary,Yes,MA,0.0,0.0,0.2857142857142857,0.0,0.0,0.3333333333333333
220046,BERKSHIRE MEDICAL CENTER,1,Acute Care Hospitals,Voluntary non-profit - Other,Yes,MA,0.0,0.0,0.2857142857142857,0.0,0.1111111111111111,0.0
220049,MARLBOROUGH HOSPITAL,0,Acute Care Hospitals,Voluntary non-profit - Private,Yes,MA,0.1666666666666666,0.0,0.0,0.0,0.0,0.3333333333333333
220052,SIGNATURE HEALTHCARE BROCKTON HOSPITAL,0,Acute Care Hospitals,Voluntary non-profit - Other,Yes,MA,0.0,0.0,0.0,0.0,0.125,0.0
220060,BETH ISRAEL DEACONESS HOSPITAL PLYMOUTH,1,Acute Care Hospitals,Voluntary non-profit - Private,Yes,MA,0.4285714285714285,0.0,0.1428571428571428,0.0,0.1,0.1
220063,LOWELL GENERAL HOSPITAL,0,Acute Care Hospitals,Voluntary non-profit - Private,Yes,MA,0.0,0.1428571428571428,0.1428571428571428,0.1428571428571428,0.0,0.4
220065,BAYSTATE NOBLE HOSPITAL,0,Acute Care Hospitals,Voluntary non-profit - Private,Yes,MA,0.0,0.0,0.0,0.0,0.0,0.0
220066,MERCY MEDICAL CTR,0,Acute Care Hospitals,Voluntary non-profit - Private,Yes,MA,0.0,0.1428571428571428,0.1428571428571428,0.0,0.0,0.2222222222222222
220070,MELROSEWAKEFIELD HEALTHCARE,0,Acute Care Hospitals,Voluntary non-profit - Private,Yes,MA,0.0,0.0,0.1428571428571428,0.0,0.0,0.375
220071,MASSACHUSETTS GENERAL HOSPITAL,1,Acute Care Hospitals,Voluntary non-profit - Private,Yes,MA,0.75,0.0,0.5,0.0,0.4545454545454545,0.3636363636363636
220073,BROWN UNIVERSITY HEALTH MORTON HOSPITAL,0,Acute Care Hospitals,Proprietary,Yes,MA,0.1666666666666666,0.0,0.0,0.1428571428571428,0.0,0.5714285714285714
220074,SOUTHCOAST HOSPITALS GROUP,1,Acute Care Hospitals,Voluntary non-profit - Private,Yes,MA,0.25,0.0,0.4285714285714285,0.0,0.0909090909090909,0.2727272727272727
220077,BAYSTATE MEDICAL CENTER,0,Acute Care Hospitals,Voluntary non-profit - Private,Yes,MA,0.125,0.0,0.375,0.125,0.1818181818181818,0.3636363636363636
220080,HOLY FAMILY HOSPITAL,0,Acute Care Hospitals,Proprietary,Yes,MA,0.0,0.0,0.1666666666666666,0.0,0.0,0.375
220083,BETH ISRAEL DEACONESS HOSPITAL - NEEDHAM,1,Acute Care Hospitals,Voluntary non-profit - Private,Yes,MA,0.6,0.0,0.0,0.0,0.0,0.2857142857142857
220084,EMERSON HOSPITAL -,1,Acute Care Hospitals,Voluntary non-profit - Private,Yes,MA,0.1428571428571428,0.0,0.1428571428571428,0.0,0.1111111111111111,0.0
220086,BETH ISRAEL DEACONESS MEDICAL CENTER,0,Acute Care Hospitals,Voluntary non-profit - Private,Yes,MA,0.5,0.0,0.375,0.125,0.0,0.3636363636363636
220088,NEW ENGLAND BAPTIST HOSPITAL,1,Acute Care Hospitals,Voluntary non-profit - Private,No,MA,0.0,0.0,0.0,0.0,0.6666666666666666,0.3333333333333333
220090,MILFORD REGIONAL MEDICAL CENTER,1,Acute Care Hospitals,Voluntary non-profit - Other,Yes,MA,0.0,0.0,0.1428571428571428,0.0,0.0,0.5714285714285714
220095,HEYWOOD HOSPITAL -,0,Acute Care Hospitals,Voluntary non-profit - Private,Yes,MA,0.0,0.0,0.0,0.0,0.0,0.3333333333333333
220100,SOUTH SHORE HOSPITAL,0,Acute Care Hospitals,Voluntary non-profit - Private,Yes,MA,0.2857142857142857,0.0,0.125,0.125,0.0,0.5
220101,NEWTON-WELLESLEY HOSPITAL,1,Acute Care Hospitals,Voluntary non-profit - Private,Yes,MA,0.4285714285714285,0.0,0.4285714285714285,0.0,0.1111111111111111,0.0
220105,WINCHESTER HOSPITAL,0,Acute Care Hospitals,Voluntary non-profit - Private,Yes,MA,0.1428571428571428,0.0,0.0,0.0,0.0,0.4444444444444444
220108,BETH ISRAEL DEACONESS HOSPITAL - MILTON,1,Acute Care Hospitals,Government - Federal,Yes,MA,0.5,0.0,0.1666666666666666,0.0,0.1428571428571428,0.4285714285714285
22010F,VA BOSTON HEALTHCARE SYSTEM - JAMAICA PLAIN,1,Acute Care - Veterans Administration,Veterans Health Administration,Yes,MA,0.5,0.0,0.0,0.0,0.0,0.6666666666666666
220110,BRIGHAM AND WOMEN'S HOSPITAL,1,Acute Care Hospitals,Voluntary non-profit - Private,Yes,MA,0.625,0.0,0.375,0.0,0.0,0.1818181818181818
220111,GOOD SAMARITAN MEDICAL CENTER,0,Acute Care Hospitals,Proprietary,Yes,MA,0.1428571428571428,0.0,0.2857142857142857,0.0,0.0,0.375
220116,TUFTS MEDICAL CENTER,0,Acute Care Hospitals,Voluntary non-profit - Private,Yes,MA,0.125,0.0,0.125,0.125,0.0,0.1818181818181818
220119,BRIGHAM AND WOMEN FAULKNER HOSPITAL,1,Acute Care Hospitals,Voluntary non-profit - Private,Yes,MA,0.8333333333333334,0.0,0.1666666666666666,0.0,0.1111111111111111,0.0
220135,FALMOUTH HOSPITAL,1,Acute Care Hospitals,Voluntary non-profit - Private,Yes,MA,0.0,0.0,0.1428571428571428,0.0,0.0,0.1
220163,UMASS MEMORIAL MEDICAL CENTER/UNIVERSITY CAMPUS,0,Acute Care Hospitals,Voluntary non-profit - Private,Yes,MA,0.375,0.125,0.25,0.0,0.0,0.0909090909090909
220171,"LAHEY HOSPITAL & MEDICAL CENTER, BURLINGTON",1,Acute Care Hospitals,Voluntary non-profit - Private,Yes,MA,0.375,0.0,0.4285714285714285,0.0,0.1818181818181818,0.0
220175,METROWEST MEDICAL CENTER,0,Acute Care Hospitals,Voluntary non-profit - Private,Yes,MA,0.0,0.0,0.3333333333333333,0.0,0.0,0.2857142857142857
220176,ST VINCENT HOSPITAL,0,Acute Care Hospitals,Proprietary,Yes,MA,0.0,0.0,0.4285714285714285,0.0,0.0909090909090909,0.0
220177,NANTUCKET COTTAGE HOSPITAL,0,Acute Care Hospitals,Voluntary non-profit - Private,Yes,MA,0.0,0.0,,,0.0,0.1666666666666666
221300,MARTHA'S VINEYARD HOSPITAL INC,1,Critical Access Hospitals,Voluntary non-profit - Private,Yes,MA,0.0,0.0,0.0,0.0,0.0,0.2857142857142857
221302,FAIRVIEW HOSPITAL,1,Critical Access Hospitals,Voluntary non-profit - Private,Yes,MA,0.0,0.0,0.0,0.0,0.1666666666666666,0.0
221303,ATHOL MEMORIAL HOSPITAL,0,Critical Access Hospitals,Voluntary non-profit - Private,Yes,MA,0.0,0.0,0.0,0.0,0.2,0.2
230002,ST JOE MERCY HOSPITAL SYSTEM LIVONIA,0,Acute Care Hospitals,Voluntary non-profit - Private,Yes,MI,0.0,0.0,0.0,0.0,0.0,0.3
230003,COREWELL HEALTH ZEELAND HOSPITAL,1,Acute Care Hospitals,Voluntary non-profit - Private,Yes,MI,0.0,0.0,0.5,0.0,0.2,0.0
230005,PROMEDICA CHARLES AND VIRGINIA HICKMAN HOSPITAL,0,Acute Care Hospitals,Voluntary non-profit - Private,Yes,MI,0.0,0.0,0.5,0.0,0.125,0.0
230015,THREE RIVERS HEALTH,0,Acute Care Hospitals,Government - Hospital District or Authority,No,MI,0.0,0.0,0.0,0.0,0.1666666666666666,0.0
230017,BRONSON METHODIST HOSPITAL,1,Acute Care Hospitals,Voluntary non-profit - Private,Yes,MI,0.0,0.0,0.5,0.0,0.1818181818181818,0.0
230019,"ASCENSION PROVIDENCE HOSPITAL, SOUTHFIELD AND NOVI",1,Acute Care Hospitals,Voluntary non-profit - Church,Yes,MI,0.25,0.0,0.2857142857142857,0.0,0.1111111111111111,0.2222222222222222
230020,BEAUMONT HOSPITAL - DEARBORN,0,Acute Care Hospitals,Voluntary non-profit - Private,Yes,MI,0.375,0.0,0.25,0.25,0.0909090909090909,0.2727272727272727
230021,"LAKELAND HOSPITAL, ST JOSEPH",1,Acute Care Hospitals,Voluntary non-profit - Private,Yes,MI,0.0,0.0,0.1666666666666666,0.1666666666666666,0.3,0.1
230022,INSIGHT HOSPITAL AND MEDICAL CENTER COLDWATER,0,Acute Care Hospitals,Government - Local,Yes,MI,0.0,0.0,0.0,0.0,0.0,0.125
230024,SINAI-GRACE HOSPITAL,0,Acute Care Hospitals,Proprietary,Yes,MI,0.0,0.0,0.3333333333333333,0.1666666666666666,0.0,0.2222222222222222
230029,TRINITY HEALTH OAKLAND HOSPITAL,0,Acute Care Hospitals,Voluntary non-profit - Private,Yes,MI,0.0,0.0,0.2857142857142857,0.0,0.0,0.1818181818181818
230030,MYMICHIGAN MEDICAL CENTER ALMA,1,Acute Care Hospitals,Voluntary non-profit - Private,Yes,MI,0.0,0.2,0.0,0.0,0.0,0.0
230031,LAKE HURON MEDICAL CENTER,1,Acute Care Hospitals,Voluntary non-profit - Church,Yes,MI,0.0,0.0,0.0,0.0,0.1428571428571428,0.0
230035,SPECTRUM HEALTH UNITED HOSPITAL,1,Acute Care Hospitals,Voluntary non-profit - Other,No,MI,0.0,0.0,0.0,0.0,0.0,0.125
230036,MYMICHIGAN MEDICAL CENTER ALPENA,0,Acute Care Hospitals,Proprietary,Yes,MI,0.0,0.0,0.0,0.0,0.1111111111111111,0.0
230037,HILLSDALE HOSPITAL,0,Acute Care Hospitals,Voluntary non-profit - Private,Yes,MI,0.0,0.0,0.0,0.0,0.1428571428571428,0.1428571428571428
230038,SPECTRUM HEALTH,1,Acute Care Hospitals,Voluntary non-profit - Private,Yes,MI,0.375,0.0,0.375,0.0,0.0909090909090909,0.0
230041,MCLAREN BAY REGION,0,Acute Care Hospitals,Voluntary non-profit - Private,Yes,MI,0.0,0.0,0.1428571428571428,0.0,0.0,0.5454545454545454
230046,UNIVERSITY OF MICHIGAN HEALTH SYSTEM,1,Acute Care Hospitals,Voluntary non-profit - Private,Yes,MI,0.375,0.125,0.5,0.0,0.0909090909090909,0.1818181818181818
230047,HENRY FORD MACOMB HOSPITAL,0,Acute Care Hospitals,Voluntary non-profit - Private,Yes,MI,0.0,0.0,0.4285714285714285,0.0,0.0,0.3
230053,HENRY FORD HEALTH HOSPITAL,0,Acute Care Hospitals,Voluntary non-profit - Private,Yes,MI,0.0,0.125,0.4285714285714285,0.1428571428571428,0.1,0.5
230054,UPHS MARQUETTE DLP HOSPITAL,0,Acute Care Hospitals,Government - Local,Yes,MI,0.0,0.0,0.1428571428571428,0.0,0.0909090909090909,0.0909090909090909
230055,DICKINSON COUNTY MEMORIAL HOSPITAL,0,Acute Care Hospitals,Government - Local,Yes,MI,0.0,0.0,0.0,0.25,0.125,0.0
230058,MUNSON HEALTHCARE GRAYLING HOSPITAL,0,Acute Care Hospitals,Voluntary non-profit - Church,Yes,MI,0.0,0.0,0.0,0.0,0.25,0.0
230059,MERCY HEALTH SAINT MARY'S,0,Acute Care Hospitals,Voluntary non-profit - Church,Yes,MI,0.0,0.0,0.125,0.0,0.0,0.2
230066,TRINITY HEALTH MUSKEGON HOSPITAL,0,Acute Care Hospitals,Voluntary non-profit - Private,Yes,MI,0.0,0.0,0.1428571428571428,0.1428571428571428,0.4444444444444444,0.1111111111111111
230069,TRINITY HEALTH LIVINGSTON HOSPITAL,1,Acute Care Hospitals,Voluntary non-profit - Other,Yes,MI,0.0,0.0,0.0,0.0,0.375,0.0
230070,COVENANT MEDICAL CENTER,0,Acute Care Hospitals,Voluntary non-profit - Private,Yes,MI,0.0,0.0,0.2857142857142857,0.0,0.0,0.3636363636363636
230072,HOLLAND HOSPITAL,1,Acute Care Hospitals,Voluntary non-profit - Private,Yes,MI,0.0,0.0,0.25,0.0,0.2,0.0
230075,BRONSON BATTLE CREEK HOSPITAL,0,Acute Care Hospitals,Proprietary,Yes,MI,0.0,0.0,0.1428571428571428,0.0,0.0,0.0
230077,MYMICHIGAN MEDICAL CENTER SAGINAW,0,Acute Care Hospitals,Voluntary non-profit - Church,Yes,MI,0.0,0.0,0.25,0.0,0.1428571428571428,0.0
230080,MCLAREN CENTRAL MICHIGAN,0,Acute Care Hospitals,Voluntary non-profit - Private,Yes,MI,0.0,0.0,0.0,0.0,0.0,0.1111111111111111
230081,MUNSON HEALTHCARE CADILLAC HOSPITAL,1,Acute Care Hospitals,Voluntary non-profit - Church,Yes,MI,0.0,0.0,0.0,0.0,0.125,0.125
230089,BEAUMONT HOSPITAL - GROSSE POINTE,1,Acute Care Hospitals,Voluntary non-profit - Private,Yes,MI,0.2857142857142857,0.0,0.25,0.125,0.0,0.1111111111111111
230092,HENRY FORD ALLEGIANCE HEALTH,0,Acute Care Hospitals,Voluntary non-profit - Other,Yes,MI,0.0,0.0,0.2857142857142857,0.0,0.0,0.2
230093,COREWELL HEALTH BIG RAPIDS HOSPITAL,0,Acute Care Hospitals,Voluntary non-profit - Private,Yes,MI,0.0,0.0,0.0,0.0,0.0,0.0
230095,MYMICHIGAN MEDICAL CENTER WEST BRANCH,1,Acute Care Hospitals,Government - Local,Yes,MI,0.0,0.0,0.0,0.0,0.0,0.0
230097,MUNSON MEDICAL CENTER,1,Acute Care Hospitals,Voluntary non-profit - Other,Yes,MI,0.125,0.0,0.25,0.0,0.2727272727272727,0.0
230099,PROMEDICA MONROE REGIONAL HOSPITAL,0,Acute Care Hospitals,Voluntary non-profit - Other,Yes,MI,0.0,0.0,0.1666666666666666,0.1666666666666666,0.0,0.3333333333333333
230100,TAWAS ST JOSEPH HOSPITAL,0,Acute Care Hospitals,Government - Hospital District or Authority,Yes,MI,0.0,0.0,,,0.0,0.0
230104,HARPER UNIVERSITY HOSPITAL,0,Acute Care Hospitals,Proprietary,Yes,MI,0.0,0.0,0.1428571428571428,0.1428571428571428,0.125,0.0
230105,MCLAREN NORTHERN MICHIGAN,0,Acute Care Hospitals,Voluntary non-profit - Other,Yes,MI,0.0,0.0,0.1428571428571428,0.0,0.0,0.0
230108,UP HEALTH SYSTEM PORTAGE,1,Acute Care Hospitals,Voluntary non-profit - Other,Yes,MI,0.0,0.0,0.0,0.0,0.1428571428571428,0.0
230110,COREWELL HEALTH LUDINGTON HOSPITAL,1,Acute Care Hospitals,Voluntary non-profit - Private,Yes,MI,0.0,0.0,0.0,0.0,0.125,0.0
230117,BORGESS MEDICAL CENTER,0,Acute Care Hospitals,Voluntary non-profit - Other,Yes,MI,0.0,0.125,0.2,0.0,0.4444444444444444,0.0
23011F,VA ANN ARBOR HEALTHCARE SYSTEM,1,Acute Care - Veterans Administration,Veterans Health Administration,Yes,MI,0.2,0.0,0.5,0.0,0.1666666666666666,0.1666666666666666
230121,MEMORIAL HEALTHCARE,0,Acute Care Hospitals,Voluntary non-profit - Other,Yes,MI,0.0,0.0,0.2,0.0,0.1111111111111111,0.1111111111111111
230130,BEAUMONT HOSPITAL ROYAL OAK,0,Acute Care Hospitals,Voluntary non-profit - Private,Yes,MI,0.375,0.0,0.375,0.125,0.0,0.1818181818181818
230132,HURLEY MEDICAL CENTER,0,Acute Care Hospitals,Voluntary non-profit - Other,Yes,MI,0.0,0.0,0.4285714285714285,0.0,0.0,0.125
230133,MUNSON HEALTHCARE OTSEGO MEMORIAL HOSPITAL,1,Acute Care Hospitals,Voluntary non-profit - Private,No,MI,0.0,0.0,0.0,0.0,0.0,0.25
230141,MCLAREN FLINT,0,Acute Care Hospitals,Voluntary non-profit - Private,Yes,MI,0.0,0.0,0.4285714285714285,0.0,0.0,0.1818181818181818
230142,COREWELL HEALTH WAYNE HOSPITAL,0,Acute Care Hospitals,Voluntary non-profit - Private,Yes,MI,0.0,0.0,0.1666666666666666,0.0,0.0,0.2857142857142857
230146,WYANDOTTE HOSPITAL AND MEDICAL CENTER,0,Acute Care Hospitals,Voluntary non-profit - Private,Yes,MI,0.0,0.0,0.2857142857142857,0.0,0.0,0.3333333333333333
230151,BEAUMONT HOSPITAL - FARMINGTON HILLS,0,Acute Care Hospitals,Voluntary non-profit - Private,Yes,MI,0.1428571428571428,0.0,0.1428571428571428,0.0,0.0,0.1
230156,TRINITY HEALTH ANN ARBOR HOSPITAL,1,Acute Care Hospitals,Voluntary non-profit - Church,Yes,MI,0.5,0.0,0.125,0.0,0.0909090909090909,0.0909090909090909
230165,HENRY FORD HEALTH ST JOHN HOSPITAL,0,Acute Care Hospitals,Voluntary non-profit - Church,Yes,MI,0.0,0.0,0.3333333333333333,0.0,0.0,0.2
230167,MCLAREN GREATER LANSING,0,Acute Care Hospitals,Voluntary non-profit - Private,Yes,MI,0.0,0.125,0.1428571428571428,0.0,0.0909090909090909,0.0909090909090909
230174,TRINITY HEALTH GRAND HAVEN HOSPITAL,1,Acute Care Hospitals,Government - Hospital District or Authority,Yes,MI,0.0,0.0,0.0,0.0,0.5,0.0
230176,COREWELL HEALTH TRENTON HOSPITAL,0,Acute Care Hospitals,Voluntary non-profit - Private,Yes,MI,0.0,0.0,0.1428571428571428,0.0,0.0,0.2857142857142857
230180,MYMICHIGAN MEDICAL CENTER CLARE,0,Acute Care Hospitals,Voluntary non-profit - Other,No,MI,0.0,0.0,0.0,0.0,0.0,0.0
230193,MCLAREN LAPEER REGION,0,Acute Care Hospitals,Voluntary non-profit - Private,Yes,MI,0.0,0.0,0.0,0.0,0.0,0.1666666666666666
230195,Henry Ford Health Warren Hospital,0,Acute Care Hospitals,Voluntary non-profit - Private,Yes,MI,0.0,0.0,0.1428571428571428,0.0,0.0,0.25
230197,ASCENSION GENESYS HOSPITAL,0,Acute Care Hospitals,Voluntary non-profit - Church,Yes,MI,0.0,0.0,0.1428571428571428,0.0,0.1111111111111111,0.0
230207,MCLAREN OAKLAND,0,Acute Care Hospitals,Voluntary non-profit - Private,Yes,MI,0.0,0.0,0.0,0.0,0.0,0.0
230208,UNIVERSITY OF MICHIGAN HEALTH-SPARROW CARSON,1,Acute Care Hospitals,Voluntary non-profit - Other,Yes,MI,0.0,0.0,0.0,0.0,0.1666666666666666,0.0
230216,MCLAREN PORT HURON,0,Acute Care Hospitals,Voluntary non-profit - Private,Yes,MI,0.0,0.125,0.1428571428571428,0.0,0.0,0.1111111111111111
230217,OAKLAWN HOSPITAL,1,Acute Care Hospitals,Voluntary non-profit - Other,Yes,MI,0.0,0.0,0.0,0.0,0.0,0.0
230222,MYMICHIGAN MEDICAL CENTER MIDLAND,1,Acute Care Hospitals,Voluntary non-profit - Other,No,MI,0.0,0.0,0.2857142857142857,0.0,0.0909090909090909,0.0909090909090909
230227,MCLAREN MACOMB,0,Acute Care Hospitals,Voluntary non-profit - Private,Yes,MI,0.0,0.0,0.1666666666666666,0.1666666666666666,0.0,0.125
230230,EDWARD W SPARROW HOSPITAL,0,Acute Care Hospitals,Voluntary non-profit - Other,Yes,MI,0.0,0.0,0.4285714285714285,0.0,0.3,0.0
230236,UNIVERSITY OF MICHIGAN HEALTH - WEST,1,Acute Care Hospitals,Voluntary non-profit - Private,Yes,MI,0.0,0.0,0.1428571428571428,0.2857142857142857,0.2,0.0
230239,CHIPPEWA COUNTY WAR MEMORIAL HOSPITAL,0,Acute Care Hospitals,Voluntary non-profit - Private,Yes,MI,0.0,0.0,0.0,0.0,0.125,0.125
230241,ASCENSION RIVER DISTRICT HOSPITAL,0,Acute Care Hospitals,Government - Hospital District or Authority,Yes,MI,0.0,0.0,,,0.0,0.0
230244,GARDEN CITY HOSPITAL,0,Acute Care Hospitals,Voluntary non-profit - Private,Yes,MI,0.0,0.0,0.1666666666666666,0.0,0.0,0.1428571428571428
230254,ASCENSION PROVIDENCE ROCHESTER HOSPITAL,0,Acute Care Hospitals,Voluntary non-profit - Private,Yes,MI,0.0,0.0,0.3333333333333333,0.0,0.1111111111111111,0.0
230259,CHELSEA HOSPITAL,1,Acute Care Hospitals,Voluntary non-profit - Private,Yes,MI,0.0,0.0,0.0,0.0,0.2222222222222222,0.0
230269,"BEAUMONT HOSPITAL, TROY",1,Acute Care Hospitals,Voluntary non-profit - Private,Yes,MI,0.25,0.0,0.25,0.125,0.0,0.3636363636363636
230270,BEAUMONT HOSPITAL - TAYLOR,0,Acute Care Hospitals,Voluntary non-profit - Private,Yes,MI,0.0,0.0,0.0,0.0,0.0,0.1666666666666666
230273,DETROIT RECEIVING HOSPITAL,0,Acute Care Hospitals,Proprietary,Yes,MI,0.0,0.0,0.3333333333333333,0.0,0.0,0.2
230277,HURON VALLEY-SINAI HOSPITAL,0,Acute Care Hospitals,Proprietary,Yes,MI,0.1428571428571428,0.0,0.0,0.0,0.0,0.0
230297,KARMANOS CANCER CENTER,0,Acute Care Hospitals,Proprietary,No,MI,0.0,0.0,0.0,0.0,0.0,0.0
230302,HENRY FORD HEALTH WEST BLOOMFIELD HOSPITAL,0,Acute Care Hospitals,Voluntary non-profit - Private,Yes,MI,0.0,0.0,0.3333333333333333,0.0,0.1111111111111111,0.3333333333333333
230303,MUNSON HEALTHCARE MANISTEE HOSPITAL,1,Acute Care Hospitals,Voluntary non-profit - Other,Yes,MI,0.0,0.0,0.0,0.0,0.2,0.2
23037F,DETROIT (JOHN D. DINGELL) VA MEDICAL CENTER,1,Acute Care - Veterans Administration,Veterans Health Administration,Yes,MI,0.4,0.0,0.0,0.0,0.3333333333333333,0.0
231305,SAINT MARY'S STANDISH COMMUNITY HOSPITAL,1,Critical Access Hospitals,Voluntary non-profit - Church,Yes,MI,0.0,0.0,,,0.0,0.0
231316,HILLS & DALES GENERAL HOSPITAL,1,Critical Access Hospitals,Voluntary non-profit - Private,Yes,MI,0.0,0.0,0.0,0.0,0.0,0.0
231326,UNIVERSITY OF MICHIGAN HEALTH- SPARROW CLINTON,1,Critical Access Hospitals,Proprietary,Yes,MI,0.0,0.0,0.0,0.0,0.0,0.0
231327,UNIVERSITY OF MICHIGAN HEALTH - SPARROW EATON,0,Critical Access Hospitals,Voluntary non-profit - Other,Yes,MI,0.0,0.0,0.0,0.0,0.0,0.0
231331,SPARROW IONIA HOSPITAL,0,Critical Access Hospitals,Voluntary non-profit - Private,Yes,MI,0.0,0.0,0.0,0.0,0.0,0.2
231332,BRONSON LAKEVIEW HOSPITAL,1,Critical Access Hospitals,Voluntary non-profit - Private,Yes,MI,0.0,0.0,0.0,0.0,0.2,0.0
231337,OSF ST FRANCIS HOSPITAL AND MEDICAL GROUP,1,Critical Access Hospitals,Voluntary non-profit - Church,Yes,MI,0.0,0.0,0.0,0.0,0.125,0.0
231338,COREWELL HEALTH GERBER HOSPITAL,1,Critical Access Hospitals,Voluntary non-profit - Private,Yes,MI,0.0,0.0,0.0,0.0,0.125,0.0
231339,COREWELL HEALTH PENNOCK HOSPITAL,0,Critical Access Hospitals,Voluntary non-profit - Other,Yes,MI,0.0,0.0,0.0,0.0,0.1666666666666666,0.1666666666666666
231340,MCLAREN THUMB REGION,1,Critical Access Hospitals,Voluntary non-profit - Private,Yes,MI,0.0,0.0,0.0,0.0,0.1666666666666666,0.0
240001,NORTH MEMORIAL HEALTH HOSPITAL,0,Acute Care Hospitals,Voluntary non-profit - Private,Yes,MN,0.0,0.0,0.1666666666666666,0.1666666666666666,0.0,0.2
240002,ESSENTIA HEALTH ST MARY'S MEDICAL CENTER,1,Acute Care Hospitals,Voluntary non-profit - Private,Yes,MN,0.0,0.0,0.2857142857142857,0.0,0.0,0.0
240004,HENNEPIN COUNTY MEDICAL CENTER,0,Acute Care Hospitals,Government - Local,Yes,MN,0.0,0.0,0.5,0.0,0.0,0.0
240006,OLMSTED MEDICAL CENTER,1,Acute Care Hospitals,Voluntary non-profit - Private,Yes,MN,0.0,0.0,0.0,0.0,0.1666666666666666,0.0
240010,MAYO CLINIC HOSPITAL ROCHESTER,1,Acute Care Hospitals,Voluntary non-profit - Church,Yes,MN,0.75,0.0,0.75,0.0,0.3636363636363636,0.0
240014,NORTHFIELD HOSPITAL,1,Acute Care Hospitals,Government - Local,Yes,MN,0.0,0.0,0.0,0.0,0.1428571428571428,0.1428571428571428
240018,MAYO CLINIC HEALTH SYSTEM IN RED WING,1,Acute Care Hospitals,Voluntary non-profit - Private,Yes,MN,0.0,0.0,0.0,0.0,0.0,0.0
240020,CAMBRIDGE MEDICAL CENTER,1,Acute Care Hospitals,Voluntary non-profit - Private,Yes,MN,0.0,0.0,0.0,0.0,0.2222222222222222,0.0
240022,SANFORD WORTHINGTON MEDICAL CENTER,1,Acute Care Hospitals,Voluntary non-profit - Private,Yes,MN,0.0,0.0,0.0,0.0,0.25,0.0
240030,ALOMERE HEALTH,1,Acute Care Hospitals,Government - Local,Yes,MN,0.0,0.0,0.0,0.0,0.1111111111111111,0.0
240036,CENTRACARE - ST. CLOUD HOSPITAL,1,Acute Care Hospitals,Voluntary non-profit - Private,Yes,MN,0.0,0.0,0.25,0.0,0.1818181818181818,0.0909090909090909
240038,ALLINA UNITED HOSPITAL,0,Acute Care Hospitals,Voluntary non-profit - Private,Yes,MN,0.0,0.0,0.4285714285714285,0.0,0.0,0.0909090909090909
24003F,MINNEAPOLIS VA MEDICAL CENTER,1,Acute Care - Veterans Administration,Veterans Health Administration,Yes,MN,0.4,0.0,0.5,0.0,0.1666666666666666,0.3333333333333333
240040,RANGE REGIONAL HEALTH SERVICES,1,Acute Care Hospitals,Voluntary non-profit - Other,No,MN,0.0,0.0,0.0,0.0,0.0,0.2
240043,MAYO CLINIC HEALTH SYSTEM - ALBERT LEA AND AUSTIN,1,Acute Care Hospitals,Voluntary non-profit - Private,Yes,MN,0.2,0.0,0.0,0.0,0.2222222222222222,0.0
240044,WINONA HEALTH SERVICES,0,Acute Care Hospitals,Voluntary non-profit - Private,Yes,MN,0.0,0.0,0.0,0.0,0.2,0.0
240047,ST LUKES HOSPITAL,0,Acute Care Hospitals,Voluntary non-profit - Private,Yes,MN,0.0,0.125,0.1428571428571428,0.0,0.0,0.0
240050,FAIRVIEW LAKES HEALTH SERVICES,0,Acute Care Hospitals,Voluntary non-profit - Private,Yes,MN,0.0,0.0,0.0,0.0,0.1666666666666666,0.1666666666666666
240053,PARK NICOLLET METHODIST HOSPITAL,0,Acute Care Hospitals,Voluntary non-profit - Private,Yes,MN,0.125,0.0,0.25,0.0,0.0,0.2727272727272727
240056,RIDGEVIEW MEDICAL CENTER,1,Acute Care Hospitals,Voluntary non-profit - Private,Yes,MN,0.1666666666666666,0.0,0.1428571428571428,0.0,0.0,0.2857142857142857
240057,ABBOTT NORTHWESTERN HOSPITAL,1,Acute Care Hospitals,Voluntary non-profit - Private,Yes,MN,0.0,0.0,0.125,0.0,0.0909090909090909,0.0909090909090909
240064,GRAND ITASCA CLINIC AND HOSPITAL,1,Acute Care Hospitals,Voluntary non-profit - Private,Yes,MN,0.0,0.0,0.0,0.0,0.1428571428571428,0.0
240066,LAKEVIEW MEMORIAL HOSPITAL,1,Acute Care Hospitals,Voluntary non-profit - Other,Yes,MN,0.0,0.0,0.0,0.0,0.0,0.1111111111111111
240069,OWATONNA HOSPITAL,1,Acute Care Hospitals,Voluntary non-profit - Other,Yes,MN,0.0,0.0,0.0,0.0,0.1428571428571428,0.0
240071,ALLINA HEALTH FARIBAULT MEDICAL CENTER,0,Acute Care Hospitals,Voluntary non-profit - Private,Yes,MN,0.0,0.0,0.0,0.0,0.0,0.0
240075,ESSENTIA HEALTH ST JOSEPH'S MEDICAL CENTER,0,Acute Care Hospitals,Voluntary non-profit - Private,Yes,MN,0.0,0.0,0.1666666666666666,0.0,0.0,0.1
240076,BUFFALO HOSPITAL,1,Acute Care Hospitals,Voluntary non-profit - Other,No,MN,0.0,0.0,0.0,0.0,0.3333333333333333,0.0
240078,M HEALTH FAIRVIEW SOUTHDALE HOSPITAL,1,Acute Care Hospitals,Voluntary non-profit - Private,Yes,MN,0.375,0.0,0.375,0.0,0.1818181818181818,0.0
240080,M HEALTH FAIRVIEW UNIVERSITY OF MN MEDICAL CENTER,1,Acute Care Hospitals,Voluntary non-profit - Private,Yes,MN,0.125,0.0,0.25,0.0,0.0,0.0
240084,ESSENTIA HEALTH VIRGINIA,1,Acute Care Hospitals,Government - Local,No,MN,0.0,0.0,0.0,0.0,0.0,0.0
240088,CENTRACARE- RICE MEMORIAL HOSPITAL,0,Acute Care Hospitals,Government - Local,Yes,MN,0.0,0.0,0.0,0.0,0.1428571428571428,0.1428571428571428
240093,MAYO CLINIC HEALTH SYSTEM - MANKATO,1,Acute Care Hospitals,Voluntary non-profit - Private,Yes,MN,0.4285714285714285,0.0,0.1428571428571428,0.0,0.4,0.1
240100,SANFORD BEMIDJI MEDICAL CENTER,1,Acute Care Hospitals,Voluntary non-profit - Private,Yes,MN,0.0,0.0,0.2,0.0,0.0,0.1111111111111111
240101,ESSENTIA HEALTH ST MARYS - DETROIT LAKES,1,Acute Care Hospitals,Voluntary non-profit - Church,No,MN,0.0,0.0,0.0,0.0,0.25,0.0
240104,ST FRANCIS REGIONAL MEDICAL CENTER,0,Acute Care Hospitals,Voluntary non-profit - Church,Yes,MN,0.0,0.0,0.0,0.0,0.0,0.0
240106,REGIONS HOSPITAL,0,Acute Care Hospitals,Voluntary non-profit - Private,Yes,MN,0.0,0.0,0.375,0.0,0.1818181818181818,0.0
240115,MERCY HOSPITAL,0,Acute Care Hospitals,Voluntary non-profit - Private,Yes,MN,0.0,0.0,0.375,0.125,0.0,0.0909090909090909
240141,FAIRVIEW NORTHLAND REGIONAL HOSPITAL,1,Acute Care Hospitals,Voluntary non-profit - Other,Yes,MN,0.0,0.0,0.0,0.0,0.1428571428571428,0.1428571428571428
240166,MAYO CLINIC HEALTH SYSTEM - FAIRMONT,1,Acute Care Hospitals,Voluntary non-profit - Private,Yes,MN,0.0,0.0,0.0,0.0,0.25,0.0
240187,HUTCHINSON HEALTH,0,Acute Care Hospitals,Voluntary non-profit - Private,Yes,MN,0.0,0.0,0.0,0.0,0.0,0.0
240207,M HEALTH FAIRVIEW RIDGES HOSPITAL,1,Acute Care Hospitals,Voluntary non-profit - Church,Yes,MN,0.2857142857142857,0.0,0.1666666666666666,0.0,0.0,0.0
240210,M HEALTH FAIRVIEW ST JOHN'S HOSPITAL,1,Acute Care Hospitals,Voluntary non-profit - Private,Yes,MN,0.125,0.0,0.5,0.0,0.2,0.0
240213,M HEALTH FAIRVIEW WOODWINDS HOSPITAL,1,Acute Care Hospitals,Voluntary non-profit - Private,Yes,MN,0.0,0.0,0.1666666666666666,0.0,0.0,0.1111111111111111
240214,MAPLE GROVE HOSPITAL,1,Acute Care Hospitals,Voluntary non-profit - Private,Yes,MN,0.0,0.0,0.1428571428571428,0.0,0.0,0.0
241306,OLIVIA HOSPITAL & CLINIC,0,Critical Access Hospitals,Voluntary non-profit - Private,Yes,MN,0.0,0.0,0.0,0.0,0.25,0.0
241330,CENTRACARE HEALTH SYSTEM - MELROSE HOSPITAL,1,Critical Access Hospitals,Voluntary non-profit - Private,No,MN,0.0,0.0,,,0.5,0.0
241353,CUYUNA REGIONAL MEDICAL CENTER,0,Critical Access Hospitals,Government - Hospital District or Authority,Yes,MN,0.0,0.0,0.0,0.0,0.0,0.0
241354,ASTERA HEALTH,0,Critical Access Hospitals,Voluntary non-profit - Other,Yes,MN,0.0,0.0,0.0,0.0,0.0,0.0
241361,MAYO CLINIC HEALTH SYSTEM NEW PRAGUE,0,Critical Access Hospitals,Voluntary non-profit - Private,Yes,MN,0.0,0.0,0.0,0.0,0.0,0.4
241367,WELIA HEALTH,0,Critical Access Hospitals,Government - Local,Yes,MN,0.0,0.0,0.0,0.0,0.0,0.0
241369,UNITED HOSPITAL DISTRICT,1,Critical Access Hospitals,Government - Hospital District or Authority,Yes,MN,0.0,0.0,0.0,0.0,0.25,0.0
241370,ST GABRIELS HOSPITAL,1,Critical Access Hospitals,Voluntary non-profit - Private,Yes,MN,0.0,0.0,0.0,0.0,0.0,0.25
241373,PERHAM HEALTH,0,Critical Access Hospitals,Government - Hospital District or Authority,Yes,MN,0.0,0.0,0.0,0.0,0.25,0.25
241376,GLACIAL RIDGE HOSPITAL,1,Critical Access Hospitals,Government - Hospital District or Authority,Yes,MN,0.0,0.0,0.0,0.0,0.0,0.25
241378,NEW ULM MEDICAL CENTER,1,Critical Access Hospitals,Voluntary non-profit - Private,Yes,MN,0.0,0.0,0.0,0.0,0.0,0.0
241380,ST JOSEPHS AREA  HEALTH SERVICES,0,Critical Access Hospitals,Voluntary non-profit - Private,Yes,MN,0.0,0.3333333333333333,0.0,0.0,0.0,0.2
250001,UNIVERSITY OF MISSISSIPPI MED CENTER,0,Acute Care Hospitals,Government - State,Yes,MS,0.0,0.125,0.375,0.25,0.0,0.0909090909090909
250002,TISHOMINGO HEALTH SERVICES INC,0,Acute Care Hospitals,Voluntary non-profit - Private,Yes,MS,0.0,0.0,,,0.0,0.0
250004,NORTH MISSISSIPPI MEDICAL CENTER,0,Acute Care Hospitals,Voluntary non-profit - Private,Yes,MS,0.0,0.5,0.2857142857142857,0.1428571428571428,0.1818181818181818,0.0909090909090909
250006,BAPTIST MEMORIAL HOSPITAL UNION COUNTY,1,Acute Care Hospitals,Voluntary non-profit - Other,Yes,MS,0.0,0.0,0.5,0.0,0.0,0.125
250007,Memorial Hospital Biloxi,0,Acute Care Hospitals,Proprietary,Yes,MS,0.0,0.0,0.3333333333333333,0.0,0.0,0.4
250009,MAGNOLIA REGIONAL HEALTH CENTER,0,Acute Care Hospitals,Voluntary non-profit - Other,Yes,MS,0.0,0.375,0.0,0.1428571428571428,0.125,0.0
250019,MEMORIAL HOSPITAL AT GULFPORT,0,Acute Care Hospitals,Government - Local,Yes,MS,0.0,0.0,0.25,0.0,0.0,0.0909090909090909
250020,WEBSTER GENERAL HOSPITAL/ SWING BED,1,Acute Care Hospitals,Voluntary non-profit - Other,Yes,MS,0.0,0.2,0.0,0.0,0.5,0.0
250025,NORTH MISSISSIPPI MEDICAL CENTER-GILMORE AMORY,0,Acute Care Hospitals,Proprietary,Yes,MS,0.0,0.25,0.0,0.0,0.0,0.0
250031,MERIT HEALTH RIVER REGION,0,Acute Care Hospitals,Proprietary,Yes,MS,0.0,0.125,0.3333333333333333,0.0,0.0,0.25
250034,BAPTIST MEMORIAL HOSPITAL NORTH MS,1,Acute Care Hospitals,Voluntary non-profit - Private,Yes,MS,0.0,0.0,0.2857142857142857,0.0,0.0,0.2222222222222222
250036,GEORGE REGIONAL HEALTH SYSTEM,0,Acute Care Hospitals,Government - Local,Yes,MS,0.0,0.6666666666666666,0.0,0.0,0.0,0.25
250038,MERIT HEALTH MADISON,0,Acute Care Hospitals,Proprietary,Yes,MS,0.0,0.0,0.0,0.0,0.0,0.3333333333333333
250040,SINGING RIVER HEALTH SYSTEM,0,Acute Care Hospitals,Government - Local,Yes,MS,0.0,0.375,0.375,0.0,0.0,0.2727272727272727
250042,NORTHWEST MISSISSISSIPPI REGIONAL MEDICAL CENTER,0,Acute Care Hospitals,Proprietary,Yes,MS,0.0,0.0,0.0,0.0,0.3333333333333333,0.0
250043,NESHOBA COUNTY GENERAL HOSPITAL,0,Acute Care Hospitals,Government - Local,Yes,MS,0.0,0.0,,,0.2,0.2
250044,BAPTIST MEMORIAL HOSPITAL BOONEVILLE,0,Acute Care Hospitals,Voluntary non-profit - Church,Yes,MS,0.0,0.0,0.0,0.0,0.1666666666666666,0.0
250048,ST DOMINIC-JACKSON MEMORIAL HOSPITAL,0,Acute Care Hospitals,Voluntary non-profit - Church,Yes,MS,0.0,0.25,0.25,0.0,0.0,0.1818181818181818
250050,BAPTIST MEMORIAL HOSPITAL-OKTIBBEHA COUNTY,0,Acute Care Hospitals,Government - Local,Yes,MS,0.0,0.25,0.0,0.0,0.0,0.2
250057,KING'S DAUGHTERS MEDICAL CENTER-BROOKHAVEN,0,Acute Care Hospitals,Voluntary non-profit - Other,Yes,MS,0.0,0.25,0.0,0.0,0.1666666666666666,0.0
250058,SOUTH CENTRAL REG MED CTR,0,Acute Care Hospitals,Government - Local,Yes,MS,0.0,0.4285714285714285,0.1428571428571428,0.2857142857142857,0.0,0.3333333333333333
250067,CLAY COUNTY MEDICAL CORPORATION,0,Acute Care Hospitals,Voluntary non-profit - Private,Yes,MS,0.0,0.0,0.0,0.0,0.1428571428571428,0.0
250069,OCHSNER RUSH HOSPITAL,0,Acute Care Hospitals,Voluntary non-profit - Private,Yes,MS,0.0,0.1428571428571428,0.1428571428571428,0.0,0.125,0.125
250072,MERIT HEALTH CENTRAL,0,Acute Care Hospitals,Proprietary,Yes,MS,0.0,0.0,0.3333333333333333,0.0,0.0,0.2
250077,WAYNE GENERAL HOSPITAL,0,Acute Care Hospitals,Government - Local,Yes,MS,0.0,0.0,0.0,0.0,0.0,0.0
250078,FORREST GENERAL HOSPITAL,0,Acute Care Hospitals,Government - Local,Yes,MS,0.0,0.25,0.25,0.125,0.0,0.2727272727272727
250082,DELTA HEALTH SYSTEM - THE MEDICAL CENTER,0,Acute Care Hospitals,Government - Local,Yes,MS,0.0,0.6666666666666666,0.25,0.0,0.0,0.3333333333333333
250084,MERIT HEALTH NATCHEZ,0,Acute Care Hospitals,Proprietary,Yes,MS,0.0,0.2,0.0,0.0,0.0,0.1666666666666666
250085,MARION GENERAL HOSPITAL,0,Acute Care Hospitals,Government - Local,Yes,MS,0.0,0.0,0.0,0.0,0.0,0.3333333333333333
250093,BOLIVAR MEDICAL CENTER,0,Acute Care Hospitals,Proprietary,Yes,MS,0.0,0.2,0.0,0.0,0.0,0.1666666666666666
250094,MERIT HEALTH WESLEY,0,Acute Care Hospitals,Voluntary non-profit - Private,Yes,MS,0.0,0.0,0.125,0.0,0.0,0.3333333333333333
250095,SOUTH SUNFLOWER COUNTY HOSPITAL,0,Acute Care Hospitals,Government - Local,Yes,MS,0.0,0.0,0.0,0.0,0.25,0.25
250096,CROSSGATES RIVER OAKS HOSPITAL,0,Acute Care Hospitals,Proprietary,Yes,MS,0.0,0.0,0.0,0.0,0.0,0.1666666666666666
250097,SOUTHWEST MS REGIONAL MEDICAL CENTER,0,Acute Care Hospitals,Government - Local,Yes,MS,0.0,0.1666666666666666,0.2,0.0,0.0,0.2222222222222222
250099,GREENWOOD LEFLORE HOSPITAL,0,Acute Care Hospitals,Government - Local,Yes,MS,0.0,0.25,0.0,0.0,0.0,0.3333333333333333
250100,BMH-GOLDEN TRIANGLE,0,Acute Care Hospitals,Voluntary non-profit - Private,Yes,MS,0.0,0.0,0.0,0.0,0.2,0.0
250102,MISSISSIPPI BAPTIST MEDICAL CENTER,0,Acute Care Hospitals,Voluntary non-profit - Private,Yes,MS,0.0,0.0,0.25,0.25,0.0909090909090909,0.3636363636363636
250104,ANDERSON REGIONAL MEDICAL CENTER,0,Acute Care Hospitals,Voluntary non-profit - Private,Yes,MS,0.0,0.25,0.0,0.0,0.0,0.1818181818181818
250117,HIGHLAND COMMUNITY  HOSPITAL,0,Acute Care Hospitals,Government - Local,Yes,MS,0.0,0.25,0.0,0.0,0.0,0.4
250123,SINGING RIVER GULFPORT,0,Acute Care Hospitals,Proprietary,Yes,MS,0.0,0.0,0.1666666666666666,0.0,0.0,0.375
250124,MAGEE GENERAL HOSPITAL,0,Acute Care Hospitals,Voluntary non-profit - Private,Yes,MS,0.0,0.0,,,0.0,0.25
250138,MERIT HEALTH RIVER OAKS,0,Acute Care Hospitals,Proprietary,Yes,MS,0.0,0.0,0.1666666666666666,0.0,0.0,0.25
250141,BAPTIST MEMORIAL HOSPITAL DESOTO,0,Acute Care Hospitals,Proprietary,Yes,MS,0.125,0.0,0.1666666666666666,0.1666666666666666,0.0,0.2
250162,OCHSNER MEDICAL CENTER-HANCOCK,0,Acute Care Hospitals,Government - Local,Yes,MS,0.0,0.0,0.0,0.0,0.0,0.2
250167,METHODIST HEALTHCARE - OLIVE BRANCH HOSPITAL,1,Acute Care Hospitals,Voluntary non-profit - Private,Yes,MS,0.0,0.0,0.25,0.0,0.0,0.0
250168,UNIVERSITY OF MISSISSIPPI MEDICAL CENTER- GRENADA,0,Acute Care Hospitals,Government - State,Yes,MS,0.0,0.0,0.0,0.0,0.0,0.25
25042F,VA GULF COAST HEALTHCARE SYSTEM,1,Acute Care - Veterans Administration,Veterans Health Administration,Yes,MS,0.0,0.0,0.0,0.0,0.5,0.0
25043F,G. V. (SONNY) MONTGOMERY VA MEDICAL CENTER (JACKSON),1,Acute Care - Veterans Administration,Veterans Health Administration,Yes,MS,0.0,0.0,0.0,0.0,0.2,0.2
251315,BAPTIST MEDICAL CENTER-LEAKE,0,Critical Access Hospitals,Voluntary non-profit - Private,Yes,MS,0.0,0.0,0.0,0.0,0.0,0.0
251317,SIMPSON GENERAL HOSPITAL CAH,0,Critical Access Hospitals,Voluntary non-profit - Private,Yes,MS,0.0,0.25,0.0,0.0,0.0,0.0
251318,NORTH SUNFLOWER MEDICAL CENTER CAH,0,Critical Access Hospitals,Government - Local,Yes,MS,0.0,0.3333333333333333,0.0,0.0,0.0,0.5
251337,TIPPAH COUNTY HOSPITAL,1,Critical Access Hospitals,Government - Local,Yes,MS,0.0,0.0,0.0,0.0,0.0,0.0
260001,MERCY HOSPITAL JOPLIN,0,Acute Care Hospitals,Voluntary non-profit - Church,Yes,MO,0.0,0.25,0.1666666666666666,0.1666666666666666,0.0,0.2
260005,SSM ST JOSEPH HEALTH CENTER,0,Acute Care Hospitals,Voluntary non-profit - Private,Yes,MO,0.0,0.0,0.1666666666666666,0.0,0.0,0.2857142857142857
260006,MOSAIC LIFE CARE AT ST JOSEPH,1,Acute Care Hospitals,Voluntary non-profit - Private,Yes,MO,0.25,0.125,0.1428571428571428,0.0,0.0,0.1
260009,BOTHWELL REGIONAL HEALTH CENTER,1,Acute Care Hospitals,Government - Local,Yes,MO,0.0,0.0,0.2,0.0,0.125,0.125
260011,SSM HEALTH ST. MARY'S HOSPITAL - JEFFERSON CITY,0,Acute Care Hospitals,Proprietary,Yes,MO,0.0,0.0,0.0,0.0,0.0,0.125
260017,PHELPS COUNTY REGIONAL MEDICAL CENTER,0,Acute Care Hospitals,Government - Local,Yes,MO,0.0,0.1428571428571428,0.1428571428571428,0.0,0.0,0.3
260020,MERCY HOSPITAL ST LOUIS,1,Acute Care Hospitals,Voluntary non-profit - Private,Yes,MO,0.375,0.0,0.375,0.0,0.0909090909090909,0.0909090909090909
260022,NORTHEAST REGIONAL MEDICAL CENTER,0,Acute Care Hospitals,Proprietary,Yes,MO,0.0,0.0,0.0,0.0,0.0,0.1666666666666666
260023,MERCY HOSPITAL JEFFERSON,1,Acute Care Hospitals,Voluntary non-profit - Private,Yes,MO,0.0,0.0,0.1428571428571428,0.0,0.125,0.125
260024,TEXAS COUNTY MEMORIAL HOSPITAL,0,Acute Care Hospitals,Government - Local,Yes,MO,0.0,0.5,0.0,0.0,0.0,0.0
260025,HANNIBAL REGIONAL HOSPITAL,0,Acute Care Hospitals,Voluntary non-profit - Other,Yes,MO,0.0,0.0,0.0,0.0,0.1,0.4
260027,RESEARCH MEDICAL CENTER,0,Acute Care Hospitals,Proprietary,Yes,MO,0.0,0.0,0.3333333333333333,0.0,0.0,0.3
260032,BARNES JEWISH HOSPITAL,1,Acute Care Hospitals,Voluntary non-profit - Other,Yes,MO,0.25,0.0,0.25,0.0,0.0,0.1818181818181818
260034,BATES COUNTY MEMORIAL HOSPITAL,0,Acute Care Hospitals,Government - Local,Yes,MO,0.0,0.0,0.0,0.0,0.0,0.0
260040,COX MEDICAL CENTERS,0,Acute Care Hospitals,Voluntary non-profit - Private,Yes,MO,0.0,0.125,0.625,0.0,0.0909090909090909,0.1818181818181818
260048,TRUMAN MEDICAL CENTER HOSPITAL HILL,0,Acute Care Hospitals,Voluntary non-profit - Private,Yes,MO,0.0,0.0,0.1428571428571428,0.0,0.1428571428571428,0.1428571428571428
26004F,KANSAS CITY VA MEDICAL CENTER,1,Acute Care - Veterans Administration,Veterans Health Administration,Yes,MO,0.4,0.0,0.0,0.0,0.3333333333333333,0.0
260052,MERCY HOSPITAL WASHINGTON,1,Acute Care Hospitals,Voluntary non-profit - Private,Yes,MO,0.0,0.0,0.1666666666666666,0.1666666666666666,0.25,0.0
260057,CAMERON REGIONAL MEDICAL CENTER,0,Acute Care Hospitals,Voluntary non-profit - Private,Yes,MO,0.0,0.5,0.0,0.0,0.2857142857142857,0.1428571428571428
260059,MERCY HOSPITAL LEBANON,1,Acute Care Hospitals,Voluntary non-profit - Church,Yes,MO,0.0,0.0,0.0,0.0,0.1428571428571428,0.0
260062,SAINT LUKES NORTH HOSPITAL,1,Acute Care Hospitals,Voluntary non-profit - Private,Yes,MO,0.0,0.0,0.1428571428571428,0.0,0.1428571428571428,0.0
260065,MERCY HOSPITAL SPRINGFIELD,0,Acute Care Hospitals,Voluntary non-profit - Private,Yes,MO,0.125,0.125,0.25,0.125,0.0909090909090909,0.0909090909090909
260068,BOONE HOSPITAL CENTER,1,Acute Care Hospitals,Voluntary non-profit - Other,Yes,MO,0.0,0.0,0.125,0.0,0.2727272727272727,0.1818181818181818
260074,MOBERLY REGIONAL MEDICAL CENTER,0,Acute Care Hospitals,Proprietary,Yes,MO,0.0,0.0,0.0,0.0,0.0,0.0
260077,MERCY HOSPITAL SOUTH,0,Acute Care Hospitals,Voluntary non-profit - Private,Yes,MO,0.0,0.0,0.125,0.0,0.0,0.1111111111111111
260078,OZARKS HEALTHCARE,0,Acute Care Hospitals,Voluntary non-profit - Private,Yes,MO,0.0,0.0,0.3333333333333333,0.3333333333333333,0.2,0.0
260081,SSM ST CLARE HEALTH CENTER,1,Acute Care Hospitals,Voluntary non-profit - Private,Yes,MO,0.1428571428571428,0.0,0.1428571428571428,0.0,0.125,0.0
260085,ST JOSEPH MEDICAL CENTER,0,Acute Care Hospitals,Proprietary,Yes,MO,0.125,0.0,0.1666666666666666,0.0,0.0,0.0
260091,SSM HEALTH ST MARY'S HOSPITAL - ST LOUIS,0,Acute Care Hospitals,Voluntary non-profit - Private,Yes,MO,0.0,0.0,0.375,0.0,0.0,0.2222222222222222
260094,COX MEDICAL CENTER BRANSON,1,Acute Care Hospitals,Voluntary non-profit - Private,Yes,MO,0.0,0.0,0.2,0.0,0.2222222222222222,0.0
260095,CENTERPOINT MEDICAL CENTER,0,Acute Care Hospitals,Proprietary,Yes,MO,0.0,0.0,0.1428571428571428,0.0,0.0909090909090909,0.1818181818181818
260096,NKC HEALTH,1,Acute Care Hospitals,Government - Local,Yes,MO,0.0,0.0,0.125,0.0,0.2222222222222222,0.0
260097,WESTERN MISSOURI MEDICAL CENTER,1,Acute Care Hospitals,Government - Local,Yes,MO,0.0,0.0,0.0,0.0,0.0,0.1111111111111111
26009F,ST LOUIS-JOHN COCHRAN VA MEDICAL CENTER,1,Acute Care - Veterans Administration,Veterans Health Administration,Yes,MO,0.6,0.0,0.0,0.0,0.4,0.0
260102,UNIVERSITY HEALTH LAKEWOOD MEDICAL CENTER,1,Acute Care Hospitals,Voluntary non-profit - Private,Yes,MO,0.0,0.0,0.25,0.0,0.0,0.0
260104,SSM HEALTH DEPAUL HOSPITAL ST LOUIS,1,Acute Care Hospitals,Voluntary non-profit - Church,Yes,MO,0.125,0.0,0.25,0.0,0.0909090909090909,0.0
260105,SSM HEALTH SAINT LOUIS UNIVERSITY HOSPITAL,0,Acute Care Hospitals,Voluntary non-profit - Church,Yes,MO,0.0,0.0,0.5,0.0,0.0,0.3
260108,MISSOURI BAPTIST MEDICAL CENTER,1,Acute Care Hospitals,Voluntary non-profit - Private,Yes,MO,0.25,0.0,0.5,0.0,0.1818181818181818,0.0909090909090909
260110,MERCY HOSPITAL SOUTHEAST,0,Acute Care Hospitals,Voluntary non-profit - Private,Yes,MO,0.0,0.25,0.0,0.0,0.0,0.1818181818181818
260113,MISSOURI DELTA MEDICAL CENTER,0,Acute Care Hospitals,Voluntary non-profit - Private,Yes,MO,0.0,0.4,0.0,0.0,0.0,0.0
260119,POPLAR BLUFF REGIONAL MEDICAL CENTER,0,Acute Care Hospitals,Proprietary,Yes,MO,0.0,0.2857142857142857,0.3333333333333333,0.0,0.0,0.1111111111111111
260137,FREEMAN HEALTH SYSTEM - FREEMAN WEST,0,Acute Care Hospitals,Voluntary non-profit - Private,Yes,MO,0.0,0.25,0.375,0.0,0.0909090909090909,0.0909090909090909
260138,ST LUKES HOSPITAL OF KANSAS CITY,1,Acute Care Hospitals,Voluntary non-profit - Private,Yes,MO,0.125,0.0,0.5,0.0,0.0,0.0909090909090909
260141,UNIVERSITY OF MISSOURI HEALTH CARE,0,Acute Care Hospitals,Government - State,Yes,MO,0.0,0.125,0.25,0.0,0.0,0.1818181818181818
260142,FITZGIBBON HOSPITAL,0,Acute Care Hospitals,Voluntary non-profit - Private,Yes,MO,0.0,0.0,0.0,0.0,0.0,0.125
260160,MERCY HOSPITAL STODDARD,0,Acute Care Hospitals,Voluntary non-profit - Private,Yes,MO,0.0,0.0,,,0.0,0.0
260162,BARNES-JEWISH WEST COUNTY HOSPITAL,1,Acute Care Hospitals,Voluntary non-profit - Private,Yes,MO,0.0,0.0,0.0,0.0,0.1666666666666666,0.1666666666666666
260163,PARKLAND HEALTH CENTER,1,Acute Care Hospitals,Voluntary non-profit - Private,Yes,MO,0.0,0.0,0.0,0.1666666666666666,0.125,0.0
260175,GOLDEN VALLEY MEMORIAL HOSPITAL,0,Acute Care Hospitals,Government - Hospital District or Authority,Yes,MO,0.0,0.0,0.0,0.0,0.0,0.0
260177,LIBERTY HOSPITAL,0,Acute Care Hospitals,Voluntary non-profit - Private,Yes,MO,0.0,0.125,0.1428571428571428,0.0,0.0,0.3333333333333333
260179,ST LUKES HOSPITAL,1,Acute Care Hospitals,Voluntary non-profit - Private,Yes,MO,0.25,0.0,0.25,0.0,0.0,0.2727272727272727
260180,CHRISTIAN HOSPITAL NORTHEAST,1,Acute Care Hospitals,Voluntary non-profit - Private,Yes,MO,0.125,0.0,0.1428571428571428,0.0,0.0,0.2222222222222222
260183,SAINT FRANCIS MEDICAL CENTER,0,Acute Care Hospitals,Voluntary non-profit - Private,Yes,MO,0.0,0.25,0.2857142857142857,0.0,0.3636363636363636,0.0
260186,LAKE REGIONAL HEALTH SYSTEM,0,Acute Care Hospitals,Voluntary non-profit - Other,Yes,MO,0.0,0.1428571428571428,0.0,0.0,0.0,0.1
260190,LEE'S SUMMIT MEDICAL CENTER,0,Acute Care Hospitals,Proprietary,Yes,MO,0.0,0.0,0.1428571428571428,0.0,0.0,0.2857142857142857
260191,BARNES-JEWISH ST PETERS HOSPITAL,0,Acute Care Hospitals,Voluntary non-profit - Other,Yes,MO,0.0,0.0,0.0,0.0,0.0,0.2
260193,ST MARY'S MEDICAL CENTER,0,Acute Care Hospitals,Proprietary,Yes,MO,0.1666666666666666,0.0,0.3333333333333333,0.0,0.0,0.1666666666666666
260195,CITIZENS MEMORIAL HOSPITAL,0,Acute Care Hospitals,Government - Hospital District or Authority,Yes,MO,0.0,0.0,0.0,0.0,0.1428571428571428,0.1428571428571428
260200,SSM ST JOSEPH HOSPITAL WEST,0,Acute Care Hospitals,Voluntary non-profit - Church,Yes,MO,0.0,0.0,0.1666666666666666,0.0,0.0,0.1428571428571428
260214,BELTON REGIONAL MEDICAL CENTER,0,Acute Care Hospitals,Voluntary non-profit - Private,Yes,MO,0.0,0.0,0.3333333333333333,0.0,0.0,0.1111111111111111
260216,SAINT LUKE'S EAST  HOSPITAL,1,Acute Care Hospitals,Voluntary non-profit - Private,Yes,MO,0.2857142857142857,0.0,0.1428571428571428,0.0,0.125,0.125
260219,PROGRESS WEST HOSPITAL,1,Acute Care Hospitals,Voluntary non-profit - Private,Yes,MO,0.1666666666666666,0.0,0.0,0.0,0.1428571428571428,0.0
26023F,COLUMBIA MO VA MEDICAL CENTER,1,Acute Care - Veterans Administration,Veterans Health Administration,Yes,MO,0.0,0.0,0.0,0.0,0.0,0.5
261303,COMMUNITY HOSPITAL ASSOCIATION,0,Critical Access Hospitals,Voluntary non-profit - Private,Yes,MO,0.0,0.0,,,0.25,0.25
261307,PERSHING MEMORIAL HOSPITAL,0,Critical Access Hospitals,Voluntary non-profit - Private,Yes,MO,0.0,0.0,,,0.0,0.0
261309,WRIGHT MEMORIAL HOSPITAL,1,Critical Access Hospitals,Voluntary non-profit - Private,Yes,MO,0.0,0.0,,,0.3333333333333333,0.0
261310,SCOTLAND COUNTY  HOSPITAL,0,Critical Access Hospitals,Government - Hospital District or Authority,Yes,MO,0.0,0.3333333333333333,,,0.0,0.0
261311,MERCY HOSPITAL PERRY,0,Critical Access Hospitals,Voluntary non-profit - Private,Yes,MO,0.0,0.0,0.0,0.0,0.0,0.0
261312,HARRISON COUNTY COMMUNITY HOSPITAL,0,Critical Access Hospitals,Government - Hospital District or Authority,Yes,MO,0.0,0.0,,,0.0,0.0
261313,MACON COUNTY SAMARITAN MEMORIAL HOSPITAL,0,Critical Access Hospitals,Government - Local,Yes,MO,0.0,0.0,,,0.3333333333333333,0.0
261318,SALEM MEMORIAL DISTRICT HOSPITAL,1,Critical Access Hospitals,Government - Hospital District or Authority,Yes,MO,0.0,0.0,,,0.1666666666666666,0.1666666666666666
261320,LAFAYETTE REGIONAL HEALTH CENTER,0,Critical Access Hospitals,Proprietary,Yes,MO,0.0,0.0,,,0.0,0.25
261321,HEDRICK MEDICAL CENTER,1,Critical Access Hospitals,Voluntary non-profit - Private,Yes,MO,0.0,0.0,0.0,0.0,0.4,0.0
261324,CASS REGIONAL MEDICAL CENTER,1,Critical Access Hospitals,Government - Local,Yes,MO,0.0,0.0,0.0,0.0,0.0,0.0
261329,COX MONETT HOSPITAL,0,Critical Access Hospitals,Voluntary non-profit - Private,Yes,MO,0.0,0.0,0.0,0.0,0.0,0.25
261330,STE GENEVIEVE COUNTY MEMORIAL HOSPITAL,1,Critical Access Hospitals,Government - Hospital District or Authority,Yes,MO,0.0,0.3333333333333333,,,0.0,0.0
261331,FREEMAN NEOSHO HOSPITAL,1,Critical Access Hospitals,Voluntary non-profit - Private,Yes,MO,0.0,0.0,,,0.0,0.0
261337,MISSOURI BAPTIST SULLIVAN HOSPITAL,0,Critical Access Hospitals,Voluntary non-profit - Private,Yes,MO,0.0,0.0,1.0,0.0,0.0,0.25
261338,MERCY HOSPITAL CARTHAGE,1,Critical Access Hospitals,Voluntary non-profit - Private,Yes,MO,0.0,0.0,0.0,0.0,0.2,0.0
270003,ST PETERS HEALTH,0,Acute Care Hospitals,Voluntary non-profit - Private,Yes,MT,0.0,0.1428571428571428,0.1428571428571428,0.2857142857142857,0.3,0.0
270004,BILLINGS CLINIC HOSPITAL,1,Acute Care Hospitals,Voluntary non-profit - Private,Yes,MT,0.0,0.0,0.25,0.0,0.1818181818181818,0.0909090909090909
270012,BENEFIS HOSPITALS INC,0,Acute Care Hospitals,Voluntary non-profit - Private,Yes,MT,0.0,0.5,0.1666666666666666,0.0,0.1818181818181818,0.0
270014,ST. PATRICK HOSPITAL,1,Acute Care Hospitals,Voluntary non-profit - Church,Yes,MT,0.0,0.0,0.2857142857142857,0.0,0.1818181818181818,0.0909090909090909
270017,ST JAMES HOSPITAL,0,Acute Care Hospitals,Voluntary non-profit - Private,Yes,MT,0.0,0.0,0.0,0.0,0.0,0.3333333333333333
270023,COMMUNITY MEDICAL CENTER,0,Acute Care Hospitals,Voluntary non-profit - Private,Yes,MT,0.0,0.0,0.0,0.1666666666666666,0.0,0.0
27003F,VA MONTANA HEALTHCARE SYSTEM,1,Acute Care - Veterans Administration,Veterans Health Administration,Yes,MT,0.0,0.0,0.0,0.0,0.2,0.0
270049,INTERMOUNTAIN HEALTH ST VINCENT REGIONAL HOSPITAL,1,Acute Care Hospitals,Voluntary non-profit - Church,Yes,MT,0.125,0.0,0.125,0.0,0.2727272727272727,0.0
270051,LOGAN HEALTH MEDICAL CENTER,0,Acute Care Hospitals,Voluntary non-profit - Private,Yes,MT,0.0,0.0,0.1428571428571428,0.1428571428571428,0.1,0.0
270057,BOZEMAN HEALTH DEACONESS HOSPITAL,1,Acute Care Hospitals,Voluntary non-profit - Private,Yes,MT,0.1428571428571428,0.0,0.0,0.0,0.2,0.1
270086,GREAT FALLS CLINIC HOSPITAL,0,Acute Care Hospitals,Proprietary,Yes,MT,0.0,0.0,0.0,0.0,0.0,0.0
271317,LIVINGSTON HEALTHCARE,0,Critical Access Hospitals,Physician,Yes,MT,0.0,0.0,,,0.1428571428571428,0.0
271318,BARRETT HOSPITAL & HEALTHCARE,0,Critical Access Hospitals,Government - Hospital District or Authority,Yes,MT,0.0,0.0,0.0,0.0,0.0,0.0
271320,CABINET PEAKS MEDICAL CENTER,0,Critical Access Hospitals,Voluntary non-profit - Private,Yes,MT,0.0,0.0,,,0.0,0.2
271332,GLENDIVE MEDICAL CENTER,0,Critical Access Hospitals,Voluntary non-profit - Private,Yes,MT,0.0,0.0,,,0.0,0.2
271335,COMMUNITY HOSPITAL OF ANACONDA,1,Critical Access Hospitals,Voluntary non-profit - Private,Yes,MT,0.0,0.0,,,0.3333333333333333,0.0
271336,LOGAN HEALTH - WHITEFISH,0,Critical Access Hospitals,Voluntary non-profit - Private,Yes,MT,0.0,0.5,0.0,0.0,0.2,0.0
271340,BITTERROOT HEALTH - DALY HOSPITAL,1,Critical Access Hospitals,Voluntary non-profit - Private,Yes,MT,0.0,0.0,0.0,0.0,0.3333333333333333,0.0
271344,SIDNEY HEALTH CENTER,0,Critical Access Hospitals,Voluntary non-profit - Private,Yes,MT,0.0,0.25,0.0,0.0,0.2857142857142857,0.0
271347,HOLY ROSARY HOSPITAL,1,Critical Access Hospitals,Voluntary non-profit - Private,Yes,MT,0.0,0.0,0.0,0.0,0.4,0.0
280003,BRYAN MEDICAL CENTER,0,Acute Care Hospitals,Voluntary non-profit - Private,Yes,NE,0.0,0.375,0.125,0.125,0.0909090909090909,0.0
280009,CHI HEALTH GOOD SAMARITAN,1,Acute Care Hospitals,Voluntary non-profit - Church,Yes,NE,0.0,0.0,0.1666666666666666,0.0,0.125,0.25
280013,THE NEBRASKA MEDICAL CENTER,1,Acute Care Hospitals,Voluntary non-profit - Private,Yes,NE,0.375,0.125,0.5,0.0,0.0909090909090909,0.0909090909090909
280020,CHI HEALTH ST. ELIZABETH,1,Acute Care Hospitals,Voluntary non-profit - Private,Yes,NE,0.0,0.0,0.1428571428571428,0.0,0.0,0.1428571428571428
280023,CHI HEALTH ST. FRANCIS,1,Acute Care Hospitals,Voluntary non-profit - Church,Yes,NE,0.0,0.0,0.2,0.0,0.0,0.0
280032,MARY LANNING HEALTHCARE,0,Acute Care Hospitals,Voluntary non-profit - Other,Yes,NE,0.0,0.3333333333333333,0.0,0.0,0.25,0.0
280040,THE NEBRASKA METHODIST HOSPITAL,1,Acute Care Hospitals,Voluntary non-profit - Private,Yes,NE,0.0,0.0,0.375,0.0,0.1818181818181818,0.0909090909090909
280060,CHI HEALTH BERGAN MERCY,1,Acute Care Hospitals,Voluntary non-profit - Private,Yes,NE,0.0,0.0,0.5,0.0,0.1,0.1
280061,REGIONAL WEST MEDICAL CENTER,0,Acute Care Hospitals,Voluntary non-profit - Private,Yes,NE,0.0,0.0,0.2,0.0,0.0,0.25
280065,GREAT PLAINS HEALTH,0,Acute Care Hospitals,Voluntary non-profit - Private,Yes,NE,0.0,0.0,0.0,0.0,0.1,0.1
28006F,OMAHA VA MEDICAL CENTER (VA NEBRASKA WESTERN IOWA HEALTHCARE SYSTEM),1,Acute Care - Veterans Administration,Veterans Health Administration,Yes,NE,0.0,0.0,0.0,0.0,0.1666666666666666,0.0
280077,METHODIST FREMONT HEALTH,0,Acute Care Hospitals,Voluntary non-profit - Private,Yes,NE,0.0,0.1666666666666666,0.0,0.0,0.1428571428571428,0.1428571428571428
280081,CHI HEALTH IMMANUEL,0,Acute Care Hospitals,Voluntary non-profit - Private,Yes,NE,0.0,0.0,0.5,0.0,0.0,0.1666666666666666
280105,CHI HEALTH MIDLANDS,1,Acute Care Hospitals,Voluntary non-profit - Church,Yes,NE,0.0,0.0,0.0,0.0,0.2,0.0
280111,"COLUMBUS COMMUNITY HOSPITAL, INC",0,Acute Care Hospitals,Voluntary non-profit - Other,Yes,NE,0.0,0.0,0.0,0.0,0.1666666666666666,0.1666666666666666
280125,FAITH HEALTH,0,Acute Care Hospitals,Voluntary non-profit - Church,Yes,NE,0.0,0.0,0.0,0.0,0.125,0.0
280128,CHI HEALTH NEBRASKA HEART,1,Acute Care Hospitals,Voluntary non-profit - Private,No,NE,0.0,0.0,0.0,0.0,0.4,0.2
280130,CHI HEALTH LAKESIDE,1,Acute Care Hospitals,Voluntary non-profit - Church,Yes,NE,0.0,0.0,0.2857142857142857,0.0,0.125,0.0
280132,BELLEVUE MEDICAL CENTER,1,Acute Care Hospitals,Proprietary,Yes,NE,0.0,0.0,0.0,0.0,0.0,0.125
280134,KEARNEY REGIONAL MEDICAL CENTER,1,Acute Care Hospitals,Proprietary,Yes,NE,0.0,0.0,0.2,0.0,0.1111111111111111,0.2222222222222222
280139,GRAND ISLAND REGIONAL MEDICAL CENTER,0,Acute Care Hospitals,Voluntary non-profit - Private,Yes,NE,0.0,0.0,0.0,0.0,0.0,0.1666666666666666
281301,FILLMORE COUNTY HOSPITAL,1,Critical Access Hospitals,Government - Local,Yes,NE,0.0,0.0,0.0,0.0,0.0,0.0
281315,BRODSTONE HEALTHCARE,1,Critical Access Hospitals,Voluntary non-profit - Private,Yes,NE,0.0,0.0,0.0,0.0,0.0,0.0
281322,ST FRANCIS MEMORIAL HOSPITAL,0,Critical Access Hospitals,Voluntary non-profit - Private,Yes,NE,0.0,0.0,0.0,0.0,0.0,0.0
281329,AVERA ST ANTHONY'S HOSPITAL,1,Critical Access Hospitals,Voluntary non-profit - Church,Yes,NE,0.0,0.0,0.0,0.0,0.0,0.0
281334,BOONE COUNTY HEALTH CENTER,1,Critical Access Hospitals,Government - Local,Yes,NE,0.0,0.0,,,0.0,0.0
281336,YORK GENERAL HEALTH CARE SERVICES,1,Critical Access Hospitals,Voluntary non-profit - Private,Yes,NE,0.0,0.0,,,0.125,0.125
281339,MEMORIAL HEALTH CARE SYSTEMS,0,Critical Access Hospitals,Voluntary non-profit - Private,Yes,NE,0.0,0.0,,,0.2,0.0
281341,CHADRON HOSPITAL,0,Critical Access Hospitals,Voluntary non-profit - Private,Yes,NE,0.0,0.0,,,0.0,0.0
281342,CHI HEALTH ST MARY'S,1,Critical Access Hospitals,Voluntary non-profit - Church,Yes,NE,0.0,0.0,,,0.25,0.0
281352,"COMMUNITY MEDICAL CENTER, INC",1,Critical Access Hospitals,Voluntary non-profit - Private,Yes,NE,0.0,0.0,,,0.0,0.0
281360,BOX BUTTE GENERAL HOSPITAL,1,Critical Access Hospitals,Government - Local,Yes,NE,0.0,0.0,0.0,0.0,0.1666666666666666,0.0
281362,PHELPS MEMORIAL HEALTH CENTER,1,Critical Access Hospitals,Voluntary non-profit - Private,Yes,NE,0.0,0.3333333333333333,0.0,0.0,0.1666666666666666,0.0
281363,COMMUNITY HOSPITAL,0,Critical Access Hospitals,Voluntary non-profit - Other,Yes,NE,0.0,0.25,,,0.0,0.0
281364,"BEATRICE COMMUNITY HOSPITAL & HEALTH CENTER, INC",1,Critical Access Hospitals,Voluntary non-profit - Private,Yes,NE,0.0,0.25,0.0,0.0,0.0,0.0
281365,JENNIE M MELHAM MEMORIAL MEDICAL CENTER,1,Critical Access Hospitals,Voluntary non-profit - Private,Yes,NE,0.0,0.0,,,0.0,0.0
290001,RENOWN REGIONAL MEDICAL CENTER,0,Acute Care Hospitals,Voluntary non-profit - Private,Yes,NV,0.0,0.125,0.4285714285714285,0.0,0.1,0.0
290003,SUNRISE HOSPITAL AND MEDICAL CENTER,0,Acute Care Hospitals,Proprietary,Yes,NV,0.25,0.0,0.375,0.0,0.0,0.25
290005,NORTH VISTA HOSPITAL,0,Acute Care Hospitals,Voluntary non-profit - Private,Yes,NV,0.0,0.0,0.2,0.0,0.0,0.25
290007,UNIVERSITY MEDICAL CENTER,0,Acute Care Hospitals,Voluntary non-profit - Other,Yes,NV,0.0,0.0,0.2857142857142857,0.0,0.0,0.125
290008,NORTHEASTERN NEVADA REGIONAL HOSPITAL,0,Acute Care Hospitals,Proprietary,Yes,NV,0.0,0.0,0.0,0.0,0.1428571428571428,0.1428571428571428
290009,SAINT MARY'S REGIONAL MEDICAL CENTER,1,Acute Care Hospitals,Proprietary,Yes,NV,0.0,0.0,0.0,0.0,0.0,0.1
290019,CARSON TAHOE REGIONAL MEDICAL CENTER,0,Acute Care Hospitals,Voluntary non-profit - Private,Yes,NV,0.0,0.0,0.1428571428571428,0.0,0.1,0.1
290021,VALLEY HOSPITAL MEDICAL CENTER,0,Acute Care Hospitals,Proprietary,Yes,NV,0.0,0.0,0.375,0.0,0.0,0.2222222222222222
29002F,VA SIERRA NEVADA HEALTHCARE SYSTEM,1,Acute Care - Veterans Administration,Veterans Health Administration,Yes,NV,0.25,0.0,0.0,0.0,0.1666666666666666,0.1666666666666666
290032,NORTHERN NEVADA MEDICAL CENTER,0,Acute Care Hospitals,Voluntary non-profit - Private,Yes,NV,0.0,0.0,0.0,0.0,0.0,0.0
290039,MOUNTAINVIEW HOSPITAL,1,Acute Care Hospitals,Proprietary,Yes,NV,0.375,0.0,0.5,0.0,0.0909090909090909,0.1818181818181818
290041,SUMMERLIN HOSPITAL MEDICAL CENTER,0,Acute Care Hospitals,Proprietary,Yes,NV,0.125,0.0,0.4285714285714285,0.0,0.0,0.25
290045,SAINT ROSE DOMINICAN HOSPITALS - SIENA CAMPUS,0,Acute Care Hospitals,Voluntary non-profit - Private,Yes,NV,0.0,0.0,0.4285714285714285,0.0,0.1111111111111111,0.2222222222222222
290046,SPRING VALLEY HOSPITAL MEDICAL CENTER,0,Acute Care Hospitals,Proprietary,Yes,NV,0.0,0.125,0.4285714285714285,0.0,0.0,0.1111111111111111
290047,SOUTHERN HILLS HOSPITAL AND MEDICAL CENTER,1,Acute Care Hospitals,Proprietary,Yes,NV,0.2857142857142857,0.0,0.4285714285714285,0.0,0.0,0.25
290049,RENOWN SOUTH MEADOWS MEDICAL CENTER,0,Acute Care Hospitals,Voluntary non-profit - Private,Yes,NV,0.0,0.0,0.0,0.0,0.1111111111111111,0.1111111111111111
29004F,VA SOUTHERN NEVADA HEALTHCARE SYSTEM,1,Acute Care - Veterans Administration,Veterans Health Administration,Yes,NV,0.4,0.0,0.0,0.0,0.2,0.0
290053,SAINT ROSE DOMINICAN HOSPITALS - SAN MARTIN CAMPUS,1,Acute Care Hospitals,Voluntary non-profit - Private,Yes,NV,0.0,0.125,0.1666666666666666,0.0,0.125,0.0
290054,CENTENNIAL HILLS HOSPITAL MEDICAL CENTER,0,Acute Care Hospitals,Proprietary,Yes,NV,0.0,0.0,0.125,0.0,0.125,0.25
290057,HENDERSON HOSPITAL,0,Acute Care Hospitals,Proprietary,Yes,NV,0.0,0.0,0.4285714285714285,0.0,0.0,0.5
291306,CARSON VALLEY HEALTH,1,Critical Access Hospitals,Voluntary non-profit - Private,Yes,NV,0.0,0.0,,,0.0,0.0
291307,MESA VIEW REGIONAL HOSPITAL,0,Critical Access Hospitals,Proprietary,Yes,NV,0.0,0.25,0.0,0.0,0.0,0.1666666666666666
291308,HUMBOLDT GENERAL HOSPITAL,0,Critical Access Hospitals,Government - Hospital District or Authority,Yes,NV,0.0,0.0,,,0.0,0.0
291311,DESERT VIEW HOSPITAL,0,Critical Access Hospitals,Proprietary,Yes,NV,0.0,0.0,0.0,0.0,0.0,0.2
291313,BANNER CHURCHILL COMMUNITY HOSPITAL,0,Critical Access Hospitals,Voluntary non-profit - Private,Yes,NV,0.0,0.0,0.0,0.0,0.0,0.2
300001,CONCORD HOSPITAL,0,Acute Care Hospitals,Voluntary non-profit - Private,No,NH,0.0,0.0,0.0,0.0,0.0,0.1818181818181818
300003,MARY HITCHCOCK MEMORIAL HOSPITAL,0,Acute Care Hospitals,Voluntary non-profit - Private,Yes,NH,0.125,0.125,0.5,0.0,0.0909090909090909,0.1818181818181818
300005,CONCORD HOSPITAL- LACONIA,0,Acute Care Hospitals,Voluntary non-profit - Private,Yes,NH,0.0,0.0,0.0,0.0,0.0,0.125
300011,ST JOSEPH HOSPITAL,1,Acute Care Hospitals,Voluntary non-profit - Other,Yes,NH,0.0,0.0,0.2857142857142857,0.0,0.2,0.0
300012,ELLIOT HOSPITAL,0,Acute Care Hospitals,Voluntary non-profit - Private,Yes,NH,0.0,0.0,0.125,0.0,0.1,0.1
300014,FRISBIE MEMORIAL HOSPITAL,0,Acute Care Hospitals,Proprietary,Yes,NH,0.0,0.0,0.0,0.0,0.0,0.1666666666666666
300017,PARKLAND MEDICAL CENTER,1,Acute Care Hospitals,Proprietary,Yes,NH,0.3333333333333333,0.0,0.3333333333333333,0.0,0.0,0.0
300018,WENTWORTH-DOUGLASS HOSPITAL,1,Acute Care Hospitals,Voluntary non-profit - Private,Yes,NH,0.1428571428571428,0.0,0.2857142857142857,0.0,0.0,0.1
300019,CHESHIRE MEDICAL CENTER,1,Acute Care Hospitals,Voluntary non-profit - Private,Yes,NH,0.0,0.0,0.2,0.0,0.125,0.25
300020,SOUTHERN NH MEDICAL CENTER,0,Acute Care Hospitals,Voluntary non-profit - Private,Yes,NH,0.0,0.0,0.1428571428571428,0.0,0.1,0.2
300023,EXETER HOSPITAL INC,1,Acute Care Hospitals,Voluntary non-profit - Private,Yes,NH,0.0,0.0,0.2857142857142857,0.0,0.1,0.0
300029,PORTSMOUTH REGIONAL HOSPITAL,0,Acute Care Hospitals,Proprietary,Yes,NH,0.0,0.125,0.2857142857142857,0.0,0.0,0.2222222222222222
300034,CATHOLIC MEDICAL CENTER,1,Acute Care Hospitals,Voluntary non-profit - Private,Yes,NH,0.375,0.0,0.1428571428571428,0.1428571428571428,0.0909090909090909,0.1818181818181818
301301,COTTAGE HOSPITAL,1,Critical Access Hospitals,Voluntary non-profit - Private,Yes,NH,0.0,0.0,0.0,0.0,0.3333333333333333,0.0
301302,LITTLETON REGIONAL HEALTHCARE,0,Critical Access Hospitals,Voluntary non-profit - Private,Yes,NH,0.0,0.0,0.0,0.0,0.0,0.0
301304,NEW LONDON HOSPITAL,0,Critical Access Hospitals,Voluntary non-profit - Private,Yes,NH,0.0,0.0,0.0,0.0,0.0,0.0
301305,ALICE PECK DAY MEMORIAL HOSPITAL,1,Critical Access Hospitals,Voluntary non-profit - Private,Yes,NH,0.0,0.0,0.0,0.0,0.0,0.0
301307,"MEMORIAL HOSPITAL, THE",1,Critical Access Hospitals,Voluntary non-profit - Private,Yes,NH,0.0,0.0,1.0,0.0,0.0,0.1666666666666666
301308,VALLEY REGIONAL HOSPITAL,0,Critical Access Hospitals,Voluntary non-profit - Private,Yes,NH,0.0,0.0,,,0.0,0.0
301309,MONADNOCK COMMUNITY HOSPITAL,0,Critical Access Hospitals,Voluntary non-profit - Private,Yes,NH,0.0,0.0,0.0,0.0,0.125,0.0
301310,ANDROSCOGGIN VALLEY HOSPITAL,0,Critical Access Hospitals,Voluntary non-profit - Private,Yes,NH,0.0,0.0,0.5,0.0,0.0,0.25
301311,SPEARE MEMORIAL HOSPITAL,0,Critical Access Hospitals,Voluntary non-profit - Private,Yes,NH,0.0,0.0,0.0,0.0,0.25,0.0
301312,HUGGINS HOSPITAL,1,Critical Access Hospitals,Voluntary non-profit - Private,Yes,NH,0.0,0.0,0.0,0.0,0.0,0.25
310001,HACKENSACK UNIVERSITY MEDICAL CENTER,1,Acute Care Hospitals,Voluntary non-profit - Private,Yes,NJ,0.75,0.0,0.5,0.0,0.1818181818181818,0.3636363636363636
310002,NEWARK BETH ISRAEL MEDICAL CENTER,0,Acute Care Hospitals,Voluntary non-profit - Private,Yes,NJ,0.0,0.0,0.4285714285714285,0.0,0.0,0.3
310003,PALISADES MEDICAL CENTER,0,Acute Care Hospitals,Voluntary non-profit - Private,Yes,NJ,0.1666666666666666,0.0,0.2,0.2,0.0,0.3333333333333333
310005,HUNTERDON MEDICAL CENTER,1,Acute Care Hospitals,Voluntary non-profit - Private,No,NJ,0.1428571428571428,0.0,0.1428571428571428,0.0,0.0,0.25
310006,ST MARY'S GENERAL HOSPITAL,0,Acute Care Hospitals,Proprietary,Yes,NJ,0.0,0.0,0.2,0.0,0.1428571428571428,0.1428571428571428
310008,HOLY NAME MEDICAL CENTER,1,Acute Care Hospitals,Voluntary non-profit - Private,Yes,NJ,0.0,0.0,0.5,0.0,0.0,0.1
310009,CLARA MAASS MEDICAL CENTER,0,Acute Care Hospitals,Voluntary non-profit - Private,Yes,NJ,0.0,0.0,0.3333333333333333,0.0,0.0,0.2857142857142857
310010,UNIVERSITY MEDICAL CENTER OF PRINCETON AT PLAINSBORO,1,Acute Care Hospitals,Voluntary non-profit - Private,Yes,NJ,0.1428571428571428,0.0,0.2857142857142857,0.0,0.1,0.2
310011,CAPE REGIONAL MEDICAL CENTER INC,0,Acute Care Hospitals,Voluntary non-profit - Private,Yes,NJ,0.0,0.0,0.0,0.2,0.0,0.3333333333333333
310012,VALLEY HOSPITAL,1,Acute Care Hospitals,Voluntary non-profit - Private,Yes,NJ,0.125,0.125,0.375,0.0,0.1818181818181818,0.0
310014,COOPER UNIVERSITY HOSPITAL,0,Acute Care Hospitals,Voluntary non-profit - Private,Yes,NJ,0.0,0.0,0.25,0.125,0.0,0.2727272727272727
310015,MORRISTOWN MEDICAL CENTER,1,Acute Care Hospitals,Voluntary non-profit - Private,Yes,NJ,0.5,0.0,0.625,0.0,0.4545454545454545,0.0
310016,HEIGHTS UNIVERSITY HOSPITAL,0,Acute Care Hospitals,Voluntary non-profit - Church,No,NJ,0.0,0.0,0.0,0.0,0.0,0.1666666666666666
310017,CHILTON MEDICAL CENTER,1,Acute Care Hospitals,Voluntary non-profit - Private,Yes,NJ,0.2857142857142857,0.0,0.1666666666666666,0.0,0.4444444444444444,0.0
310019,ST JOSEPH'S UNIVERSITY MEDICAL CENTER INC,0,Acute Care Hospitals,Voluntary non-profit - Church,No,NJ,0.0,0.0,0.4285714285714285,0.0,0.0,0.2727272727272727
31001F,VA NEW JERSEY HEALTH CARE SYSTEM,0,Acute Care - Veterans Administration,Veterans Health Administration,Yes,NJ,0.25,0.0,0.0,0.0,0.0,0.5
310022,WEST JERSEY HOSPITAL,0,Acute Care Hospitals,Voluntary non-profit - Private,Yes,NJ,0.0,0.0,0.5,0.0,0.125,0.375
310024,ROBERT WOOD JOHNSON UNIVERSITY HOSPITAL AT RAHWAY,1,Acute Care Hospitals,Voluntary non-profit - Private,Yes,NJ,0.0,0.0,0.25,0.0,0.0,0.3333333333333333
310025,CAREPOINT HEALTH - BAYONNE MEDICAL CENTER,0,Acute Care Hospitals,Voluntary non-profit - Private,No,NJ,0.0,0.0,0.25,0.0,0.0,0.125
310027,TRINITAS REGIONAL MEDICAL CENTER,0,Acute Care Hospitals,Voluntary non-profit - Private,Yes,NJ,0.0,0.2,0.2,0.0,0.0,0.125
310028,NEWTON MEDICAL CENTER,1,Acute Care Hospitals,Voluntary non-profit - Private,Yes,NJ,0.1428571428571428,0.0,0.0,0.0,0.0,0.0
310029,VIRTUA OUR LADY OF LOURDES HOSPITAL,0,Acute Care Hospitals,Government - State,Yes,NJ,0.0,0.0,0.1666666666666666,0.0,0.0,0.125
310031,DEBORAH HEART AND LUNG CENTER,0,Acute Care Hospitals,Voluntary non-profit - Private,No,NJ,0.0,0.0,0.0,0.25,0.0,0.2857142857142857
310032,INSPIRA MEDICAL CENTER VINELAND,0,Acute Care Hospitals,Voluntary non-profit - Private,Yes,NJ,0.0,0.0,0.2857142857142857,0.0,0.0,0.2857142857142857
310034,RIVERVIEW MEDICAL CENTER,0,Acute Care Hospitals,Voluntary non-profit - Private,Yes,NJ,0.0,0.0,0.1428571428571428,0.0,0.1,0.2
310038,ROBERT WOOD JOHNSON UNIVERSITY HOSPITAL,0,Acute Care Hospitals,Voluntary non-profit - Private,Yes,NJ,0.0,0.125,0.375,0.125,0.0909090909090909,0.3636363636363636
310039,RARITAN BAY MEDICAL CENTER,1,Acute Care Hospitals,Voluntary non-profit - Private,Yes,NJ,0.0,0.0,0.1666666666666666,0.0,0.1428571428571428,0.2857142857142857
310040,CAREPOINT HEALTH-HOBOKEN UNIVERSITY MEDICAL CENTER,0,Acute Care Hospitals,Voluntary non-profit - Church,No,NJ,0.0,0.0,0.25,0.0,0.0,0.4
310041,COMMUNITY MEDICAL CENTER,0,Acute Care Hospitals,Voluntary non-profit - Private,Yes,NJ,0.0,0.2857142857142857,0.25,0.0,0.0,0.4
310044,CAPITAL HEALTH MEDICAL CENTER - HOPEWELL,0,Acute Care Hospitals,Voluntary non-profit - Private,Yes,NJ,0.0,0.1428571428571428,0.25,0.0,0.0,0.3
310045,ENGLEWOOD HOSPITAL AND MEDICAL CENTER,1,Acute Care Hospitals,Voluntary non-profit - Private,Yes,NJ,0.0,0.0,0.2857142857142857,0.0,0.0909090909090909,0.1818181818181818
310047,SHORE MEDICAL CENTER,0,Acute Care Hospitals,Voluntary non-profit - Private,Yes,NJ,0.0,0.0,0.2857142857142857,0.0,0.0,0.1111111111111111
310048,ROBERT WOOD JOHNSON UNIVERSITY HOSPITAL - SOMERSET,0,Acute Care Hospitals,Voluntary non-profit - Private,Yes,NJ,0.0,0.1428571428571428,0.1428571428571428,0.0,0.1,0.4
310050,SAINT CLARE'S HOSPITAL/ DENVILLE CAMPUS,0,Acute Care Hospitals,Proprietary,Yes,NJ,0.0,0.1428571428571428,0.1428571428571428,0.0,0.0,0.375
310051,OVERLOOK MEDICAL CENTER,1,Acute Care Hospitals,Voluntary non-profit - Private,Yes,NJ,0.2857142857142857,0.0,0.375,0.0,0.2,0.2
310052,OCEAN MEDICAL CENTER,1,Acute Care Hospitals,Voluntary non-profit - Other,Yes,NJ,0.2857142857142857,0.0,0.5714285714285714,0.0,0.1,0.2
310054,HACKENSACK MERIDIAN MOUNTAINSIDE MEDICAL,1,Acute Care Hospitals,Proprietary,Yes,NJ,0.0,0.0,0.1428571428571428,0.0,0.0,0.1
310057,VIRTUA MOUNT HOLLY HOSPITAL,0,Acute Care Hospitals,Voluntary non-profit - Private,Yes,NJ,0.0,0.1428571428571428,0.1428571428571428,0.0,0.1111111111111111,0.1111111111111111
310060,ST LUKE'S WARREN HOSPITAL,1,Acute Care Hospitals,Voluntary non-profit - Private,Yes,NJ,0.0,0.0,0.1666666666666666,0.0,0.0,0.2222222222222222
310061,VIRTUA WILLINGBORO HOSPITAL,0,Acute Care Hospitals,Voluntary non-profit - Private,Yes,NJ,0.0,0.0,0.3333333333333333,0.0,0.1666666666666666,0.0
310064,ATLANTICARE REGIONAL MEDICAL CENTER - CITY CAMPUS,1,Acute Care Hospitals,Voluntary non-profit - Private,Yes,NJ,0.0,0.0,0.5,0.0,0.0909090909090909,0.2727272727272727
310069,INSPIRA MEDICAL CENTER MULLICA HILL,0,Acute Care Hospitals,Voluntary non-profit - Private,Yes,NJ,0.0,0.0,0.3333333333333333,0.0,0.0,0.4444444444444444
310070,SAINT PETER'S UNIVERSITY HOSPITAL,0,Acute Care Hospitals,Voluntary non-profit - Private,Yes,NJ,0.0,0.0,0.375,0.0,0.0,0.3
310073,JERSEY SHORE UNIVERSITY MEDICAL CENTER,1,Acute Care Hospitals,Voluntary non-profit - Private,Yes,NJ,0.375,0.0,0.25,0.0,0.0909090909090909,0.1818181818181818
310074,JERSEY CITY MEDICAL CENTER,0,Acute Care Hospitals,Voluntary non-profit - Private,Yes,NJ,0.0,0.0,0.2857142857142857,0.0,0.0,0.1
310075,MONMOUTH MEDICAL CENTER,0,Acute Care Hospitals,Voluntary non-profit - Private,Yes,NJ,0.0,0.0,0.375,0.0,0.0,0.2
310076,COOPERMAN BARNABAS MEDICAL CENTER,0,Acute Care Hospitals,Voluntary non-profit - Private,Yes,NJ,0.0,0.125,0.375,0.0,0.0,0.3636363636363636
310083,CAREWELL HEALTH MEDICAL CENTER,0,Acute Care Hospitals,Proprietary,Yes,NJ,0.0,0.0,0.25,0.0,0.0,0.6666666666666666
310084,MONMOUTH MEDICAL CENTER-SOUTHERN CAMPUS,0,Acute Care Hospitals,Voluntary non-profit - Private,Yes,NJ,0.1666666666666666,0.0,0.2,0.0,0.0,0.25
310086,JEFFERSON STRATFORD HOSPITAL,0,Acute Care Hospitals,Voluntary non-profit - Private,Yes,NJ,0.0,0.0,0.2857142857142857,0.0,0.0,0.4
310092,CAPITAL HEALTH REGIONAL MEDICAL CENTER,0,Acute Care Hospitals,Voluntary non-profit - Private,Yes,NJ,0.0,0.1428571428571428,0.1666666666666666,0.0,0.0,0.3333333333333333
310096,SAINT MICHAEL'S MEDICAL CENTER,1,Acute Care Hospitals,Voluntary non-profit - Private,Yes,NJ,0.0,0.0,0.3333333333333333,0.0,0.0,0.1666666666666666
310108,JFK UNIVERSITY MEDICAL CENTER,0,Acute Care Hospitals,Voluntary non-profit - Private,Yes,NJ,0.1428571428571428,0.0,0.1666666666666666,0.0,0.2222222222222222,0.2222222222222222
310110,ROBERT WOOD JOHNSON UNIVERSITY HOSPITAL AT HAMILTON,1,Acute Care Hospitals,Voluntary non-profit - Private,Yes,NJ,0.0,0.0,0.4285714285714285,0.0,0.1,0.2
310111,CENTRASTATE MEDICAL CENTER,1,Acute Care Hospitals,Voluntary non-profit - Private,Yes,NJ,0.2857142857142857,0.0,0.5,0.0,0.0,0.4285714285714285
310112,BAYSHORE MEDICAL CENTER,1,Acute Care Hospitals,Voluntary non-profit - Private,Yes,NJ,0.0,0.0,0.3333333333333333,0.0,0.0,0.2857142857142857
310113,SOUTHERN OCEAN MEDICAL CENTER,1,Acute Care Hospitals,Voluntary non-profit - Private,Yes,NJ,0.0,0.0,0.1666666666666666,0.0,0.1111111111111111,0.0
310115,AHS HOSPITAL CORP,1,Acute Care Hospitals,Voluntary non-profit - Private,Yes,NJ,0.0,0.0,0.0,0.0,0.125,0.125
310118,HUDSON REGIONAL HOSPITAL,0,Acute Care Hospitals,Proprietary,Yes,NJ,0.0,0.25,0.3333333333333333,0.0,0.0,0.4285714285714285
310119,THE UNIVERSITY HOSPITAL,0,Acute Care Hospitals,Government - State,Yes,NJ,0.0,0.0,0.5,0.0,0.0,0.25
310130,HACKENSACK MERIDIAN HEALTH PASCACK VALLEY MEDICAL,1,Acute Care Hospitals,Proprietary,Yes,NJ,0.0,0.0,0.25,0.0,0.0,0.0
320001,UNM HOSPITAL,0,Acute Care Hospitals,Government - State,Yes,NM,0.0,0.0,0.4285714285714285,0.1428571428571428,0.1111111111111111,0.0
320002,CHRISTUS ST VINCENT REGIONAL MEDICAL CENTER,1,Acute Care Hospitals,Voluntary non-profit - Private,Yes,NM,0.0,0.0,0.1666666666666666,0.1666666666666666,0.5555555555555556,0.0
320004,CHRISTUS SOUTHERN NEW MEXICO,0,Acute Care Hospitals,Voluntary non-profit - Private,Yes,NM,0.0,0.0,0.2,0.0,0.1,0.1
320005,SAN JUAN REGIONAL MEDICAL CENTER INC,0,Acute Care Hospitals,Voluntary non-profit - Private,Yes,NM,0.0,0.0,0.1666666666666666,0.0,0.1428571428571428,0.0
320006,EASTERN NEW MEXICO MEDICAL CENTER,0,Acute Care Hospitals,Proprietary,Yes,NM,0.0,0.3333333333333333,0.25,0.0,0.0,0.0
320009,LOVELACE MEDICAL CENTER,0,Acute Care Hospitals,Proprietary,Yes,NM,0.0,0.125,0.4285714285714285,0.1428571428571428,0.1111111111111111,0.1111111111111111
320017,LOVELACE WOMEN'S HOSPITAL,1,Acute Care Hospitals,Proprietary,Yes,NM,0.0,0.0,0.2,0.0,0.2,0.0
320018,MEMORIAL MEDICAL CENTER,0,Acute Care Hospitals,Proprietary,Yes,NM,0.0,0.125,0.5,0.0,0.0,0.3
320021,PRESBYTERIAN HOSPITAL,0,Acute Care Hospitals,Voluntary non-profit - Private,Yes,NM,0.25,0.125,0.125,0.25,0.1818181818181818,0.0
320022,PLAINS REGIONAL MEDICAL CENTER,0,Acute Care Hospitals,Voluntary non-profit - Private,Yes,NM,0.0,0.0,0.0,0.0,0.0,0.1111111111111111
320059,NORTHERN NAVAJO MEDICAL CENTER,0,Acute Care Hospitals,Government - Federal,Yes,NM,0.0,0.0,0.0,0.0,0.0,0.3333333333333333
32005F,VA NEW MEXICO HEALTHCARE SYSTEM,0,Acute Care - Veterans Administration,Veterans Health Administration,Yes,NM,0.4,0.0,0.0,0.25,0.0,0.3333333333333333
320061,GALLUP INDIAN MEDICAL CENTER,0,Acute Care Hospitals,Government - Federal,Yes,NM,0.0,0.0,0.0,0.3333333333333333,0.3333333333333333,0.0
320063,CARLSBAD MEDICAL CENTER,0,Acute Care Hospitals,Voluntary non-profit - Other,Yes,NM,0.0,0.0,0.0,0.0,0.0,0.1666666666666666
320065,COVENANT HEALTH HOBBS HOSPITAL,0,Acute Care Hospitals,Voluntary non-profit - Private,Yes,NM,0.0,0.0,0.0,0.0,0.0,0.0
320074,LOVELACE WESTSIDE HOSPITAL,1,Acute Care Hospitals,Proprietary,Yes,NM,0.0,0.0,0.5,0.0,0.2,0.0
320085,MOUNTAIN VIEW REGIONAL MEDICAL CENTER,0,Acute Care Hospitals,Proprietary,Yes,NM,0.0,0.0,0.5,0.0,0.0,0.3
320086,LOVELACE REGIONAL HOSPITAL - ROSWELL,0,Acute Care Hospitals,Proprietary,Yes,NM,0.0,0.0,0.0,0.0,0.2,0.0
320090,PRESBYTERIAN SANTA FE MEDICAL CENTER,1,Acute Care Hospitals,Voluntary non-profit - Private,Yes,NM,0.0,0.0,0.0,0.0,0.2,0.0
320091,THREE CROSSES REGIONAL HOSPITAL LLC,0,Acute Care Hospitals,Proprietary,Yes,NM,0.0,0.0,0.0,0.0,0.1666666666666666,0.3333333333333333
321306,LINCOLN COUNTY MEDICAL CENTER,0,Critical Access Hospitals,Voluntary non-profit - Private,Yes,NM,0.0,0.0,0.0,0.0,0.0,0.5
321310,HOLY CROSS HOSPITAL A DIV OF TAOS HEALTH SYSTEMS,0,Critical Access Hospitals,Voluntary non-profit - Private,Yes,NM,0.0,0.0,0.0,0.0,0.2,0.0
321311,GILA REGIONAL MEDICAL CENTER,0,Critical Access Hospitals,Government - Local,Yes,NM,0.0,0.0,0.0,0.3333333333333333,0.125,0.0
330005,KALEIDA HEALTH,0,Acute Care Hospitals,Voluntary non-profit - Private,Yes,NY,0.125,0.125,0.375,0.125,0.0909090909090909,0.1818181818181818
330006,ST JOSEPH'S MEDICAL CENTER,0,Acute Care Hospitals,Voluntary non-profit - Private,Yes,NY,0.0,0.0,0.0,0.0,0.0,0.4
330009,BRONXCARE HOSPITAL CENTER,0,Acute Care Hospitals,Voluntary non-profit - Private,Yes,NY,0.0,0.0,0.0,0.0,0.0,0.6
330011,"OUR LADY OF LOURDES MEMORIAL HOSPITAL, INC",0,Acute Care Hospitals,Voluntary non-profit - Private,Yes,NY,0.0,0.1428571428571428,0.1428571428571428,0.1428571428571428,0.0,0.2222222222222222
330013,ALBANY MEDICAL CENTER HOSPITAL,0,Acute Care Hospitals,Voluntary non-profit - Private,Yes,NY,0.0,0.125,0.375,0.0,0.0909090909090909,0.0
330014,JAMAICA HOSPITAL MEDICAL CENTER,0,Acute Care Hospitals,Voluntary non-profit - Private,Yes,NY,0.0,0.0,0.5,0.1666666666666666,0.0,0.2857142857142857
330019,"NEW YORK COMMUNITY HOSPITAL OF BROOKLYN, INC.",0,Acute Care Hospitals,Voluntary non-profit - Private,Yes,NY,0.0,0.0,0.0,0.0,0.0,0.375
330023,VASSAR BROTHERS MEDICAL CENTER,0,Acute Care Hospitals,Voluntary non-profit - Private,Yes,NY,0.5,0.0,0.5714285714285714,0.0,0.0,0.2
330024,MOUNT SINAI HOSPITAL,1,Acute Care Hospitals,Voluntary non-profit - Private,Yes,NY,0.5,0.0,0.5,0.125,0.0909090909090909,0.1818181818181818
330027,NASSAU UNIVERSITY MEDICAL CENTER,0,Acute Care Hospitals,Government - State,Yes,NY,0.0,0.1428571428571428,0.4,0.0,0.0,0.5
330028,RICHMOND UNIVERSITY MEDICAL CENTER,0,Acute Care Hospitals,Voluntary non-profit - Private,Yes,NY,0.0,0.0,0.1428571428571428,0.0,0.0,0.2
330030,NEWARK-WAYNE COMMUNITY HOSPITAL,0,Acute Care Hospitals,Voluntary non-profit - Private,Yes,NY,0.0,0.0,0.0,0.0,0.0,0.3333333333333333
330033,CHENANGO MEMORIAL HOSPITAL,0,Acute Care Hospitals,Voluntary non-profit - Private,Yes,NY,0.0,0.0,0.0,0.0,0.0,0.4
330043,NS/LIJ HS SOUTHSIDE HOSPITAL,0,Acute Care Hospitals,Voluntary non-profit - Private,Yes,NY,0.125,0.0,0.375,0.0,0.0,0.2727272727272727
330044,WYNN HOSPITAL,0,Acute Care Hospitals,Voluntary non-profit - Private,Yes,NY,0.0,0.2857142857142857,0.3333333333333333,0.1666666666666666,0.0,0.3333333333333333
330045,NS/LIJ HS HUNTINGTON HOSPITAL,1,Acute Care Hospitals,Voluntary non-profit - Private,Yes,NY,0.5714285714285714,0.0,0.2857142857142857,0.0,0.125,0.25
330046,MOUNT SINAI WEST,1,Acute Care Hospitals,Voluntary non-profit - Church,Yes,NY,0.375,0.0,0.375,0.0,0.0909090909090909,0.2727272727272727
330047,St Marys Healthcare,0,Acute Care Hospitals,Voluntary non-profit - Private,Yes,NY,0.0,0.0,0.25,0.0,0.0,0.25
330049,NORTHERN DUTCHESS HOSPITAL,1,Acute Care Hospitals,Voluntary non-profit - Private,Yes,NY,0.1666666666666666,0.0,0.1666666666666666,0.0,0.1111111111111111,0.0
330055,NEW YORK-PRESBYTERIAN/QUEENS,1,Acute Care Hospitals,Voluntary non-profit - Private,Yes,NY,0.4285714285714285,0.0,0.5714285714285714,0.0,0.2,0.0
330056,BROOKLYN HOSPITAL CENTER - DOWNTOWN CAMPUS,0,Acute Care Hospitals,Voluntary non-profit - Other,Yes,NY,0.0,0.0,0.1428571428571428,0.0,0.0,0.2
330057,ST PETER'S HOSPITAL,0,Acute Care Hospitals,Voluntary non-profit - Private,Yes,NY,0.0,0.0,0.25,0.0,0.0,0.2727272727272727
330058,GENEVA GENERAL HOSPITAL,0,Acute Care Hospitals,Voluntary non-profit - Other,Yes,NY,0.0,0.0,0.1666666666666666,0.1666666666666666,0.0,0.4285714285714285
330059,MONTEFIORE MEDICAL CENTER,0,Acute Care Hospitals,Voluntary non-profit - Private,Yes,NY,0.625,0.0,0.25,0.125,0.0909090909090909,0.2727272727272727
330065,NIAGARA FALLS MEMORIAL MEDICAL CENTER,0,Acute Care Hospitals,Voluntary non-profit - Private,Yes,NY,0.0,0.2,0.2,0.0,0.0,0.125
330073,UNITED MEMORIAL MEDICAL CENTER,0,Acute Care Hospitals,Voluntary non-profit - Private,Yes,NY,0.0,0.0,0.0,0.0,0.0,0.125
330074,F F THOMPSON HOSPITAL,0,Acute Care Hospitals,Voluntary non-profit - Private,Yes,NY,0.0,0.0,0.1666666666666666,0.0,0.0,0.3333333333333333
330078,SISTERS OF CHARITY HOSPITAL,0,Acute Care Hospitals,Voluntary non-profit - Private,Yes,NY,0.0,0.0,0.2857142857142857,0.1428571428571428,0.1666666666666666,0.3333333333333333
330079,ADIRONDACK MEDICAL CENTER - SARANAC LAKE,1,Acute Care Hospitals,Voluntary non-profit - Other,Yes,NY,0.0,0.0,0.0,0.0,0.1111111111111111,0.1111111111111111
330080,LINCOLN MEDICAL & MENTAL HEALTH CENTER,0,Acute Care Hospitals,Government - Local,Yes,NY,0.0,0.0,0.3333333333333333,0.0,0.0,0.25
330085,AURELIA OSBORN FOX MEMORIAL HOSPITAL,0,Acute Care Hospitals,Voluntary non-profit - Private,Yes,NY,0.0,0.0,0.0,0.0,0.0,0.125
330086,MONTEFIORE MOUNT VERNON HOSPITAL,0,Acute Care Hospitals,Voluntary non-profit - Private,Yes,NY,0.0,0.0,0.0,0.0,0.0,0.0
330090,ARNOT OGDEN MEDICAL CENTER,0,Acute Care Hospitals,Voluntary non-profit - Private,Yes,NY,0.0,0.0,0.2857142857142857,0.1428571428571428,0.0,0.2
330094,COLUMBIA MEMORIAL HOSPITAL,0,Acute Care Hospitals,Voluntary non-profit - Private,Yes,NY,0.0,0.0,0.0,0.1666666666666666,0.0,0.2222222222222222
330096,JONES MEMORIAL HOSPITAL,1,Acute Care Hospitals,Voluntary non-profit - Private,Yes,NY,0.0,0.0,0.0,0.0,0.125,0.0
33009F,ALBANY VA MEDICAL CENTER,0,Acute Care - Veterans Administration,Veterans Health Administration,Yes,NY,0.25,0.0,0.0,0.0,0.0,0.2
330101,NEW YORK-PRESBYTERIAN HOSPITAL,1,Acute Care Hospitals,Voluntary non-profit - Private,Yes,NY,0.75,0.0,0.5,0.0,0.2727272727272727,0.1818181818181818
330102,KENMORE MERCY HOSPITAL,0,Acute Care Hospitals,Voluntary non-profit - Private,Yes,NY,0.0,0.1666666666666666,0.0,0.0,0.1666666666666666,0.1666666666666666
330103,OLEAN GENERAL HOSPITAL,0,Acute Care Hospitals,Proprietary,Yes,NY,0.0,0.2857142857142857,0.0,0.0,0.0,0.3
330104,NYACK HOSPITAL,0,Acute Care Hospitals,Voluntary non-profit - Private,Yes,NY,0.0,0.0,0.1428571428571428,0.0,0.0,0.2
330106,NORTH SHORE UNIVERSITY HOSPITAL,1,Acute Care Hospitals,Voluntary non-profit - Private,Yes,NY,0.625,0.0,0.4285714285714285,0.0,0.0,0.3636363636363636
330107,PECONIC BAY MEDICAL CENTER,0,Acute Care Hospitals,Voluntary non-profit - Other,Yes,NY,0.0,0.0,0.4285714285714285,0.0,0.0,0.375
330115,ONEIDA HEALTH HOSPITAL,0,Acute Care Hospitals,Voluntary non-profit - Private,Yes,NY,0.0,0.0,0.2,0.0,0.0,0.25
330119,LENOX HILL HOSPITAL,1,Acute Care Hospitals,Voluntary non-profit - Private,Yes,NY,0.5,0.0,0.5,0.0,0.0909090909090909,0.0
330125,ROCHESTER GENERAL HOSPITAL,0,Acute Care Hospitals,Voluntary non-profit - Private,Yes,NY,0.125,0.0,0.125,0.25,0.0,0.2727272727272727
330126,GARNET HEALTH MEDICAL CENTER,1,Acute Care Hospitals,Voluntary non-profit - Private,Yes,NY,0.25,0.0,0.25,0.0,0.0,0.1818181818181818
330127,JACOBI MEDICAL CENTER,0,Acute Care Hospitals,Government - Local,Yes,NY,0.0,0.0,0.3333333333333333,0.0,0.0,0.3333333333333333
330128,ELMHURST HOSPITAL CENTER,0,Acute Care Hospitals,Government - Local,Yes,NY,0.0,0.0,0.1666666666666666,0.0,0.4,0.0
33012F,UPSTATE NEW YORK VA HEALTHCARE SYSTEM (WESTERN NY VA HEALTHCARE SYSTEM),1,Acute Care - Veterans Administration,Veterans Health Administration,Yes,NY,0.4,0.0,0.0,0.0,0.0,0.1666666666666666
330135,BON SECOURS COMMUNITY HOSPITAL,0,Acute Care Hospitals,Voluntary non-profit - Private,Yes,NY,0.0,0.0,0.0,0.0,0.0,0.2
330136,BASSETT HEALTHCARE,0,Acute Care Hospitals,Voluntary non-profit - Private,Yes,NY,0.0,0.0,0.1428571428571428,0.0,0.0,0.1818181818181818
330140,ST JOSEPH'S HOSPITAL HEALTH CENTER,0,Acute Care Hospitals,Voluntary non-profit - Church,Yes,NY,0.0,0.0,0.2857142857142857,0.0,0.0,0.4444444444444444
330141,LONG ISLAND COMMUNITY HOSPITAL,1,Acute Care Hospitals,Voluntary non-profit - Private,Yes,NY,0.2857142857142857,0.0,0.2857142857142857,0.0,0.125,0.125
330151,ST JAMES HOSPITAL,0,Acute Care Hospitals,Voluntary non-profit - Private,Yes,NY,0.0,0.0,0.0,0.0,0.0,0.3333333333333333
330153,ELLIS HOSPITAL,0,Acute Care Hospitals,Voluntary non-profit - Private,Yes,NY,0.0,0.0,0.5,0.1666666666666666,0.0,0.1
330157,SAMARITAN MEDICAL CENTER,0,Acute Care Hospitals,Voluntary non-profit - Private,Yes,NY,0.0,0.0,0.1666666666666666,0.0,0.0,0.125
330158,GOOD SAMARITAN HOSPITAL OF SUFFERN,0,Acute Care Hospitals,Voluntary non-profit - Private,Yes,NY,0.0,0.0,0.2857142857142857,0.0,0.0,0.3636363636363636
33015F,VA HUDSON VALLEY HEALTHCARE SYSTEM,1,Acute Care - Veterans Administration,Veterans Health Administration,No,NY,0.0,0.0,,,0.5,0.0
330160,STATEN ISLAND UNIVERSITY HOSPITAL,0,Acute Care Hospitals,Voluntary non-profit - Private,Yes,NY,0.25,0.0,0.5,0.0,0.0,0.2727272727272727
330162,NORTHERN WESTCHESTER HOSPITAL,1,Acute Care Hospitals,Voluntary non-profit - Private,Yes,NY,0.1428571428571428,0.0,0.125,0.0,0.1,0.1
330164,HIGHLAND HOSPITAL,0,Acute Care Hospitals,Voluntary non-profit - Private,Yes,NY,0.1666666666666666,0.0,0.125,0.0,0.0,0.2222222222222222
330169,MOUNT SINAI BETH ISRAEL,0,Acute Care Hospitals,Voluntary non-profit - Private,Yes,NY,0.4285714285714285,0.0,0.3333333333333333,0.0,0.0,0.4444444444444444
33016F,BRONX VA MEDICAL CENTER,1,Acute Care - Veterans Administration,Veterans Health Administration,Yes,NY,0.0,0.0,0.0,0.3333333333333333,0.0,0.0
330175,GUTHRIE CORTLAND REGIONAL MEDICAL CENTER,0,Acute Care Hospitals,Voluntary non-profit - Private,Yes,NY,0.2,0.0,0.25,0.0,0.0,0.25
33017F,VA NEW YORK HARBOR HEALTHCARE SYSTEM - NY DIV.,0,Acute Care - Veterans Administration,Veterans Health Administration,Yes,NY,0.2,0.0,0.0,0.0,0.0,0.3333333333333333
330180,"SAMARITAN HOSPITAL OF TROY, NEW YORK",0,Acute Care Hospitals,Voluntary non-profit - Private,Yes,NY,0.1428571428571428,0.0,0.1666666666666666,0.0,0.1111111111111111,0.0
330181,NORTHWELL HOSPITAL GLEN COVE,1,Acute Care Hospitals,Voluntary non-profit - Private,Yes,NY,0.1666666666666666,0.0,0.25,0.0,0.3333333333333333,0.0
330182,ST FRANCIS HOSPITAL - THE HEART CENTER,1,Acute Care Hospitals,Voluntary non-profit - Church,Yes,NY,0.625,0.0,0.4285714285714285,0.0,0.0,0.3636363636363636
330184,MONTEFIORE NEW ROCHELLE HOSPITAL,0,Acute Care Hospitals,Voluntary non-profit - Private,Yes,NY,0.0,0.1666666666666666,0.1666666666666666,0.0,0.0,0.2857142857142857
330185,JOHN T MATHER MEMORIAL HOSPITAL  OF PORT JEFFERSON,1,Acute Care Hospitals,Voluntary non-profit - Private,Yes,NY,0.4285714285714285,0.0,0.1428571428571428,0.0,0.125,0.0
330188,MOUNT ST. MARY'S HOSPITAL & HEALTH CENTER,0,Acute Care Hospitals,Voluntary non-profit - Private,Yes,NY,0.0,0.0,0.5,0.0,0.0,0.3333333333333333
330191,GLENS FALLS HOSPITAL,0,Acute Care Hospitals,Voluntary non-profit - Private,Yes,NY,0.0,0.0,0.1666666666666666,0.1666666666666666,0.3333333333333333,0.1111111111111111
330193,FLUSHING HOSPITAL MEDICAL CENTER,0,Acute Care Hospitals,Voluntary non-profit - Private,Yes,NY,0.0,0.0,0.2,0.0,0.0,0.1666666666666666
330194,MAIMONIDES MEDICAL CENTER,0,Acute Care Hospitals,Voluntary non-profit - Private,Yes,NY,0.5,0.0,0.1428571428571428,0.1428571428571428,0.0909090909090909,0.3636363636363636
330195,LONG ISLAND JEWISH MEDICAL CENTER,1,Acute Care Hospitals,Voluntary non-profit - Private,Yes,NY,0.5714285714285714,0.0,0.625,0.0,0.1,0.3
330196,SOUTH BROOKLYN HEALTH,0,Acute Care Hospitals,Voluntary non-profit - Other,Yes,NY,0.0,0.0,0.3333333333333333,0.0,0.0,0.4285714285714285
330197,CANTON-POTSDAM HOSPITAL,0,Acute Care Hospitals,Voluntary non-profit - Private,Yes,NY,0.0,0.1666666666666666,0.0,0.0,0.0,0.25
330198,MOUNT SINAI SOUTH NASSAU,0,Acute Care Hospitals,Voluntary non-profit - Private,Yes,NY,0.4285714285714285,0.0,0.125,0.0,0.1,0.2
330199,METROPOLITAN HOSPITAL CENTER,0,Acute Care Hospitals,Government - Local,Yes,NY,0.0,0.0,0.4,0.0,0.3333333333333333,0.0
33019F,NORTHPORT VA MEDICAL CENTER,1,Acute Care - Veterans Administration,Veterans Health Administration,Yes,NY,0.0,0.0,0.0,0.0,0.0,0.0
330202,KINGS COUNTY HOSPITAL CENTER,0,Acute Care Hospitals,Government - Local,Yes,NY,0.0,0.0,0.1666666666666666,0.1666666666666666,0.0,0.25
330203,CROUSE HOSPITAL,0,Acute Care Hospitals,Voluntary non-profit - Private,Yes,NY,0.0,0.1428571428571428,0.375,0.0,0.125,0.25
330204,BELLEVUE HOSPITAL CENTER,0,Acute Care Hospitals,Government - Local,Yes,NY,0.0,0.0,0.1666666666666666,0.0,0.1428571428571428,0.2857142857142857
330205,ST ANTHONY COMMUNITY HOSPITAL,1,Acute Care Hospitals,Voluntary non-profit - Church,No,NY,0.0,0.0,0.0,0.0,0.1428571428571428,0.0
330208,ST JOHN'S RIVERSIDE HOSPITAL,0,Acute Care Hospitals,Voluntary non-profit - Private,Yes,NY,0.0,0.0,0.2857142857142857,0.1428571428571428,0.0,0.2222222222222222
33020F,VA NEW YORK HARBOR HEALTHCARE SYSTEM - BROOKLYN,1,Acute Care - Veterans Administration,Veterans Health Administration,Yes,NY,0.5,0.0,0.0,0.0,0.0,0.2
330214,NYU LANGONE HOSPITALS,1,Acute Care Hospitals,Voluntary non-profit - Private,Yes,NY,1.0,0.0,0.625,0.125,0.7272727272727273,0.1818181818181818
330215,"ROME MEMORIAL HOSPITAL, INC",0,Acute Care Hospitals,Voluntary non-profit - Private,Yes,NY,0.0,0.0,0.0,0.0,0.0,0.3333333333333333
330218,OSWEGO HOSPITAL,0,Acute Care Hospitals,Voluntary non-profit - Private,Yes,NY,0.0,0.25,0.3333333333333333,0.0,0.1666666666666666,0.1666666666666666
330219,ERIE COUNTY MEDICAL CENTER,0,Acute Care Hospitals,Voluntary non-profit - Private,Yes,NY,0.0,0.2,0.2857142857142857,0.1428571428571428,0.0,0.3333333333333333
330221,WYCKOFF HEIGHTS MEDICAL CENTER,0,Acute Care Hospitals,Voluntary non-profit - Private,Yes,NY,0.0,0.0,0.1666666666666666,0.0,0.0,0.2
330222,SARATOGA HOSPITAL,0,Acute Care Hospitals,Voluntary non-profit - Private,Yes,NY,0.0,0.1428571428571428,0.0,0.0,0.0,0.2
330224,HEALTHALLIANCE HOSPITAL MARYS AVENUE CAMPUS,0,Acute Care Hospitals,Voluntary non-profit - Private,Yes,NY,0.0,0.0,0.0,0.0,0.0,0.2
330226,UNITY HOSPITAL,0,Acute Care Hospitals,Voluntary non-profit - Private,Yes,NY,0.0,0.0,0.4285714285714285,0.0,0.1,0.3
330229,"BROOKS-TLC HOSPITAL SYSTEM, INC",0,Acute Care Hospitals,Voluntary non-profit - Private,Yes,NY,0.0,0.0,0.0,0.0,0.0,0.125
330231,QUEENS HOSPITAL CENTER,0,Acute Care Hospitals,Voluntary non-profit - Other,Yes,NY,0.0,0.0,0.3333333333333333,0.0,0.25,0.25
330233,BROOKDALE HOSPITAL MEDICAL CENTER,0,Acute Care Hospitals,Voluntary non-profit - Private,Yes,NY,0.0,0.0,0.5,0.1666666666666666,0.0,0.1666666666666666
330234,WESTCHESTER MEDICAL CENTER,0,Acute Care Hospitals,Voluntary non-profit - Other,Yes,NY,0.0,0.0,0.5,0.0,0.0,0.2727272727272727
330235,AUBURN  COMMUNITY  HOSPITAL,0,Acute Care Hospitals,Voluntary non-profit - Private,Yes,NY,0.0,0.0,0.2,0.0,0.0,0.2222222222222222
330238,NICHOLAS H NOYES MEMORIAL HOSPITAL,0,Acute Care Hospitals,Voluntary non-profit - Private,Yes,NY,0.0,0.0,0.0,0.0,0.0,0.1666666666666666
330239,UPMC CHAUTAUQUA AT WCA,0,Acute Care Hospitals,Voluntary non-profit - Private,Yes,NY,0.0,0.0,0.0,0.0,0.0,0.0
330240,HARLEM HOSPITAL CENTER,0,Acute Care Hospitals,Government - State,Yes,NY,0.0,0.0,0.3333333333333333,0.0,0.0,0.4
330241,UNIVERSITY HOSPITAL S U N Y HEALTH SCIENCE CENTER,0,Acute Care Hospitals,Government - State,Yes,NY,0.125,0.0,0.2857142857142857,0.2857142857142857,0.0,0.1818181818181818
330246,ST CHARLES HOSPITAL,1,Acute Care Hospitals,Voluntary non-profit - Church,Yes,NY,0.0,0.0,0.1666666666666666,0.0,0.1428571428571428,0.0
33024F,SYRACUSE VA MEDICAL CENTER,0,Acute Care - Veterans Administration,Veterans Health Administration,Yes,NY,0.0,0.0,0.0,0.0,0.0,0.3333333333333333
330250,THE UNIVERSITY OF VERMONT HEALTH NETWORK  - CHAMPL,0,Acute Care Hospitals,Voluntary non-profit - Private,Yes,NY,0.0,0.0,0.0,0.2857142857142857,0.2,0.2
330259,MERCY MEDICAL CENTER,1,Acute Care Hospitals,Voluntary non-profit - Church,Yes,NY,0.0,0.0,0.2857142857142857,0.0,0.1111111111111111,0.1111111111111111
330261,PHELPS HOSPITAL,1,Acute Care Hospitals,Voluntary non-profit - Private,Yes,NY,0.0,0.0,0.1428571428571428,0.0,0.1111111111111111,0.0
330264,MONTEFIORE ST LUKE'S CORNWALL,0,Acute Care Hospitals,Voluntary non-profit - Private,Yes,NY,0.0,0.0,0.1428571428571428,0.1428571428571428,0.0,0.1
330265,CLIFTON SPRINGS HOSPITAL AND CLINIC,0,Acute Care Hospitals,Voluntary non-profit - Private,Yes,NY,0.0,0.0,0.5,0.0,0.0,0.1428571428571428
330267,HUDSON VALLEY HOSPITAL CENTER,1,Acute Care Hospitals,Voluntary non-profit - Private,Yes,NY,0.0,0.0,0.1428571428571428,0.0,0.2,0.1
330270,HOSPITAL FOR SPECIAL SURGERY,1,Acute Care Hospitals,Voluntary non-profit - Private,No,NY,0.0,0.0,0.6666666666666666,0.0,1.0,0.0
330273,PUTNAM HOSPITAL CENTER,0,Acute Care Hospitals,Voluntary non-profit - Private,Yes,NY,0.2,0.0,0.0,0.0,0.0,0.0
330276,NATHAN LITTAUER HOSPITAL,0,Acute Care Hospitals,Voluntary non-profit - Private,Yes,NY,0.0,0.0,0.0,0.0,0.3333333333333333,0.0
330277,CORNING HOSPITAL,0,Acute Care Hospitals,Voluntary non-profit - Private,Yes,NY,0.0,0.0,0.2,0.0,0.0,0.25
330279,MERCY HOSPITAL OF BUFFALO,0,Acute Care Hospitals,Voluntary non-profit - Private,Yes,NY,0.0,0.0,0.5,0.0,0.125,0.25
330285,STRONG MEMORIAL HOSPITAL,0,Acute Care Hospitals,Voluntary non-profit - Private,Yes,NY,0.125,0.0,0.2857142857142857,0.1428571428571428,0.1,0.2
330286,GOOD SAMARITAN HOSPITAL MEDICAL CENTER,0,Acute Care Hospitals,Voluntary non-profit - Private,Yes,NY,0.0,0.25,0.5,0.125,0.0,0.2727272727272727
330304,WHITE PLAINS HOSPITAL CENTER,1,Acute Care Hospitals,Voluntary non-profit - Private,Yes,NY,0.5,0.0,0.25,0.0,0.0,0.1818181818181818
330307,CAYUGA MEDICAL CENTER AT ITHACA,0,Acute Care Hospitals,Voluntary non-profit - Private,Yes,NY,0.0,0.1428571428571428,0.1428571428571428,0.1428571428571428,0.1,0.1
330331,PLAINVIEW HOSPITAL,1,Acute Care Hospitals,Voluntary non-profit - Private,Yes,NY,0.3333333333333333,0.0,0.2857142857142857,0.0,0.125,0.0
330332,CHSLI ST JOSEPH HOSPITAL,0,Acute Care Hospitals,Voluntary non-profit - Private,Yes,NY,0.1428571428571428,0.1428571428571428,0.1428571428571428,0.0,0.0,0.25
330350,SUNY/DOWNSTATE UNIVERSITY HOSPITAL OF BROOKLYN,0,Acute Care Hospitals,Government - State,Yes,NY,0.0,0.0,0.1428571428571428,0.0,0.0,0.3333333333333333
330386,GARNET HEALTH  MEDICAL CENTER CATSKILLS,0,Acute Care Hospitals,Voluntary non-profit - Private,Yes,NY,0.0,0.0,0.0,0.0,0.0,0.3333333333333333
330393,SUNY/STONY BROOK UNIVERSITY HOSPITAL,1,Acute Care Hospitals,Government - State,Yes,NY,0.5,0.0,0.5,0.0,0.0,0.1818181818181818
330394,"UNITED HEALTH SERVICES HOSPITALS, INC",0,Acute Care Hospitals,Voluntary non-profit - Private,Yes,NY,0.0,0.0,0.1428571428571428,0.1428571428571428,0.0,0.3636363636363636
330395,ST JOHN'S EPISCOPAL HOSPITAL AT SOUTH SHORE,0,Acute Care Hospitals,Voluntary non-profit - Private,Yes,NY,0.0,0.2857142857142857,0.0,0.2,0.0,0.6
330396,WOODHULL MEDICAL & MENTAL HEALTH CENTER,0,Acute Care Hospitals,Government - Local,Yes,NY,0.0,0.0,0.1666666666666666,0.0,0.0,0.6666666666666666
330399,ST BARNABAS HOSPITAL,0,Acute Care Hospitals,Voluntary non-profit - Private,Yes,NY,0.0,0.0,0.3333333333333333,0.0,0.0,0.5
330401,ST CATHERINE OF SIENA HOSPITAL,1,Acute Care Hospitals,Voluntary non-profit - Church,Yes,NY,0.1428571428571428,0.0,0.2857142857142857,0.0,0.1428571428571428,0.1428571428571428
331302,ELIZABETHTOWN COMMUNITY HOSPITAL,1,Critical Access Hospitals,Voluntary non-profit - Private,Yes,NY,0.0,0.0,0.0,0.0,0.0,0.0
331311,LITTLE FALLS HOSPITAL,0,Critical Access Hospitals,Voluntary non-profit - Private,Yes,NY,0.0,0.3333333333333333,,,0.0,0.25
331312,"DELAWARE VALLEY HOSPITAL, INC",0,Critical Access Hospitals,Voluntary non-profit - Private,Yes,NY,0.0,0.0,0.0,0.0,0.0,0.3333333333333333
331316,"COMMUNITY MEMORIAL HOSPITAL, INC",1,Critical Access Hospitals,Voluntary non-profit - Private,Yes,NY,0.0,0.0,0.0,0.0,0.0,0.0
331320,COBLESKILL REGIONAL HOSPITAL,1,Critical Access Hospitals,Voluntary non-profit - Private,Yes,NY,0.0,0.0,0.0,0.0,0.2,0.0
331321,THE UNIVERSITY OF VERMONT HEALTH NETWORK-ALICE HY,0,Critical Access Hospitals,Voluntary non-profit - Private,Yes,NY,0.0,0.0,0.0,0.0,0.0,0.125
340001,CAROLINAS MEDICAL CENTER-NORTHEAST,1,Acute Care Hospitals,Government - Hospital District or Authority,Yes,NC,0.125,0.0,0.4285714285714285,0.0,0.0909090909090909,0.0909090909090909
340002,MEMORIAL MISSION HOSPITAL AND ASHEVILLE SURGERY CE,0,Acute Care Hospitals,Voluntary non-profit - Private,Yes,NC,0.0,0.0,0.375,0.0,0.3636363636363636,0.0909090909090909
340003,NORTHERN REGIONAL HOSPITAL,1,Acute Care Hospitals,Government - Hospital District or Authority,Yes,NC,0.0,0.0,0.0,0.0,0.0,0.0
340004,HIGH POINT REGIONAL HEALTH SYSTEM,0,Acute Care Hospitals,Voluntary non-profit - Private,Yes,NC,0.0,0.0,0.1428571428571428,0.0,0.0,0.0
340008,SCOTLAND MEMORIAL HOSPITAL,0,Acute Care Hospitals,Voluntary non-profit - Private,Yes,NC,0.0,0.0,0.1666666666666666,0.0,0.0,0.1111111111111111
340010,UNC HEALTH CARE WAYNE,0,Acute Care Hospitals,Voluntary non-profit - Private,Yes,NC,0.0,0.0,0.3333333333333333,0.1666666666666666,0.0,0.1428571428571428
340013,RUTHERFORD REGIONAL MEDICAL CENTER,0,Acute Care Hospitals,Proprietary,Yes,NC,0.0,0.1666666666666666,0.0,0.0,0.0,0.1428571428571428
340014,NOVANT HEALTH FORSYTH MEDICAL CENTER,1,Acute Care Hospitals,Voluntary non-profit - Private,Yes,NC,0.0,0.0,0.5,0.0,0.1818181818181818,0.1818181818181818
340015,NOVANT HEALTH ROWAN MEDICAL CENTER,1,Acute Care Hospitals,Voluntary non-profit - Private,Yes,NC,0.0,0.1428571428571428,0.1428571428571428,0.0,0.2,0.0
340016,HARRIS REGIONAL HOSPITAL,0,Acute Care Hospitals,Proprietary,Yes,NC,0.0,0.0,0.0,0.0,0.1111111111111111,0.0
340017,PARDEE HOSPITAL HENDERSON COUNTY,1,Acute Care Hospitals,Government - Local,Yes,NC,0.0,0.0,0.1428571428571428,0.0,0.2,0.1
340020,CENTRAL CAROLINA HOSPITAL,0,Acute Care Hospitals,Voluntary non-profit - Private,Yes,NC,0.0,0.0,0.0,0.0,0.0,0.3333333333333333
340021,ATRIUM HEALTH CLEVELAND,0,Acute Care Hospitals,Government - Hospital District or Authority,Yes,NC,0.0,0.0,0.2857142857142857,0.0,0.0,0.1111111111111111
340023,ADVENTHEALTH HENDERSONVILLE,1,Acute Care Hospitals,Voluntary non-profit - Private,Yes,NC,0.0,0.0,0.25,0.0,0.125,0.0
340024,SAMPSON REGIONAL MEDICAL CENTER,0,Acute Care Hospitals,Government - Local,Yes,NC,0.0,0.0,0.0,0.0,0.0,0.1666666666666666
340027,UNC LENOIR HEALTH CARE,1,Acute Care Hospitals,Voluntary non-profit - Private,Yes,NC,0.0,0.0,0.2,0.0,0.0,0.2
340028,CAPE FEAR VALLEY MEDICAL CENTER,0,Acute Care Hospitals,Voluntary non-profit - Private,Yes,NC,0.0,0.125,0.125,0.125,0.0,0.1818181818181818
340030,DUKE UNIVERSITY HOSPITAL,1,Acute Care Hospitals,Proprietary,Yes,NC,0.5,0.125,0.375,0.0,0.2727272727272727,0.0
340032,CAROMONT REGIONAL MEDICAL CENTER,1,Acute Care Hospitals,Voluntary non-profit - Private,Yes,NC,0.0,0.0,0.4285714285714285,0.0,0.0909090909090909,0.0
340039,IREDELL MEMORIAL HOSPITAL INC,0,Acute Care Hospitals,Voluntary non-profit - Private,Yes,NC,0.0,0.0,0.1428571428571428,0.0,0.0,0.0
340040,ECU HEALTH MEDICAL CENTER,0,Acute Care Hospitals,Voluntary non-profit - Private,Yes,NC,0.0,0.125,0.125,0.0,0.0909090909090909,0.4545454545454545
340041,CALDWELL MEMORIAL HOSPITAL,0,Acute Care Hospitals,Voluntary non-profit - Other,Yes,NC,0.0,0.0,0.1666666666666666,0.0,0.1428571428571428,0.0
340042,ONSLOW MEMORIAL HOSPITAL,0,Acute Care Hospitals,Government - Hospital District or Authority,Yes,NC,0.0,0.1666666666666666,0.1666666666666666,0.0,0.0,0.3333333333333333
340047,NORTH CAROLINA BAPTIST HOSPITAL,1,Acute Care Hospitals,Voluntary non-profit - Private,Yes,NC,0.0,0.125,0.25,0.0,0.0909090909090909,0.0909090909090909
340050,SOUTHEASTERN REGIONAL MEDICAL CENTER,0,Acute Care Hospitals,Voluntary non-profit - Private,Yes,NC,0.0,0.0,0.4,0.0,0.0,0.2222222222222222
340051,WATAUGA MEDICAL CENTER,0,Acute Care Hospitals,Government - Local,Yes,NC,0.0,0.0,0.1666666666666666,0.0,0.0,0.1
340053,NOVANT HEALTH PRESBYTERIAN MEDICAL CENTER,1,Acute Care Hospitals,Voluntary non-profit - Private,Yes,NC,0.0,0.0,0.5,0.0,0.1818181818181818,0.1818181818181818
340060,UNC ROCKINGHAM,1,Acute Care Hospitals,Voluntary non-profit - Private,Yes,NC,0.0,0.0,0.0,0.0,0.0,0.2
340061,UNC HOSPITALS,1,Acute Care Hospitals,Government - State,Yes,NC,0.125,0.0,0.25,0.0,0.4545454545454545,0.0
340064,WILKES REGIONAL MEDICAL CENTER,0,Acute Care Hospitals,Government - Local,Yes,NC,0.0,0.0,0.0,0.0,0.0,0.125
340068,COLUMBUS REGIONAL HEALTHCARE SYSTEM,0,Acute Care Hospitals,Voluntary non-profit - Other,Yes,NC,0.0,0.2,0.0,0.0,0.0,0.2222222222222222
340069,"WAKEMED, RALEIGH CAMPUS",1,Acute Care Hospitals,Voluntary non-profit - Private,Yes,NC,0.0,0.125,0.5,0.0,0.0909090909090909,0.0
340070,ALAMANCE REGIONAL MEDICAL CENTER,0,Acute Care Hospitals,Voluntary non-profit - Private,Yes,NC,0.0,0.1428571428571428,0.1428571428571428,0.0,0.125,0.125
340071,BETSY JOHNSON REGIONAL HOSPITAL,0,Acute Care Hospitals,Voluntary non-profit - Private,Yes,NC,0.0,0.0,0.0,0.0,0.0,0.1666666666666666
340075,"BLUE RIDGE HEALTHCARE HOSPITALS, INC",1,Acute Care Hospitals,Proprietary,Yes,NC,0.0,0.0,0.1666666666666666,0.0,0.125,0.0
340085,NOVANT HEALTH THOMASVILLE MEDICAL CENTER,0,Acute Care Hospitals,Voluntary non-profit - Private,Yes,NC,0.0,0.0,0.25,0.25,0.125,0.125
340087,THE MCDOWELL HOSPITAL,0,Acute Care Hospitals,Voluntary non-profit - Private,Yes,NC,0.0,0.0,0.0,0.0,0.1666666666666666,0.1666666666666666
340090,JOHNSTON HEALTH,1,Acute Care Hospitals,Government - Hospital District or Authority,Yes,NC,0.0,0.0,0.1428571428571428,0.0,0.0,0.0
340091,"MOSES H. CONE MEMORIAL HOSPITAL, THE",0,Acute Care Hospitals,Voluntary non-profit - Private,Yes,NC,0.125,0.0,0.5714285714285714,0.0,0.2727272727272727,0.0
340096,LEXINGTON MEMORIAL HOSPITAL INC,0,Acute Care Hospitals,Voluntary non-profit - Private,Yes,NC,0.0,0.0,0.0,0.0,0.0,0.0
340097,HUGH CHATHAM MEMORIAL HOSPITAL,0,Acute Care Hospitals,Voluntary non-profit - Private,Yes,NC,0.0,0.0,0.0,0.0,0.0,0.2857142857142857
340098,ATRIUM HEALTH PINEVILLE,0,Acute Care Hospitals,Government - Hospital District or Authority,Yes,NC,0.125,0.0,0.1428571428571428,0.0,0.0,0.1111111111111111
340099,VIDANT ROANOKE CHOWAN HOSPITAL,0,Acute Care Hospitals,Voluntary non-profit - Private,Yes,NC,0.0,0.0,0.2,0.0,0.0,0.125
340107,VIDANT EDGECOMBE HOSPITAL,0,Acute Care Hospitals,Government - Local,Yes,NC,0.0,0.2,0.0,0.0,0.0,0.125
340109,SENTARA ALBEMARLE MEDICAL CENTER,0,Acute Care Hospitals,Government - Hospital District or Authority,Yes,NC,0.0,0.0,0.1666666666666666,0.0,0.0,0.1666666666666666
340113,CAROLINAS MEDICAL CENTER/BEHAV HEALTH,1,Acute Care Hospitals,Government - Hospital District or Authority,Yes,NC,0.0,0.0,0.375,0.0,0.0909090909090909,0.0909090909090909
340114,REX HOSPITAL,1,Acute Care Hospitals,Government - State,Yes,NC,0.375,0.0,0.375,0.0,0.1818181818181818,0.0
340115,FIRSTHEALTH MOORE REGIONAL HOSPITAL,1,Acute Care Hospitals,Voluntary non-profit - Private,Yes,NC,0.0,0.0,0.25,0.0,0.0909090909090909,0.0909090909090909
340116,FRYE REGIONAL MEDICAL CENTER,0,Acute Care Hospitals,Proprietary,Yes,NC,0.0,0.125,0.1666666666666666,0.0,0.0,0.1
340119,STANLY REGIONAL MEDICAL CENTER,0,Acute Care Hospitals,Voluntary non-profit - Private,Yes,NC,0.0,0.0,0.3333333333333333,0.0,0.3333333333333333,0.0
340120,VIDANT DUPLIN HOSPITAL,0,Acute Care Hospitals,Government - Local,Yes,NC,0.0,0.0,0.0,0.0,0.0,0.2
340123,RANDOLPH HOSPITAL,1,Acute Care Hospitals,Voluntary non-profit - Private,Yes,NC,0.0,0.0,0.0,0.0,0.1666666666666666,0.0
340126,WILSON MEDICAL CENTER,0,Acute Care Hospitals,Voluntary non-profit - Private,Yes,NC,0.0,0.1666666666666666,0.1428571428571428,0.2857142857142857,0.0,0.1428571428571428
340127,GRANVILLE HEALTH SYSTEMS,0,Acute Care Hospitals,Government - Local,Yes,NC,0.0,0.25,0.5,0.0,0.2,0.2
340129,DUKE HEALTH LAKE NORMAN HOSPITAL,0,Acute Care Hospitals,Proprietary,Yes,NC,0.0,0.1666666666666666,0.1666666666666666,0.0,0.0,0.1428571428571428
34012F,DURHAM VA MEDICAL CENTER,1,Acute Care - Veterans Administration,Veterans Health Administration,Yes,NC,0.2,0.0,0.25,0.25,0.3333333333333333,0.0
340130,ATRIUM HEALTH UNION,1,Acute Care Hospitals,Government - Hospital District or Authority,Yes,NC,0.0,0.0,0.1428571428571428,0.0,0.0,0.375
340131,CAROLINA EAST MEDICAL CENTER,1,Acute Care Hospitals,Government - Hospital District or Authority,Yes,NC,0.0,0.125,0.2857142857142857,0.0,0.0,0.0909090909090909
340132,MARIA PARHAM MEDICAL CENTER,0,Acute Care Hospitals,Proprietary,Yes,NC,0.0,0.3333333333333333,0.1666666666666666,0.0,0.0,0.125
34013F,FAYETTEVILLE NC VA MEDICAL CENTER,1,Acute Care - Veterans Administration,Veterans Health Administration,No,NC,0.0,0.0,0.0,0.0,0.25,0.0
340141,NOVANT HEALTH NEW HANOVER REGIONAL MEDICAL CENTER,0,Acute Care Hospitals,Government - Local,Yes,NC,0.0,0.125,0.25,0.0,0.1818181818181818,0.1818181818181818
340142,CARTERET GENERAL HOSPITAL,0,Acute Care Hospitals,Proprietary,Yes,NC,0.0,0.1666666666666666,0.0,0.0,0.0,0.3
340143,CATAWBA VALLEY MEDICAL CENTER,0,Acute Care Hospitals,Voluntary non-profit - Other,Yes,NC,0.0,0.7142857142857143,0.125,0.0,0.2,0.0
340145,ATRIUM HEALTH LINCOLN,0,Acute Care Hospitals,Government - Hospital District or Authority,Yes,NC,0.0,0.0,0.1666666666666666,0.0,0.0,0.1666666666666666
340147,UNC HEALTH NASH,1,Acute Care Hospitals,Government - Hospital District or Authority,Yes,NC,0.0,0.0,0.1428571428571428,0.1428571428571428,0.1,0.1
340148,NOVANT HEALTH MEDICAL PARK HOSPITAL,1,Acute Care Hospitals,Voluntary non-profit - Other,No,NC,0.0,0.0,0.0,0.0,0.0,0.0
340151,ECU HEALTH NORTH HOSPITAL,0,Acute Care Hospitals,Voluntary non-profit - Private,Yes,NC,0.0,0.0,0.1666666666666666,0.0,0.0,0.1111111111111111
340155,DUKE REGIONAL HOSPITAL,1,Acute Care Hospitals,Government - Local,Yes,NC,0.125,0.0,0.4285714285714285,0.0,0.0,0.0909090909090909
340158,NOVANT HEALTH BRUNSWICK MEDICAL CENTER,1,Acute Care Hospitals,Voluntary non-profit - Other,Yes,NC,0.0,0.0,0.0,0.0,0.0,0.1428571428571428
340159,PERSON MEMORIAL HOSPITAL,0,Acute Care Hospitals,Proprietary,Yes,NC,0.0,0.0,0.0,0.0,0.0,0.25
340166,ATRIUM HEALTH UNIVERSITY CITY,0,Acute Care Hospitals,Government - Hospital District or Authority,Yes,NC,0.0,0.0,0.1666666666666666,0.0,0.0,0.0
340171,NOVANT HEALTH MATTHEWS MEDICAL CENTER,1,Acute Care Hospitals,Voluntary non-profit - Other,Yes,NC,0.2857142857142857,0.0,0.125,0.0,0.125,0.375
340173,"WAKEMED, CARY HOSPITAL",1,Acute Care Hospitals,Voluntary non-profit - Private,Yes,NC,0.1428571428571428,0.0,0.2857142857142857,0.0,0.0,0.0
34017F,W.G. (BILL) HEFNER SALISBURY VA MEDICAL CENTER (SALSBURY),1,Acute Care - Veterans Administration,Veterans Health Administration,Yes,NC,0.3333333333333333,0.0,0.0,0.0,0.75,0.0
340183,NOVANT HEALTH HUNTERSVILLE MEDICAL CENTER,1,Acute Care Hospitals,Voluntary non-profit - Private,Yes,NC,0.0,0.0,0.2857142857142857,0.0,0.25,0.125
340184,HAYWOOD REGIONAL MEDICAL CENTER,0,Acute Care Hospitals,Government - Hospital District or Authority,Yes,NC,0.0,0.0,0.1428571428571428,0.0,0.125,0.0
340188,CAPE FEAR VALLEY HOKE HOSPITAL,1,Acute Care Hospitals,Voluntary non-profit - Private,Yes,NC,0.0,0.0,0.0,0.0,0.0,0.4
340190,NOVANT HEALTH MINT HILL MEDICAL CENTER,1,Acute Care Hospitals,Voluntary non-profit - Private,Yes,NC,0.2,0.0,0.5,0.0,0.3333333333333333,0.0
34036F,ASHEVILLE-OTEEN VA MEDICAL CENTER,1,Acute Care - Veterans Administration,Veterans Health Administration,Yes,NC,0.2,0.0,0.0,0.0,0.5,0.0
341304,ECU HEALTH BERTIE HOSPITAL,1,Critical Access Hospitals,Voluntary non-profit - Private,Yes,NC,0.0,0.0,,,0.3333333333333333,0.0
341311,CHATHAM HOSPITAL INC,1,Critical Access Hospitals,Voluntary non-profit - Private,Yes,NC,0.0,0.0,,,0.0,0.3333333333333333
341318,VIDANT CHOWAN HOSPITAL,0,Critical Access Hospitals,Government - Local,Yes,NC,0.0,0.0,0.0,0.0,0.125,0.0
341319,"TRANSYLVANIA REGIONAL HOSPITAL, INC",0,Critical Access Hospitals,Voluntary non-profit - Private,Yes,NC,0.0,0.0,0.0,0.0,0.1666666666666666,0.3333333333333333
341322,ADVENT HEALTH POLK,1,Critical Access Hospitals,Voluntary non-profit - Private,Yes,NC,0.0,0.0,,,0.1428571428571428,0.0
341324,"THE OUTER BANKS HOSPITAL, INC",1,Critical Access Hospitals,Voluntary non-profit - Private,Yes,NC,0.0,0.0,0.0,0.0,0.125,0.0
341325,ASHE MEMORIAL HOSPITAL,0,Critical Access Hospitals,Voluntary non-profit - Private,Yes,NC,0.0,0.0,,,0.0,0.0
341326,ANGEL MEDICAL CENTER,0,Critical Access Hospitals,Voluntary non-profit - Private,Yes,NC,0.0,0.0,0.0,0.0,0.0,0.4285714285714285
341327,J ARTHUR DOSHER MEMORIAL HOSPITAL,0,Critical Access Hospitals,Voluntary non-profit - Other,Yes,NC,0.0,0.0,0.0,0.0,0.0,0.1666666666666666
341328,ERLANGER MURPHY MEDICAL CENTER,1,Critical Access Hospitals,Voluntary non-profit - Private,Yes,NC,0.0,0.0,0.0,0.0,0.1666666666666666,0.0
341329,BLUE RIDGE REGIONAL HOSPITAL,0,Critical Access Hospitals,Voluntary non-profit - Private,Yes,NC,0.0,0.0,0.0,0.0,0.4,0.0
350002,CHI ST ALEXIUS HEALTH,1,Acute Care Hospitals,Voluntary non-profit - Church,Yes,ND,0.0,0.0,0.0,0.0,0.1818181818181818,0.0
350006,TRINITY HOSPITALS,0,Acute Care Hospitals,Voluntary non-profit - Private,Yes,ND,0.0,0.0,0.3333333333333333,0.0,0.2,0.1
350011,SANFORD MEDICAL CENTER FARGO,1,Acute Care Hospitals,Voluntary non-profit - Private,Yes,ND,0.125,0.0,0.5714285714285714,0.0,0.2727272727272727,0.0
350015,SANFORD MEDICAL CENTER BISMARCK,1,Acute Care Hospitals,Voluntary non-profit - Private,Yes,ND,0.125,0.0,0.3333333333333333,0.0,0.2,0.0
350019,ALTRU HOSPITAL,0,Acute Care Hospitals,Government - Local,Yes,ND,0.0,0.0,0.1428571428571428,0.0,0.3,0.1
35002F,FARGO VA MEDICAL CENTER,1,Acute Care - Veterans Administration,Veterans Health Administration,Yes,ND,0.3333333333333333,0.0,0.0,0.0,0.2,0.2
350063,P H S INDIAN HOSP AT BELCOURT-QUENTIN N BURDICK,0,Acute Care Hospitals,Government - Federal,Yes,ND,0.0,0.0,,,0.3333333333333333,0.0
350070,ESSENTIA HEALTH,0,Acute Care Hospitals,Voluntary non-profit - Private,Yes,ND,0.0,0.0,0.1428571428571428,0.0,0.0909090909090909,0.1818181818181818
351324,CHI MERCY HEALTH,1,Critical Access Hospitals,Voluntary non-profit - Church,Yes,ND,0.0,0.0,,,0.25,0.0
351327,SMP HEALTH ST ALOISIUS,0,Critical Access Hospitals,Voluntary non-profit - Private,Yes,ND,0.0,0.0,,,0.0,0.5
351330,WEST RIVER REGIONAL MEDICAL CENTER,1,Critical Access Hospitals,Voluntary non-profit - Private,Yes,ND,0.0,0.0,,,0.25,0.0
351332,HEART OF AMERICA MEDICAL CENTER,0,Critical Access Hospitals,Voluntary non-profit - Private,Yes,ND,0.0,0.0,,,0.0,0.3333333333333333
351333,CHI ST ALEXIUS HEALTH DEVILS LAKE,0,Critical Access Hospitals,Voluntary non-profit - Private,Yes,ND,0.0,0.0,,,0.0,0.2
351334,CHI ST ALEXIUS HEALTH WILLISTON,0,Critical Access Hospitals,Voluntary non-profit - Church,Yes,ND,0.0,0.0,0.0,0.0,0.0,0.0
351335,JAMESTOWN REGIONAL MEDICAL CENTER,1,Critical Access Hospitals,Voluntary non-profit - Private,Yes,ND,0.0,0.0,0.0,0.0,0.125,0.0
351336,CHI ST ALEXIUS HEALTH DICKINSON,0,Critical Access Hospitals,Voluntary non-profit - Church,Yes,ND,0.0,0.0,0.0,0.0,0.4,0.0
360001,MERCY HEALTH-ANDERSON HOSPITAL,1,Acute Care Hospitals,Voluntary non-profit - Private,Yes,OH,0.0,0.0,0.1428571428571428,0.0,0.1111111111111111,0.1111111111111111
360002,UNIVERSITY HOSPITALS SAMARITAN MEDICAL CENTER,1,Acute Care Hospitals,Voluntary non-profit - Other,No,OH,0.0,0.0,0.0,0.0,0.0,0.125
360003,"UNIVERSITY OF CINCINNATI MEDICAL CENTER, LLC",0,Acute Care Hospitals,Voluntary non-profit - Private,Yes,OH,0.0,0.0,0.375,0.0,0.0909090909090909,0.1818181818181818
360006,RIVERSIDE METHODIST HOSPITAL,1,Acute Care Hospitals,Voluntary non-profit - Private,Yes,OH,0.125,0.0,0.5,0.0,0.2727272727272727,0.0
360008,SOUTHERN OHIO MEDICAL CENTER,1,Acute Care Hospitals,Voluntary non-profit - Other,Yes,OH,0.0,0.0,0.0,0.0,0.0909090909090909,0.0
360009,LIMA MEMORIAL HEALTH SYSTEM,0,Acute Care Hospitals,Voluntary non-profit - Other,Yes,OH,0.0,0.0,0.0,0.0,0.1,0.3
360010,UNION HOSPITAL,0,Acute Care Hospitals,Voluntary non-profit - Other,Yes,OH,0.0,0.0,0.3333333333333333,0.0,0.0,0.0
360011,MARION GENERAL HOSPITAL,1,Acute Care Hospitals,Voluntary non-profit - Private,Yes,OH,0.0,0.0,0.1666666666666666,0.0,0.1111111111111111,0.3333333333333333
360012,MOUNT CARMEL ST ANN'S,0,Acute Care Hospitals,Voluntary non-profit - Private,Yes,OH,0.0,0.0,0.125,0.0,0.125,0.125
360013,WILSON MEMORIAL HOSPITAL,0,Acute Care Hospitals,Voluntary non-profit - Private,Yes,OH,0.0,0.0,0.0,0.0,0.1666666666666666,0.1666666666666666
360014,OHIOHEALTH O'BLENESS HOSPITAL,0,Acute Care Hospitals,Voluntary non-profit - Other,Yes,OH,0.0,0.0,0.5,0.0,0.125,0.0
360016,THE JEWISH HOSPITAL-MERCY HEALTH,1,Acute Care Hospitals,Voluntary non-profit - Private,Yes,OH,0.125,0.0,0.1428571428571428,0.0,0.1111111111111111,0.2222222222222222
360017,GRANT MEDICAL CENTER,0,Acute Care Hospitals,Voluntary non-profit - Church,Yes,OH,0.0,0.0,0.25,0.125,0.0909090909090909,0.1818181818181818
36001F,LOUIS STOKES CLEVELAND VA MEDICAL CENTER,1,Acute Care - Veterans Administration,Veterans Health Administration,Yes,OH,0.4,0.0,0.0,0.0,0.0,0.1666666666666666
360020,SUMMA HEALTH SYSTEM,0,Acute Care Hospitals,Voluntary non-profit - Private,Yes,OH,0.25,0.0,0.375,0.25,0.0909090909090909,0.1818181818181818
360025,FIRELANDS REGIONAL MEDICAL CENTER,1,Acute Care Hospitals,Voluntary non-profit - Private,Yes,OH,0.0,0.0,0.0,0.0,0.0,0.0
360026,KETTERING HEALTH GREENE MEMORIAL,1,Acute Care Hospitals,Voluntary non-profit - Private,Yes,OH,0.0,0.0,,,0.3333333333333333,0.3333333333333333
360027,AKRON GENERAL MEDICAL CENTER,1,Acute Care Hospitals,Voluntary non-profit - Private,Yes,OH,0.5,0.0,0.5,0.0,0.0909090909090909,0.0
360029,WOOD COUNTY HOSPITAL,1,Acute Care Hospitals,Voluntary non-profit - Private,Yes,OH,0.0,0.0,0.0,0.0,0.1111111111111111,0.0
360032,GRAND LAKE HEALTH SYSTEM,1,Acute Care Hospitals,Voluntary non-profit - Private,Yes,OH,0.0,0.0,0.0,0.0,0.1666666666666666,0.0
360035,MOUNT CARMEL EAST & WEST,0,Acute Care Hospitals,Voluntary non-profit - Private,Yes,OH,0.0,0.0,0.1428571428571428,0.2857142857142857,0.0,0.1818181818181818
360036,WOOSTER COMMUNITY HOSPITAL,1,Acute Care Hospitals,Government - Local,Yes,OH,0.0,0.0,0.2,0.0,0.3,0.0
360039,GENESIS HOSPITAL,1,Acute Care Hospitals,Voluntary non-profit - Private,Yes,OH,0.0,0.0,0.1428571428571428,0.0,0.3,0.0
36003F,CINCINNATI VA MEDICAL CENTER,1,Acute Care - Veterans Administration,Veterans Health Administration,Yes,OH,0.5,0.0,0.0,0.0,0.3333333333333333,0.0
360040,KNOX COMMUNITY HOSPITAL,0,Acute Care Hospitals,Voluntary non-profit - Other,Yes,OH,0.0,0.0,0.0,0.0,0.0,0.0
360041,PARMA COMMUNITY GENERAL HOSPITAL,1,Acute Care Hospitals,Voluntary non-profit - Private,No,OH,0.0,0.0,0.5,0.0,0.1,0.2
360046,MCCULLOUGH-HYDE MEMORIAL HOSPITAL,0,Acute Care Hospitals,Voluntary non-profit - Private,Yes,OH,0.0,0.0,0.0,0.0,0.0,0.1428571428571428
360048,UNIVERSITY OF TOLEDO MEDICAL CENTER,0,Acute Care Hospitals,Government - State,Yes,OH,0.0,0.0,0.1666666666666666,0.1666666666666666,0.0,0.0
360051,MIAMI VALLEY HOSPITAL,0,Acute Care Hospitals,Voluntary non-profit - Private,Yes,OH,0.375,0.0,0.5,0.0,0.0,0.2727272727272727
360054,HOLZER MEDICAL CENTER,1,Acute Care Hospitals,Voluntary non-profit - Private,Yes,OH,0.0,0.0,0.0,0.0,0.0,0.1111111111111111
360055,INSIGHT HOSPITAL AND MEDICAL CENTER TRUMBULL,0,Acute Care Hospitals,Proprietary,Yes,OH,0.0,0.0,0.4,0.0,0.0,0.2857142857142857
360056,MERCY HEALTH - FAIRFIELD HOSPITAL,0,Acute Care Hospitals,Voluntary non-profit - Private,Yes,OH,0.0,0.0,0.1428571428571428,0.0,0.0,0.1111111111111111
360058,MERCER COUNTY JOINT TOWNSHIP COMMUNITY HOSPITAL,0,Acute Care Hospitals,Government - Hospital District or Authority,No,OH,0.0,0.0,0.0,0.0,0.1666666666666666,0.0
360059,METROHEALTH SYSTEM,0,Acute Care Hospitals,Voluntary non-profit - Other,Yes,OH,0.1428571428571428,0.0,0.2857142857142857,0.1428571428571428,0.0,0.3333333333333333
360064,MH ST ELIZABETH YOUNGSTOWN HOSPITAL,0,Acute Care Hospitals,Voluntary non-profit - Church,Yes,OH,0.0,0.0,0.3333333333333333,0.1666666666666666,0.1,0.2
360065,FISHER-TITUS HOSPITAL,1,Acute Care Hospitals,Voluntary non-profit - Private,Yes,OH,0.0,0.0,0.25,0.0,0.2222222222222222,0.1111111111111111
360066,MERCY HEALTH ST RITAS MEDICAL CENTER,1,Acute Care Hospitals,Voluntary non-profit - Private,Yes,OH,0.125,0.0,0.2857142857142857,0.1428571428571428,0.2727272727272727,0.1818181818181818
360068,PROMEDICA TOLEDO HOSPITAL,1,Acute Care Hospitals,Voluntary non-profit - Private,Yes,OH,0.125,0.0,0.5,0.125,0.0909090909090909,0.0
360070,MERCY MEDICAL CENTER,0,Acute Care Hospitals,Voluntary non-profit - Private,Yes,OH,0.0,0.0,0.2857142857142857,0.1428571428571428,0.0909090909090909,0.0909090909090909
360071,VAN WERT COUNTY HOSPITAL,1,Acute Care Hospitals,Voluntary non-profit - Private,No,OH,0.0,0.0,0.0,0.0,0.1666666666666666,0.0
360072,FAIRFIELD MEDICAL CENTER,0,Acute Care Hospitals,Voluntary non-profit - Other,Yes,OH,0.0,0.0,0.0,0.1428571428571428,0.0,0.1818181818181818
360075,UH REGIONAL HOSPITALS,1,Acute Care Hospitals,Proprietary,Yes,OH,0.0,0.0,0.0,0.0,0.1111111111111111,0.0
360076,ATRIUM MEDICAL CENTER,1,Acute Care Hospitals,Voluntary non-profit - Private,Yes,OH,0.0,0.0,0.1666666666666666,0.0,0.0,0.1428571428571428
360077,FAIRVIEW HOSPITAL,1,Acute Care Hospitals,Voluntary non-profit - Private,Yes,OH,0.625,0.0,0.4285714285714285,0.0,0.0909090909090909,0.0909090909090909
360078,UNIVERSITY HOSPITALS PORTAGE MEDICAL CENTER,0,Acute Care Hospitals,Voluntary non-profit - Private,Yes,OH,0.1666666666666666,0.0,0.1666666666666666,0.0,0.0,0.3333333333333333
360079,KETTERING HEALTH MAIN CAMPUS,0,Acute Care Hospitals,Voluntary non-profit - Church,Yes,OH,0.0,0.0,0.2857142857142857,0.0,0.0,0.125
36007F,DAYTON VA MEDICAL CENTER,1,Acute Care - Veterans Administration,Veterans Health Administration,Yes,OH,0.25,0.0,0.0,0.0,0.2,0.0
360080,EAST OHIO REGIONAL HOSPITAL,0,Acute Care Hospitals,Voluntary non-profit - Other,No,OH,0.0,0.0,0.5,0.0,0.0,0.4
360082,EUCLID HOSPITAL,1,Acute Care Hospitals,Voluntary non-profit - Other,No,OH,0.0,0.0,0.0,0.0,0.0,0.2857142857142857
360084,AULTMAN HOSPITAL,1,Acute Care Hospitals,Voluntary non-profit - Other,Yes,OH,0.125,0.0,0.1428571428571428,0.1428571428571428,0.2,0.0
360085,OHIO STATE UNIVERSITY STATE HEALTH SYSTEM,0,Acute Care Hospitals,Government - State,Yes,OH,0.375,0.0,0.25,0.125,0.0,0.0
360086,SPRINGFIELD REGIONAL MEDICAL CENTER,1,Acute Care Hospitals,Voluntary non-profit - Private,Yes,OH,0.0,0.0,0.1666666666666666,0.0,0.0,0.1
360087,LUTHERAN HOSPITAL,0,Acute Care Hospitals,Voluntary non-profit - Private,Yes,OH,0.0,0.0,0.1666666666666666,0.0,0.2,0.4
360089,MERCY HEALTH - TIFFIN HOSPITAL,0,Acute Care Hospitals,Voluntary non-profit - Church,Yes,OH,0.0,0.0,0.0,0.0,0.0,0.125
360091,MEDINA HOSPITAL,1,Acute Care Hospitals,Voluntary non-profit - Private,Yes,OH,0.4285714285714285,0.0,0.0,0.0,0.0,0.0
360092,MEMORIAL HOSPITAL,1,Acute Care Hospitals,Government - Local,Yes,OH,0.0,0.0,0.0,0.0,0.125,0.125
360095,BLANCHARD VALLEY HOSPITAL,0,Acute Care Hospitals,Voluntary non-profit - Other,No,OH,0.0,0.125,0.1428571428571428,0.0,0.1818181818181818,0.0909090909090909
360096,EAST LIVERPOOL CITY HOSPITAL,0,Acute Care Hospitals,Voluntary non-profit - Private,Yes,OH,0.5,0.0,0.0,0.0,0.0,0.0
360098,LAKE HEALTH,0,Acute Care Hospitals,Voluntary non-profit - Private,Yes,OH,0.0,0.0,0.25,0.0,0.0,0.2727272727272727
360107,BELLEVUE HOSPITAL,1,Acute Care Hospitals,Voluntary non-profit - Other,No,OH,0.0,0.0,0.5,0.0,0.0,0.0
360109,COSHOCTON REGIONAL MEDICAL CENTER,1,Acute Care Hospitals,Voluntary non-profit - Private,Yes,OH,0.0,0.0,0.0,0.0,0.25,0.0
360112,MERCY ST VINCENT MEDICAL CENTER,0,Acute Care Hospitals,Voluntary non-profit - Church,Yes,OH,0.0,0.0,0.125,0.0,0.0,0.1818181818181818
360118,OHIOHEALTH MANSFIELD HOSPITAL,0,Acute Care Hospitals,Voluntary non-profit - Private,Yes,OH,0.0,0.0,0.0,0.0,0.1,0.2
360121,COMMUNITY HOSPITALS AND WELLNESS CENTERS,0,Acute Care Hospitals,Voluntary non-profit - Other,No,OH,0.0,0.0,0.0,0.0,0.1111111111111111,0.2222222222222222
360123,UH ST JOHN MEDICAL CENTER,1,Acute Care Hospitals,Voluntary non-profit - Private,Yes,OH,0.0,0.0,0.1428571428571428,0.0,0.2,0.0
360125,ASHTABULA COUNTY MEDICAL CENTER,0,Acute Care Hospitals,Voluntary non-profit - Private,Yes,OH,0.0,0.1666666666666666,0.4,0.0,0.0,0.4444444444444444
360131,ALLIANCE COMMUNITY HOSPITAL,1,Acute Care Hospitals,Voluntary non-profit - Private,Yes,OH,0.0,0.0,0.5,0.0,0.1666666666666666,0.0
360132,FORT HAMILTON HUGHES MEMORIAL HOSPITAL,0,Acute Care Hospitals,Voluntary non-profit - Private,Yes,OH,0.0,0.0,0.2,0.0,0.3333333333333333,0.1111111111111111
360133,KETTERING HEALTH DAYTON,1,Acute Care Hospitals,Voluntary non-profit - Other,No,OH,0.125,0.0,0.25,0.0,0.0909090909090909,0.0909090909090909
360134,GOOD SAMARITAN HOSPITAL,1,Acute Care Hospitals,Voluntary non-profit - Private,Yes,OH,0.1428571428571428,0.0,0.375,0.0,0.2,0.0
360137,UH CLEVELAND MEDICAL CENTER,0,Acute Care Hospitals,Voluntary non-profit - Private,Yes,OH,0.125,0.0,0.25,0.0,0.0,0.2727272727272727
360143,MARYMOUNT HOSPITAL,1,Acute Care Hospitals,Voluntary non-profit - Private,Yes,OH,0.2,0.0,0.1428571428571428,0.0,0.2857142857142857,0.1428571428571428
360144,SOUTH POINTE HOSPITAL,1,Acute Care Hospitals,Voluntary non-profit - Other,No,OH,0.4,0.0,0.1666666666666666,0.0,0.0,0.25
360145,UNIVERSITY HOSPITALS - ELYRIA MEDICAL CENTER,1,Acute Care Hospitals,Voluntary non-profit - Private,No,OH,0.0,0.0,0.1428571428571428,0.0,0.1111111111111111,0.1111111111111111
360147,MARIETTA MEMORIAL HOSPITAL,0,Acute Care Hospitals,Voluntary non-profit - Other,Yes,OH,0.0,0.0,0.0,0.0,0.0,0.1111111111111111
360148,POMERENE HOSPITAL,0,Acute Care Hospitals,Voluntary non-profit - Private,Yes,OH,0.0,0.0,0.0,0.0,0.2,0.0
360150,SUMMA WESTERN RESERVE HOSPITAL,0,Acute Care Hospitals,Voluntary non-profit - Other,Yes,OH,0.0,0.0,0.0,0.0,0.0,0.1666666666666666
360152,DOCTORS HOSPITAL,1,Acute Care Hospitals,Voluntary non-profit - Church,Yes,OH,0.0,0.0,0.3333333333333333,0.0,0.1111111111111111,0.0
360155,SOUTHWEST GENERAL HEALTH CENTER,1,Acute Care Hospitals,Voluntary non-profit - Private,Yes,OH,0.0,0.0,0.1428571428571428,0.1428571428571428,0.0,0.1
360156,MEMORIAL HOSPITAL,1,Acute Care Hospitals,Voluntary non-profit - Other,No,OH,0.0,0.0,0.0,0.0,0.125,0.0
360159,ADENA REGIONAL MEDICAL CENTER,0,Acute Care Hospitals,Voluntary non-profit - Private,Yes,OH,0.0,0.0,0.125,0.25,0.0,0.0909090909090909
360161,MH ST JOSEPH WARREN HOSPITAL,0,Acute Care Hospitals,Voluntary non-profit - Private,Yes,OH,0.0,0.0,0.1428571428571428,0.0,0.1111111111111111,0.0
360163,CHRIST HOSPITAL,1,Acute Care Hospitals,Voluntary non-profit - Private,Yes,OH,0.0,0.0,0.75,0.0,0.1818181818181818,0.0909090909090909
360170,BERGER HOSPITAL,0,Acute Care Hospitals,Government - Local,Yes,OH,0.0,0.0,0.0,0.0,0.0,0.125
360172,MERCY REGIONAL MEDICAL CENTER,0,Acute Care Hospitals,Voluntary non-profit - Private,Yes,OH,0.0,0.0,0.1666666666666666,0.0,0.0,0.125
360174,UPPER VALLEY MEDICAL CENTER,1,Acute Care Hospitals,Voluntary non-profit - Private,Yes,OH,0.0,0.0,0.0,0.0,0.0,0.2857142857142857
360175,TRIHEALTH CLINTON REGIONAL HOSPITAL,0,Acute Care Hospitals,Government - Local,No,OH,0.0,0.0,0.0,0.0,0.0,0.25
360179,BETHESDA NORTH,0,Acute Care Hospitals,Voluntary non-profit - Church,Yes,OH,0.0,0.125,0.375,0.0,0.0,0.2222222222222222
360180,CLEVELAND CLINIC,1,Acute Care Hospitals,Voluntary non-profit - Private,Yes,OH,0.75,0.0,0.375,0.125,0.3636363636363636,0.2727272727272727
360185,SALEM REGIONAL MEDICAL CENTER,0,Acute Care Hospitals,Voluntary non-profit - Private,Yes,OH,0.0,0.0,0.0,0.0,0.125,0.0
360189,MADISON HEALTH,0,Acute Care Hospitals,Voluntary non-profit - Private,Yes,OH,0.0,0.0,0.0,0.0,0.0,0.0
360197,MARY RUTAN HOSPITAL,1,Acute Care Hospitals,Voluntary non-profit - Private,Yes,OH,0.0,0.0,0.0,0.0,0.1666666666666666,0.0
360203,SOUTHEASTERN OHIO REGIONAL MEDICAL CENTER,1,Acute Care Hospitals,Voluntary non-profit - Private,Yes,OH,0.0,0.0,0.0,0.0,0.0,0.0
360210,GRADY MEMORIAL HOSPITAL,1,Acute Care Hospitals,Voluntary non-profit - Private,Yes,OH,0.0,0.0,0.0,0.0,0.0,0.0
360211,TRINITY MEDICAL CTR EAST &TRINITY MEDICAL CTR WEST,0,Acute Care Hospitals,Voluntary non-profit - Other,Yes,OH,0.0,0.0,0.1666666666666666,0.0,0.0,0.3636363636363636
360218,LICKING MEMORIAL HOSPITAL,0,Acute Care Hospitals,Voluntary non-profit - Private,Yes,OH,0.0,0.0,0.0,0.0,0.0,0.2
360230,HILLCREST HOSPITAL,1,Acute Care Hospitals,Voluntary non-profit - Private,No,OH,0.375,0.0,0.7142857142857143,0.0,0.0909090909090909,0.0909090909090909
360234,MERCY HEALTH - WEST HOSPITAL,1,Acute Care Hospitals,Voluntary non-profit - Private,Yes,OH,0.2857142857142857,0.0,0.1428571428571428,0.0,0.125,0.125
360236,MERCY HEALTH - CLERMONT HOSPITAL,1,Acute Care Hospitals,Voluntary non-profit - Church,Yes,OH,0.0,0.0,0.1666666666666666,0.0,0.1666666666666666,0.0
360239,KETTERING HEALTH MIAMISBURG,1,Acute Care Hospitals,Voluntary non-profit - Church,Yes,OH,0.0,0.0,0.0,0.0,0.0,0.1666666666666666
360259,BAY PARK COMMUNITY HOSPITAL,0,Acute Care Hospitals,Voluntary non-profit - Other,Yes,OH,0.0,0.0,0.3333333333333333,0.0,0.125,0.25
360270,MERCY HEALTH - DEFIANCE HOSPITAL,1,Acute Care Hospitals,Proprietary,Yes,OH,0.0,0.0,0.0,0.0,0.125,0.125
360276,HMHP ST ELIZABETH BOARDMAN HEALTH CENTER,0,Acute Care Hospitals,Voluntary non-profit - Church,Yes,OH,0.1428571428571428,0.0,0.1428571428571428,0.1428571428571428,0.0,0.375
360348,DUBLIN METHODIST HOSPITAL,1,Acute Care Hospitals,Voluntary non-profit - Private,Yes,OH,0.0,0.0,0.1666666666666666,0.0,0.0,0.0
360351,CRYSTAL CLINIC ORTHOPAEDIC CENTER,1,Acute Care Hospitals,Proprietary,No,OH,0.0,0.0,0.3333333333333333,0.0,0.0,0.3333333333333333
360352,SURGICAL HOSPITAL AT SOUTHWOODS,1,Acute Care Hospitals,Proprietary,No,OH,0.0,0.0,0.0,0.0,0.0,0.0
360354,WEST CHESTER HOSPITAL,0,Acute Care Hospitals,Voluntary non-profit - Private,Yes,OH,0.0,0.0,0.1428571428571428,0.0,0.0,0.3
360359,UNIVERSITY HOSPITALS AHUJA MEDICAL CENTER,0,Acute Care Hospitals,Voluntary non-profit - Private,Yes,OH,0.125,0.0,0.2857142857142857,0.0,0.0,0.3333333333333333
360360,SOIN MEDICAL CENTER,1,Acute Care Hospitals,Voluntary non-profit - Private,Yes,OH,0.0,0.0,0.1666666666666666,0.0,0.0,0.2857142857142857
360364,CLEVELAND CLINIC AVON HOSPITAL,1,Acute Care Hospitals,Voluntary non-profit - Private,Yes,OH,0.5,0.0,0.1428571428571428,0.0,0.1428571428571428,0.0
360365,AVITA ONTARIO,1,Acute Care Hospitals,Voluntary non-profit - Private,Yes,OH,0.0,0.0,0.0,0.0,0.0,0.1666666666666666
360368,KETTERING HEALTH TROY,1,Acute Care Hospitals,Voluntary non-profit - Private,Yes,OH,0.0,0.0,0.0,0.0,0.0,0.0
361306,MERCY ALLEN HOSPITAL,1,Critical Access Hospitals,Voluntary non-profit - Private,Yes,OH,0.0,0.0,0.0,0.0,0.0,0.0
361307,UHHS MEMORIAL HOSPITAL OF GENEVA,1,Critical Access Hospitals,Voluntary non-profit - Private,Yes,OH,0.0,0.0,0.0,0.0,0.1666666666666666,0.1666666666666666
361308,UNIVERSITY HOSPITALS CONNEAUT MEDICAL CENTER,1,Critical Access Hospitals,Voluntary non-profit - Other,Yes,OH,0.0,0.0,,,0.0,0.2
361309,"HENRY COUNTY HOSPITAL, INC",0,Critical Access Hospitals,Voluntary non-profit - Private,Yes,OH,0.0,0.0,,,0.0,0.2
361312,MERCY HEALTH - URBANA HOSPITAL,1,Critical Access Hospitals,Voluntary non-profit - Private,Yes,OH,0.0,0.0,0.0,0.0,0.25,0.25
361314,MAGRUDER HOSPITAL,0,Critical Access Hospitals,Voluntary non-profit - Private,Yes,OH,0.0,0.0,0.0,0.0,0.0,0.25
361318,FOSTORIA COMMUNITY HOSPITAL,1,Critical Access Hospitals,Voluntary non-profit - Private,No,OH,0.0,0.0,0.0,0.0,0.0,0.0
361320,HOLZER MEDICAL CENTER JACKSON,0,Critical Access Hospitals,Voluntary non-profit - Private,Yes,OH,0.0,0.0,0.0,0.0,0.0,0.0
361324,OHIOHEALTH SHELBY HOSPITAL,1,Critical Access Hospitals,Voluntary non-profit - Private,Yes,OH,0.0,0.0,0.0,0.0,0.0,0.2
361325,GALION COMMUNITY HOSPITAL,0,Critical Access Hospitals,Voluntary non-profit - Church,No,OH,0.0,0.0,0.0,0.0,0.1666666666666666,0.1666666666666666
361326,ADAMS COUNTY REGIONAL MEDICAL CENTER,0,Critical Access Hospitals,Government - Local,Yes,OH,0.0,0.0,0.0,0.0,0.0,0.0
361328,PROMEDICA DEFIANCE REGIONAL HOSPITAL,1,Critical Access Hospitals,Voluntary non-profit - Private,Yes,OH,0.0,0.0,0.0,0.0,0.125,0.0
361329,WYANDOT MEMORIAL HOSPITAL,1,Critical Access Hospitals,Government - Hospital District or Authority,Yes,OH,0.0,0.0,0.0,0.0,0.0,0.0
361331,ADENA FAYETTE MEDICAL CENTER,0,Critical Access Hospitals,Government - Local,Yes,OH,0.0,0.0,0.0,0.0,0.2,0.2
361332,HIGHLAND DISTRICT HOSPITAL,0,Critical Access Hospitals,Government - Hospital District or Authority,Yes,OH,0.0,0.0,0.0,0.0,0.1666666666666666,0.1666666666666666
361333,FULTON COUNTY HEALTH CENTER,0,Critical Access Hospitals,Voluntary non-profit - Private,Yes,OH,0.0,0.0,0.0,0.0,0.125,0.125
370001,HILLCREST MEDICAL CENTER,0,Acute Care Hospitals,Proprietary,Yes,OK,0.0,0.25,0.375,0.0,0.0,0.0909090909090909
370002,Integris Health Woodward Hospital,0,Acute Care Hospitals,Proprietary,Yes,OK,0.0,0.0,0.0,0.0,0.1428571428571428,0.0
370004,INTEGRIS MIAMI HOSPITAL,1,Acute Care Hospitals,Voluntary non-profit - Other,Yes,OK,0.0,0.0,0.0,0.0,0.1666666666666666,0.0
370006,INTEGRIS HEALTH PONCA CITY,0,Acute Care Hospitals,Voluntary non-profit - Other,Yes,OK,0.0,0.4,0.0,0.0,0.0,0.1428571428571428
370008,NORMAN REGIONAL,0,Acute Care Hospitals,Government - Hospital District or Authority,Yes,OK,0.0,0.25,0.125,0.0,0.0909090909090909,0.0909090909090909
370013,"MERCY HOSPITAL OKLAHOMA CITY, INC",1,Acute Care Hospitals,Voluntary non-profit - Church,Yes,OK,0.0,0.0,0.25,0.0,0.2222222222222222,0.0
370014,ALLIANCEHEALTH DURANT,0,Acute Care Hospitals,Proprietary,Yes,OK,0.0,0.0,0.2,0.0,0.0,0.25
370015,HILLCREST HOSPITAL PRYOR,1,Acute Care Hospitals,Proprietary,Yes,OK,0.0,0.0,0.0,0.0,0.2,0.2
370016,INTEGRIS HEALTH ENID HOSPITAL,0,Acute Care Hospitals,Voluntary non-profit - Private,Yes,OK,0.0,0.0,0.3333333333333333,0.0,0.1111111111111111,0.1111111111111111
370018,ASCENSION ST JOHN JANE PHILLIPS,0,Acute Care Hospitals,Voluntary non-profit - Private,Yes,OK,0.0,0.1428571428571428,0.0,0.0,0.125,0.0
370019,GREAT PLAINS REGIONAL MEDICAL CENTER,0,Acute Care Hospitals,Voluntary non-profit - Private,Yes,OK,0.0,0.0,0.0,0.0,0.0,0.0
370020,MERCY HOSPITAL ADA,1,Acute Care Hospitals,Voluntary non-profit - Private,Yes,OK,0.0,0.0,0.1666666666666666,0.0,0.1111111111111111,0.1111111111111111
370022,JACKSON COUNTY MEMORIAL HOSPITAL AUTHORITY,0,Acute Care Hospitals,Voluntary non-profit - Other,Yes,OK,0.0,0.0,0.25,0.0,0.1428571428571428,0.1428571428571428
370023,"DUNCAN REGIONAL HOSPITAL, INC",0,Acute Care Hospitals,Voluntary non-profit - Private,Yes,OK,0.0,0.0,0.0,0.0,0.1428571428571428,0.2857142857142857
370025,SAINT FRANCIS HOSPITAL MUSKOGEE,0,Acute Care Hospitals,Voluntary non-profit - Private,Yes,OK,0.4285714285714285,0.0,0.1428571428571428,0.0,0.1,0.0
370026,ST MARY'S REGIONAL MEDICAL CENTER,0,Acute Care Hospitals,Proprietary,Yes,OK,0.0,0.1428571428571428,0.0,0.0,0.3,0.0
370028,"INTEGRIS BAPTIST MEDICAL CENTER, INC",0,Acute Care Hospitals,Voluntary non-profit - Private,Yes,OK,0.0,0.0,0.5,0.125,0.0909090909090909,0.0909090909090909
370034,MCALESTER REGIONAL HEALTH CENTER,0,Acute Care Hospitals,Government - Hospital District or Authority,Yes,OK,0.0,0.0,0.0,0.0,0.1428571428571428,0.1428571428571428
370037,SSM HEALTH ST ANTHONY HOSPITAL - OKLAHOMA CITY,1,Acute Care Hospitals,Voluntary non-profit - Church,Yes,OK,0.0,0.0,0.1428571428571428,0.1428571428571428,0.0909090909090909,0.0
370039,HILLCREST HOSPITAL CLAREMORE,1,Acute Care Hospitals,Proprietary,Yes,OK,0.0,0.0,0.5,0.0,0.3333333333333333,0.0
370047,"MERCY HOSPITAL ARDMORE, INC",1,Acute Care Hospitals,Voluntary non-profit - Church,Yes,OK,0.2857142857142857,0.0,0.5,0.0,0.0,0.125
370049,STILLWATER MEDICAL CENTER,1,Acute Care Hospitals,Government - Hospital District or Authority,Yes,OK,0.0,0.0,0.2857142857142857,0.0,0.0,0.3
370054,GRADY MEMORIAL HOSPITAL,0,Acute Care Hospitals,Government - Hospital District or Authority,Yes,OK,0.0,0.25,0.0,0.0,0.1428571428571428,0.0
370056,MEMORIAL HEALTH,0,Acute Care Hospitals,Government - Hospital District or Authority,Yes,OK,0.0,0.0,0.1428571428571428,0.0,0.0,0.4545454545454545
370078,OKLAHOMA STATE UNIVERSITY MEDICAL CENTER,0,Acute Care Hospitals,Government - Hospital District or Authority,Yes,OK,0.0,0.125,0.3333333333333333,0.0,0.0,0.125
370083,PUSHMATAHA HOSPITAL,0,Acute Care Hospitals,Government - Hospital District or Authority,Yes,OK,0.0,0.0,,,0.0,0.0
370089,NORTHEASTERN HEALTH SYSTEM,0,Acute Care Hospitals,Government - Hospital District or Authority,Yes,OK,0.0,0.0,0.0,0.2,0.1,0.0
370091,"SAINT FRANCIS HOSPITAL, INC",1,Acute Care Hospitals,Voluntary non-profit - Private,Yes,OK,0.25,0.0,0.5,0.0,0.0909090909090909,0.0
370093,O U MEDICAL CENTER,0,Acute Care Hospitals,Voluntary non-profit - Private,Yes,OK,0.0,0.1428571428571428,0.375,0.25,0.1,0.3
370094,SSM HEALTH ST ANTHONY HOSPITAL - MIDWEST,0,Acute Care Hospitals,Voluntary non-profit - Private,Yes,OK,0.0,0.0,0.2857142857142857,0.0,0.0,0.3
370097,SOUTHWESTERN MEDICAL CENTER,0,Acute Care Hospitals,Proprietary,Yes,OK,0.0,0.0,0.0,0.0,0.0,0.1666666666666666
370099,HILLCREST HOSPITAL CUSHING,1,Acute Care Hospitals,Proprietary,Yes,OK,0.0,0.0,,,0.0,0.0
370100,CHOCTAW MEMORIAL HOSPITAL,0,Acute Care Hospitals,Voluntary non-profit - Other,Yes,OK,0.0,0.0,,,0.2,0.2
370106,INTEGRIS SOUTHWEST MEDICAL CENTER,0,Acute Care Hospitals,Voluntary non-profit - Private,Yes,OK,0.0,0.0,0.5,0.0,0.1,0.0
370112,SEQUOYAH COUNTY-CITY OF SALLISAW HOSPITAL AUTHORIT,0,Acute Care Hospitals,Government - Local,Yes,OK,0.0,0.0,,,0.0,0.0
370113,INTEGRIS GROVE HOSPITAL,1,Acute Care Hospitals,Voluntary non-profit - Private,Yes,OK,0.0,0.0,0.5,0.0,0.0,0.0
370114,ASCENSION ST JOHN MEDICAL CENTER,0,Acute Care Hospitals,Voluntary non-profit - Private,Yes,OK,0.0,0.0,0.1428571428571428,0.1428571428571428,0.1,0.1
37012F,MUSKOGEE VA MEDICAL CENTER,1,Acute Care - Veterans Administration,Veterans Health Administration,Yes,OK,0.3333333333333333,0.0,0.0,0.0,0.6,0.0
370149,SSM HEALTH ST ANTHONY HOSPITAL - SHAWNEE,0,Acute Care Hospitals,Voluntary non-profit - Private,Yes,OK,0.0,0.0,0.1666666666666666,0.0,0.1111111111111111,0.0
37014F,OKLAHOMA CITY VA MEDICAL CENTER,0,Acute Care - Veterans Administration,Veterans Health Administration,Yes,OK,0.2,0.0,0.0,0.6666666666666666,0.0,0.4
370158,PURCELL MUNICIPAL HOSPITAL,0,Acute Care Hospitals,Government - Local,Yes,OK,0.0,0.0,,,0.0,0.0
370166,WAGONER COMMUNITY HOSPITAL,0,Acute Care Hospitals,Government - Hospital District or Authority,Yes,OK,0.0,0.0,0.0,0.0,0.25,0.0
370171,CHEROKEE NATION W W HASTINGS INDIAN HOSPITAL,0,Acute Care Hospitals,Voluntary non-profit - Other,Yes,OK,0.0,0.0,0.0,0.0,0.25,0.0
370178,MEMORIAL HOSPITAL,1,Acute Care Hospitals,Voluntary non-profit - Private,Yes,OK,0.0,0.0,0.0,0.0,0.0,0.0
370180,CHICKASAW NATION MEDICAL CENTER,1,Acute Care Hospitals,Tribal,Yes,OK,0.0,0.0,0.0,0.0,0.25,0.0
370202,HILLCREST HOSPITAL SOUTH,0,Acute Care Hospitals,Proprietary,Yes,OK,0.0,0.0,0.25,0.0,0.5,0.0
370203,"COMMUNITY HOSPITAL, LLC",1,Acute Care Hospitals,Physician,Yes,OK,0.0,0.0,0.0,0.0,0.0,0.0
370210,"OKLAHOMA SURGICAL HOSPITAL, LLC",1,Acute Care Hospitals,Physician,Yes,OK,0.0,0.0,0.2,0.0,0.0,0.0
370211,INTEGRIS CANADIAN VALLEY HOSPITAL,1,Acute Care Hospitals,Voluntary non-profit - Private,Yes,OK,0.0,0.0,0.2,0.0,0.0,0.0
370215,"OKLAHOMA HEART HOSPITAL, LLC",1,Acute Care Hospitals,Physician,Yes,OK,0.0,0.1428571428571428,0.25,0.0,0.0,0.2857142857142857
370218,"SAINT FRANCIS HOSPITAL SOUTH, LLC",1,Acute Care Hospitals,Voluntary non-profit - Private,Yes,OK,0.3333333333333333,0.0,0.2,0.0,0.1428571428571428,0.0
370227,ST JOHN OWASSO,1,Acute Care Hospitals,Voluntary non-profit - Private,Yes,OK,0.0,0.0,,,0.2,0.0
370228,"BAILEY MEDICAL CENTER, LLC",1,Acute Care Hospitals,Proprietary,Yes,OK,0.0,0.0,0.0,0.0,0.1666666666666666,0.0
370234,"OKLAHOMA HEART HOSPITAL SOUTH, LLC",1,Acute Care Hospitals,Physician,Yes,OK,0.0,0.0,0.5,0.0,0.5,0.0
370235,ASCENSION ST JOHN BROKEN ARROW,1,Acute Care Hospitals,Voluntary non-profit - Private,Yes,OK,0.0,0.0,0.0,0.0,0.1666666666666666,0.1666666666666666
370236,INTEGRIS HEALTH EDMOND HOSPITAL,0,Acute Care Hospitals,Voluntary non-profit - Private,Yes,OK,0.0,0.0,0.25,0.0,0.2857142857142857,0.0
370237,"SAINT FRANCIS HOSPITAL VINITA, INC",0,Acute Care Hospitals,Voluntary non-profit - Private,Yes,OK,0.0,0.0,0.0,0.0,0.0,0.25
371300,ATOKA COUNTY MEDICAL CENTER,1,Critical Access Hospitals,Government - Local,Yes,OK,0.0,0.0,,,0.6666666666666666,0.0
371319,"COAL COUNTY GENERAL HOSPITAL, INC.",1,Critical Access Hospitals,Voluntary non-profit - Private,Yes,OK,0.0,0.0,,,0.0,0.0
371328,ARBUCKLE MEMORIAL HOSPITAL AUTHORITY,1,Critical Access Hospitals,Government - Local,Yes,OK,0.0,0.0,,,0.0,0.0
371337,EASTERN OKLAHOMA MEDICAL CENTER,1,Critical Access Hospitals,Government - Local,Yes,OK,0.0,0.0,,,0.0,0.0
371342,MCCURTAIN MEMORIAL HOSPITAL,1,Critical Access Hospitals,Voluntary non-profit - Private,Yes,OK,0.0,0.0,0.0,0.0,0.25,0.0
380001,MID-COLUMBIA MEDICAL CENTER,1,Acute Care Hospitals,Voluntary non-profit - Other,Yes,OR,0.0,0.0,0.0,0.0,0.25,0.0
380002,ASANTE THREE RIVERS MEDICAL CENTER,0,Acute Care Hospitals,Voluntary non-profit - Other,Yes,OR,0.0,0.0,0.1666666666666666,0.1666666666666666,0.375,0.0
380004,PROVIDENCE ST VINCENT MEDICAL CENTER,1,Acute Care Hospitals,Voluntary non-profit - Private,Yes,OR,0.125,0.0,0.5,0.0,0.0,0.2222222222222222
380007,LEGACY EMANUEL MEDICAL CENTER,0,Acute Care Hospitals,Voluntary non-profit - Private,Yes,OR,0.0,0.125,0.1666666666666666,0.0,0.0,0.25
380009,OHSU HOSPITAL AND CLINICS,0,Acute Care Hospitals,Voluntary non-profit - Other,Yes,OR,0.0,0.0,0.25,0.125,0.1,0.1
380014,GOOD SAMARITAN REGIONAL MEDICAL CENTER,0,Acute Care Hospitals,Voluntary non-profit - Private,Yes,OR,0.0,0.125,0.1428571428571428,0.0,0.0909090909090909,0.0909090909090909
380017,LEGACY GOOD SAMARITAN MEDICAL CENTER,1,Acute Care Hospitals,Voluntary non-profit - Private,Yes,OR,0.0,0.0,0.125,0.0,0.1,0.0
380018,ASANTE ROGUE REGIONAL MEDICAL CENTER,1,Acute Care Hospitals,Voluntary non-profit - Private,Yes,OR,0.125,0.0,0.3333333333333333,0.0,0.4,0.0
380020,MCKENZIE-WILLAMETTE MEDICAL CENTER,1,Acute Care Hospitals,Voluntary non-profit - Private,Yes,OR,0.0,0.125,0.0,0.0,0.1111111111111111,0.1111111111111111
380021,HILLSBORO MEDICAL CENTER,0,Acute Care Hospitals,Voluntary non-profit - Private,Yes,OR,0.0,0.0,0.1428571428571428,0.0,0.0,0.0
380022,SAMARITAN ALBANY GENERAL HOSPITAL,1,Acute Care Hospitals,Voluntary non-profit - Church,Yes,OR,0.0,0.0,0.0,0.0,0.1111111111111111,0.0
380025,LEGACY MOUNT HOOD MEDICAL CENTER,0,Acute Care Hospitals,Voluntary non-profit - Private,Yes,OR,0.0,0.0,0.2,0.0,0.0,0.1666666666666666
380027,MERCY MEDICAL CENTER,1,Acute Care Hospitals,Government - Hospital District or Authority,Yes,OR,0.0,0.1666666666666666,0.1666666666666666,0.0,0.5714285714285714,0.0
380037,PROVIDENCE NEWBERG MEDICAL CENTER,1,Acute Care Hospitals,Voluntary non-profit - Church,Yes,OR,0.0,0.0,0.0,0.0,0.2,0.0
380038,PROVIDENCE WILLAMETTE FALLS MEDICAL CENTER,1,Acute Care Hospitals,Voluntary non-profit - Private,Yes,OR,0.0,0.0,0.0,0.0,0.125,0.0
38003F,PORTLAND VA MEDICAL CENTER,1,Acute Care - Veterans Administration,Veterans Health Administration,Yes,OR,0.4,0.0,0.25,0.25,0.1666666666666666,0.0
380047,ST CHARLES MEDICAL CENTER - BEND,1,Acute Care Hospitals,Voluntary non-profit - Private,Yes,OR,0.0,0.125,0.125,0.0,0.2727272727272727,0.0909090909090909
380050,SKY LAKES MEDICAL CENTER,0,Acute Care Hospitals,Voluntary non-profit - Private,Yes,OR,0.0,0.1666666666666666,0.1666666666666666,0.0,0.1,0.1
380051,SALEM HOSPITAL,0,Acute Care Hospitals,Voluntary non-profit - Other,Yes,OR,0.125,0.125,0.25,0.125,0.1111111111111111,0.2222222222222222
380052,SAINT ALPHONSUS MEDICAL CENTER ONTARIO,0,Acute Care Hospitals,Voluntary non-profit - Church,Yes,OR,0.0,0.0,0.0,0.0,0.0,0.0
380060,ADVENTIST HEALTH PORTLAND,1,Acute Care Hospitals,Voluntary non-profit - Church,Yes,OR,0.0,0.0,0.1666666666666666,0.0,0.25,0.0
380061,PROVIDENCE PORTLAND MEDICAL CENTER,1,Acute Care Hospitals,Voluntary non-profit - Private,Yes,OR,0.0,0.0,0.25,0.0,0.1,0.0
380071,WILLAMETTE VALLEY MEDICAL CENTER,0,Acute Care Hospitals,Voluntary non-profit - Private,Yes,OR,0.0,0.0,0.0,0.0,0.1666666666666666,0.0
380075,PROVIDENCE MEDFORD MEDICAL CENTER,0,Acute Care Hospitals,Voluntary non-profit - Church,Yes,OR,0.0,0.0,0.0,0.0,0.1,0.1
380082,PROVIDENCE MILWAUKIE HOSPITAL,0,Acute Care Hospitals,Voluntary non-profit - Church,No,OR,0.0,0.0,0.3333333333333333,0.0,0.2,0.2
380089,LEGACY MERIDIAN PARK MEDICAL CENTER,0,Acute Care Hospitals,Voluntary non-profit - Private,Yes,OR,0.0,0.0,0.0,0.1666666666666666,0.125,0.125
380090,BAY AREA HOSPITAL,0,Acute Care Hospitals,Government - Hospital District or Authority,Yes,OR,0.0,0.1428571428571428,0.2857142857142857,0.0,0.0,0.2
380091,KAISER SUNNYSIDE MEDICAL CENTER,1,Acute Care Hospitals,Voluntary non-profit - Other,Yes,OR,0.0,0.0,0.3333333333333333,0.0,0.25,0.0
380102,SACRED HEART MEDICAL CENTER - RIVERBEND,1,Acute Care Hospitals,Voluntary non-profit - Private,Yes,OR,0.0,0.0,0.375,0.0,0.3333333333333333,0.0
380103,KAISER FOUNDATION HOSPITAL WESTSIDE,1,Acute Care Hospitals,Voluntary non-profit - Private,Yes,OR,0.0,0.0,0.0,0.0,0.0,0.0
381302,SAMARITAN NORTH LINCOLN HOSPITAL,0,Critical Access Hospitals,Voluntary non-profit - Private,Yes,OR,0.0,0.0,,,0.0,0.1428571428571428
381303,PROVIDENCE SEASIDE HOSPITAL,0,Critical Access Hospitals,Voluntary non-profit - Church,Yes,OR,0.0,0.0,0.0,0.0,0.0,0.1666666666666666
381304,SOUTHERN COOS HOSPITAL & HEALTH CENTER,0,Critical Access Hospitals,Government - Hospital District or Authority,Yes,OR,0.0,0.0,,,0.0,0.0
381306,WALLOWA MEMORIAL HOSPITAL,0,Critical Access Hospitals,Government - Hospital District or Authority,Yes,OR,0.0,0.0,,,0.0,0.3333333333333333
381313,ST CHARLES MEDICAL CENTER PRINEVILLE,0,Critical Access Hospitals,Voluntary non-profit - Private,Yes,OR,0.0,0.0,,,0.25,0.25
381314,SAMARITAN PACIFIC COMMUNITY HOSPITAL,0,Critical Access Hospitals,Voluntary non-profit - Private,Yes,OR,0.0,0.2,0.0,0.0,0.0,0.2857142857142857
381315,ST. ALPHONSUS MEDICAL CENTER - BAKER CITY,0,Critical Access Hospitals,Voluntary non-profit - Church,Yes,OR,0.0,0.2,,,0.2,0.0
381316,PEACE HARBOR MEDICAL CENTER,1,Critical Access Hospitals,Voluntary non-profit - Church,Yes,OR,0.0,0.0,0.0,0.0,0.0,0.0
381317,ADVENTIST HEALTH TILLAMOOK,1,Critical Access Hospitals,Voluntary non-profit - Church,Yes,OR,0.0,0.0,0.0,0.0,0.1666666666666666,0.0
381318,PROVIDENCE HOOD RIVER MEMORIAL HOSPITAL,1,Critical Access Hospitals,Voluntary non-profit - Church,Yes,OR,0.0,0.0,0.0,0.0,0.1666666666666666,0.1666666666666666
381319,ST ANTHONY HOSPITAL,0,Critical Access Hospitals,Voluntary non-profit - Church,Yes,OR,0.0,0.0,0.0,0.0,0.0,0.125
381321,GRANDE RONDE HOSPITAL,1,Critical Access Hospitals,Voluntary non-profit - Private,Yes,OR,0.0,0.2,0.0,0.0,0.2857142857142857,0.0
381322,CURRY GENERAL HOSPITAL,0,Critical Access Hospitals,Government - Hospital District or Authority,Yes,OR,0.0,0.0,,,0.0,0.25
381323,SAMARITAN LEBANON COMMUNITY HOSPITAL,0,Critical Access Hospitals,Voluntary non-profit - Church,Yes,OR,0.0,0.0,0.0,0.0,0.0,0.25
390001,GEISINGER-COMMUNITY MEDICAL CENTER,0,Acute Care Hospitals,Voluntary non-profit - Private,Yes,PA,0.0,0.0,0.2857142857142857,0.1428571428571428,0.0909090909090909,0.1818181818181818
390002,UPMC MCKEESPORT HOSPITAL,0,Acute Care Hospitals,Voluntary non-profit - Private,Yes,PA,0.0,0.0,0.25,0.0,0.2857142857142857,0.0
390003,GEISINGER-BLOOMSBURG HOSPITAL,1,Acute Care Hospitals,Voluntary non-profit - Private,Yes,PA,0.0,0.0,0.0,0.0,0.1666666666666666,0.0
390004,PENN STATE HEALTH HOLY SPIRIT MEDICAL CENTER,0,Acute Care Hospitals,Voluntary non-profit - Private,Yes,PA,0.0,0.0,0.1428571428571428,0.0,0.0,0.1111111111111111
390006,GEISINGER MEDICAL CENTER,1,Acute Care Hospitals,Voluntary non-profit - Private,Yes,PA,0.25,0.0,0.375,0.125,0.0,0.1818181818181818
390009,SAINT VINCENT HOSPITAL,1,Acute Care Hospitals,Voluntary non-profit - Private,Yes,PA,0.0,0.0,0.375,0.0,0.0,0.0909090909090909
390012,JEFFERSON LANSDALE HOSPITAL,0,Acute Care Hospitals,Voluntary non-profit - Private,Yes,PA,0.0,0.0,0.0,0.0,0.1666666666666666,0.3333333333333333
390013,WELLSPAN EVANGELICAL COMMUNITY HOSPITAL,1,Acute Care Hospitals,Voluntary non-profit - Private,Yes,PA,0.0,0.0,0.0,0.2,0.2,0.0
390016,UPMC JAMESON,0,Acute Care Hospitals,Voluntary non-profit - Other,Yes,PA,0.0,0.0,0.0,0.0,0.2222222222222222,0.1111111111111111
39001F,JAMES E. VAN ZANDT VA MEDICAL CENTER (ALTOONA),1,Acute Care - Veterans Administration,Veterans Health Administration,No,PA,0.0,0.0,,,0.25,0.0
390026,TEMPLE HEALTH - CHESTNUT HILL HOSPITAL,0,Acute Care Hospitals,Voluntary non-profit - Private,Yes,PA,0.1666666666666666,0.0,0.0,0.0,0.0,0.2857142857142857
390027,TEMPLE UNIVERSITY HOSPITAL,1,Acute Care Hospitals,Voluntary non-profit - Private,Yes,PA,0.25,0.0,0.375,0.0,0.0909090909090909,0.0909090909090909
390028,UPMC MERCY,1,Acute Care Hospitals,Voluntary non-profit - Private,Yes,PA,0.0,0.1428571428571428,0.3333333333333333,0.0,0.125,0.0
390030,SCHUYLKILL MEDICAL CENTER - SOUTH JACKSON STREET,1,Acute Care Hospitals,Voluntary non-profit - Private,Yes,PA,0.0,0.0,0.1666666666666666,0.0,0.1111111111111111,0.1111111111111111
390032,ALLEGHENY VALLEY HOSPITAL,1,Acute Care Hospitals,Voluntary non-profit - Private,Yes,PA,0.0,0.0,0.0,0.0,0.0,0.0
390035,ST LUKE'S HOSPITAL - UPPER BUCKS CAMPUS,1,Acute Care Hospitals,Proprietary,Yes,PA,0.0,0.0,0.1666666666666666,0.0,0.0,0.1111111111111111
390036,HERITAGE VALLEY BEAVER,0,Acute Care Hospitals,Voluntary non-profit - Private,Yes,PA,0.0,0.0,0.0,0.0,0.0909090909090909,0.0909090909090909
390037,HERITAGE VALLEY SEWICKLEY,1,Acute Care Hospitals,Voluntary non-profit - Private,Yes,PA,0.0,0.0,0.0,0.0,0.1111111111111111,0.0
390039,UPMC SOMERSET,1,Acute Care Hospitals,Voluntary non-profit - Private,Yes,PA,0.0,0.0,0.0,0.0,0.1428571428571428,0.0
390041,UNIONTOWN HOSPITAL,0,Acute Care Hospitals,Voluntary non-profit - Private,Yes,PA,0.0,0.0,0.0,0.0,0.0,0.1111111111111111
390042,"WASHINGTON HOSPITAL, THE",1,Acute Care Hospitals,Voluntary non-profit - Private,Yes,PA,0.0,0.1428571428571428,0.1428571428571428,0.0,0.0,0.0
390044,READING HOSPITAL,1,Acute Care Hospitals,Voluntary non-profit - Private,Yes,PA,0.375,0.0,0.125,0.125,0.0,0.1818181818181818
390045,UPMC WILLIAMSPORT,0,Acute Care Hospitals,Voluntary non-profit - Private,Yes,PA,0.0,0.0,0.4285714285714285,0.1428571428571428,0.0,0.0909090909090909
390046,WELLSPAN YORK HOSPITAL,1,Acute Care Hospitals,Voluntary non-profit - Private,Yes,PA,0.25,0.0,0.2857142857142857,0.0,0.0,0.0
390048,GEISINGER-LEWISTOWN HOSPITAL,1,Acute Care Hospitals,Voluntary non-profit - Private,Yes,PA,0.0,0.0,0.2,0.0,0.375,0.0
390049,ST LUKES HOSPITAL,1,Acute Care Hospitals,Voluntary non-profit - Private,Yes,PA,0.375,0.0,0.625,0.0,0.0,0.2727272727272727
390050,ALLEGHENY GENERAL HOSPITAL,0,Acute Care Hospitals,Voluntary non-profit - Private,Yes,PA,0.0,0.0,0.4285714285714285,0.0,0.0909090909090909,0.0
390056,PENN HIGHLANDS HUNTINGDON,0,Acute Care Hospitals,Voluntary non-profit - Private,Yes,PA,0.0,0.0,0.0,0.0,0.0,0.0
390057,ST LUKE'S HOSPITAL - GRAND VIEW CAMPUS,1,Acute Care Hospitals,Voluntary non-profit - Other,Yes,PA,0.0,0.0,0.0,0.0,0.25,0.0
390058,UPMC CARLISLE,1,Acute Care Hospitals,Voluntary non-profit - Private,Yes,PA,0.0,0.0,0.0,0.0,0.2222222222222222,0.0
390062,CONEMAUGH NASON MEDICAL CENTER,1,Acute Care Hospitals,Voluntary non-profit - Other,Yes,PA,0.0,0.0,0.0,0.0,0.6666666666666666,0.0
390063,UPMC HAMOT,0,Acute Care Hospitals,Voluntary non-profit - Private,Yes,PA,0.0,0.125,0.125,0.0,0.0909090909090909,0.0
390065,GETTYSBURG HOSPITAL,1,Acute Care Hospitals,Voluntary non-profit - Private,Yes,PA,0.0,0.0,0.0,0.0,0.4444444444444444,0.0
390066,WELLSPAN GOOD SAMARITAN HOSPITAL,1,Acute Care Hospitals,Voluntary non-profit - Private,Yes,PA,0.125,0.0,0.0,0.0,0.1,0.0
390067,UPMC PINNACLE HOSPITALS,1,Acute Care Hospitals,Voluntary non-profit - Private,Yes,PA,0.25,0.0,0.25,0.0,0.0909090909090909,0.0909090909090909
390068,UPMC LITITZ,1,Acute Care Hospitals,Voluntary non-profit - Other,Yes,PA,0.0,0.0,0.2,0.0,0.0,0.0
39006F,LEBANON VA MEDICAL CENTER,1,Acute Care - Veterans Administration,Veterans Health Administration,Yes,PA,0.3333333333333333,0.0,0.0,0.0,0.4,0.0
390070,LOWER BUCKS HOSPITAL,0,Acute Care Hospitals,Voluntary non-profit - Private,Yes,PA,0.0,0.0,0.5,0.0,0.25,0.25
390073,UPMC ALTOONA,0,Acute Care Hospitals,Voluntary non-profit - Private,Yes,PA,0.0,0.125,0.4285714285714285,0.0,0.0909090909090909,0.0909090909090909
390079,ROBERT PACKER HOSPITAL,0,Acute Care Hospitals,Voluntary non-profit - Private,Yes,PA,0.0,0.25,0.1428571428571428,0.0,0.0,0.1818181818181818
390086,PENN HIGHLANDS DUBOIS,0,Acute Care Hospitals,Voluntary non-profit - Private,Yes,PA,0.0,0.125,0.1428571428571428,0.0,0.2727272727272727,0.0
390090,WEST PENN HOSPITAL,0,Acute Care Hospitals,Voluntary non-profit - Private,Yes,PA,0.0,0.0,0.0,0.1428571428571428,0.1428571428571428,0.1428571428571428
390091,UPMC NORTHWEST,1,Acute Care Hospitals,Voluntary non-profit - Other,Yes,PA,0.1666666666666666,0.0,0.2,0.0,0.1111111111111111,0.1111111111111111
390093,INDEPENDENCE HEALTH SYSTEM CLARION HOSPITAL,0,Acute Care Hospitals,Voluntary non-profit - Private,Yes,PA,0.0,0.0,0.0,0.0,0.0,0.125
390096,PENN STATE HEALTH ST. JOSEPH,0,Acute Care Hospitals,Voluntary non-profit - Private,Yes,PA,0.0,0.0,0.0,0.0,0.1,0.0
390097,HOLY REDEEMER HOSPITAL AND MEDICAL CENTER,0,Acute Care Hospitals,Voluntary non-profit - Church,Yes,PA,0.0,0.0,0.1428571428571428,0.0,0.0,0.1
39009F,PHILADELPHIA VA MEDICAL CENTER,1,Acute Care - Veterans Administration,Veterans Health Administration,Yes,PA,0.6,0.0,0.25,0.0,0.1666666666666666,0.0
390100,LANCASTER GENERAL HOSPITAL,1,Acute Care Hospitals,Voluntary non-profit - Private,Yes,PA,0.5,0.0,0.375,0.0,0.3636363636363636,0.0
390101,UPMC MEMORIAL,1,Acute Care Hospitals,Voluntary non-profit - Private,Yes,PA,0.0,0.0,0.125,0.125,0.0,0.0
390102,UPMC ST MARGARET,0,Acute Care Hospitals,Voluntary non-profit - Private,Yes,PA,0.0,0.0,0.0,0.0,0.0,0.1111111111111111
390107,UPMC PASSAVANT,1,Acute Care Hospitals,Voluntary non-profit - Private,Yes,PA,0.0,0.0,0.4285714285714285,0.0,0.0909090909090909,0.0
390110,CONEMAUGH MEMORIAL MEDICAL CENTER,0,Acute Care Hospitals,Proprietary,Yes,PA,0.0,0.0,0.1666666666666666,0.0,0.0,0.1
390111,HOSPITAL OF UNIV OF PENNSYLVANIA,1,Acute Care Hospitals,Voluntary non-profit - Private,Yes,PA,0.625,0.0,0.2857142857142857,0.1428571428571428,0.2,0.1
390112,CHAN SOON- SHIONG MEDICAL CENTER AT WINDBER,0,Acute Care Hospitals,Voluntary non-profit - Private,Yes,PA,0.0,0.0,0.0,0.0,0.0,0.2
390113,MEADVILLE MEDICAL CENTER,1,Acute Care Hospitals,Voluntary non-profit - Private,Yes,PA,0.0,0.0,0.0,0.0,0.0,0.0
390114,MAGEE WOMENS HOSPITAL OF UPMC HEALTH SYSTEM,1,Acute Care Hospitals,Voluntary non-profit - Other,Yes,PA,0.0,0.0,0.0,0.0,0.125,0.125
390115,JEFFERSON HEALTH- NORTHEAST,0,Acute Care Hospitals,Voluntary non-profit - Private,Yes,PA,0.0,0.0,0.2857142857142857,0.0,0.0,0.3636363636363636
390116,SUBURBAN COMMUNITY HOSPITAL,1,Acute Care Hospitals,Voluntary non-profit - Private,Yes,PA,0.0,0.0,0.0,0.0,0.25,0.25
390117,UPMC BEDFORD MEMORIAL,1,Acute Care Hospitals,Voluntary non-profit - Private,Yes,PA,0.0,0.0,0.0,0.0,0.125,0.0
390123,POTTSTOWN HOSPITAL,0,Acute Care Hospitals,Voluntary non-profit - Private,Yes,PA,0.0,0.0,0.0,0.0,0.0,0.2222222222222222
390125,WAYNE MEMORIAL HOSPITAL,0,Acute Care Hospitals,Voluntary non-profit - Private,Yes,PA,0.0,0.0,0.0,0.0,0.125,0.0
390127,PHOENIXVILLE HOSPITAL,0,Acute Care Hospitals,Voluntary non-profit - Private,Yes,PA,0.0,0.0,0.0,0.0,0.0,0.3333333333333333
39012F,VA PITTSBURGH HEALTHCARE SYSTEM - UNIV DR,1,Acute Care - Veterans Administration,Veterans Health Administration,Yes,PA,0.2,0.0,0.5,0.25,0.0,0.5
390133,LEHIGH VALLEY HOSPITAL,1,Acute Care Hospitals,Voluntary non-profit - Private,Yes,PA,0.5,0.0,0.5,0.0,0.0,0.2727272727272727
390137,WILKES-BARRE GENERAL HOSPITAL,0,Acute Care Hospitals,Proprietary,Yes,PA,0.0,0.5,0.2857142857142857,0.0,0.0909090909090909,0.0909090909090909
390138,WELLSPAN WAYNESBORO HOSPITAL,1,Acute Care Hospitals,Voluntary non-profit - Private,Yes,PA,0.0,0.0,0.0,0.0,0.0,0.1666666666666666
390139,BRYN MAWR HOSPITAL,1,Acute Care Hospitals,Voluntary non-profit - Private,Yes,PA,0.2857142857142857,0.0,0.2857142857142857,0.0,0.1,0.2
39013F,WILKES BARRE VA MEDICAL CENTER,1,Acute Care - Veterans Administration,Veterans Health Administration,Yes,PA,0.0,0.0,0.0,0.0,0.4,0.0
390142,JEFFERSON EINSTEIN PHILADELPHIA HOSPITAL,0,Acute Care Hospitals,Voluntary non-profit - Other,Yes,PA,0.0,0.0,0.2857142857142857,0.0,0.0,0.1818181818181818
390145,EXCELA HEALTH WESTMORELAND REGIONAL HOSPITAL,0,Acute Care Hospitals,Voluntary non-profit - Other,Yes,PA,0.0,0.0,0.2857142857142857,0.0,0.0,0.1111111111111111
390146,WARREN GENERAL HOSPITAL,0,Acute Care Hospitals,Voluntary non-profit - Private,Yes,PA,0.0,0.0,0.0,0.0,0.0,0.1111111111111111
390147,PENN HIGHLANDS MON VALLEY,0,Acute Care Hospitals,Voluntary non-profit - Private,Yes,PA,0.0,0.0,0.0,0.0,0.0,0.3333333333333333
390151,WELLSPAN CHAMBERSBURG HOSPITAL,1,Acute Care Hospitals,Voluntary non-profit - Private,Yes,PA,0.1428571428571428,0.0,0.1666666666666666,0.0,0.1428571428571428,0.1428571428571428
390153,PAOLI HOSPITAL,1,Acute Care Hospitals,Voluntary non-profit - Private,Yes,PA,0.4285714285714285,0.0,0.125,0.0,0.1,0.0
390156,MERCY CATHOLIC MEDICAL CENTER- MERCY FITZGERALD,0,Acute Care Hospitals,Voluntary non-profit - Private,Yes,PA,0.0,0.0,0.1666666666666666,0.0,0.0,0.25
390160,CANONSBURG GENERAL HOSPITAL,0,Acute Care Hospitals,Voluntary non-profit - Private,Yes,PA,0.0,0.0,0.0,0.0,0.0,0.2
390162,ST LUKE'S HOSPITAL - EASTON CAMPUS,1,Acute Care Hospitals,Voluntary non-profit - Private,Yes,PA,0.0,0.0,0.0,0.0,0.1666666666666666,0.0
390163,ACMH HOSPITAL,0,Acute Care Hospitals,Voluntary non-profit - Private,Yes,PA,0.0,0.0,0.0,0.0,0.125,0.125
390164,UPMC PRESBYTERIAN SHADYSIDE,1,Acute Care Hospitals,Voluntary non-profit - Private,Yes,PA,0.25,0.0,0.4285714285714285,0.1428571428571428,0.2727272727272727,0.0
390168,INDEPENDENCE HEALTH SYSTEM BUTLER MEMORIAL HOSPITA,0,Acute Care Hospitals,Voluntary non-profit - Private,Yes,PA,0.0,0.0,0.1428571428571428,0.0,0.0,0.1
390173,INDIANA REGIONAL MEDICAL CENTER,0,Acute Care Hospitals,Voluntary non-profit - Private,Yes,PA,0.0,0.0,0.1428571428571428,0.0,0.0,0.1
390174,THOMAS JEFFERSON UNIVERSITY HOSPITAL,0,Acute Care Hospitals,Voluntary non-profit - Private,Yes,PA,0.25,0.0,0.375,0.125,0.0,0.5454545454545454
390178,UPMC HORIZON,1,Acute Care Hospitals,Voluntary non-profit - Private,Yes,PA,0.0,0.0,0.0,0.0,0.0,0.0
390179,CHESTER COUNTY HOSPITAL,1,Acute Care Hospitals,Voluntary non-profit - Private,Yes,PA,0.125,0.0,0.125,0.0,0.1818181818181818,0.0
390180,CROZER CHESTER MEDICAL CENTER,0,Acute Care Hospitals,Voluntary non-profit - Other,Yes,PA,0.0,0.0,0.3333333333333333,0.3333333333333333,0.1111111111111111,0.0
390183,ST LUKE'S MINERS MEMORIAL HOSPITAL,1,Acute Care Hospitals,Voluntary non-profit - Private,Yes,PA,0.2,0.0,0.0,0.0,0.125,0.125
390185,LEHIGH VALLEY HOSPITAL - HAZLETON,0,Acute Care Hospitals,Voluntary non-profit - Other,Yes,PA,0.0,0.0,0.0,0.0,0.1111111111111111,0.1111111111111111
390195,MAIN LINE HOSPITAL LANKENAU,1,Acute Care Hospitals,Voluntary non-profit - Private,Yes,PA,0.125,0.0,0.5,0.0,0.0,0.0909090909090909
390198,LECOM MEDICAL CENTER AND BEHAVIORAL HEALTH PAV,0,Acute Care Hospitals,Voluntary non-profit - Private,Yes,PA,0.0,0.0,0.3333333333333333,0.0,0.0,0.2
390199,PUNXSUTAWNEY AREA HOSPITAL,0,Acute Care Hospitals,Voluntary non-profit - Private,Yes,PA,0.0,0.0,0.0,0.0,0.0,0.1428571428571428
390201,LEHIGH VALLEY HOSPITAL - POCONO,0,Acute Care Hospitals,Voluntary non-profit - Private,Yes,PA,0.0,0.0,0.1428571428571428,0.0,0.0909090909090909,0.1818181818181818
390203,DOYLESTOWN HOSPITAL,1,Acute Care Hospitals,Voluntary non-profit - Private,Yes,PA,0.0,0.0,0.1428571428571428,0.0,0.0909090909090909,0.1818181818181818
390204,NAZARETH HOSPITAL,0,Acute Care Hospitals,Voluntary non-profit - Private,Yes,PA,0.0,0.0,0.2,0.0,0.0,0.1428571428571428
390211,SHARON REGIONAL MEDICAL CENTER,0,Acute Care Hospitals,Proprietary,Yes,PA,0.0,0.0,0.1666666666666666,0.0,0.125,0.0
390217,EXCELA HEALTH - FRICK HOSPITAL,0,Acute Care Hospitals,Voluntary non-profit - Other,Yes,PA,0.0,0.0,0.5,0.0,0.1428571428571428,0.0
390219,EXCELA HEALTH LATROBE HOSPITAL,1,Acute Care Hospitals,Voluntary non-profit - Private,Yes,PA,0.0,0.0,0.0,0.0,0.1428571428571428,0.0
390222,RIDDLE MEMORIAL HOSPITAL,1,Acute Care Hospitals,Voluntary non-profit - Private,Yes,PA,0.0,0.0,0.2857142857142857,0.0,0.125,0.125
390223,PENN PRESBYTERIAN MEDICAL CENTER,1,Acute Care Hospitals,Voluntary non-profit - Other,Yes,PA,0.25,0.0,0.1428571428571428,0.0,0.2727272727272727,0.0909090909090909
390225,WELLSPAN EPHRATA COMMUNITY HOSPITAL,1,Acute Care Hospitals,Voluntary non-profit - Other,Yes,PA,0.0,0.0,0.0,0.0,0.4444444444444444,0.0
390226,PENNSYLVANIA HOSPITAL,1,Acute Care Hospitals,Voluntary non-profit - Private,Yes,PA,0.2857142857142857,0.0,0.125,0.0,0.1111111111111111,0.1111111111111111
390228,ST CLAIR HOSPITAL,1,Acute Care Hospitals,Voluntary non-profit - Private,Yes,PA,0.0,0.0,0.2857142857142857,0.0,0.1,0.1
390231,JEFFERSON ABINGTON HOSPITAL,0,Acute Care Hospitals,Voluntary non-profit - Private,Yes,PA,0.375,0.0,0.25,0.0,0.0909090909090909,0.2727272727272727
390233,UPMC HANOVER,1,Acute Care Hospitals,Voluntary non-profit - Private,Yes,PA,0.0,0.0,0.0,0.0,0.1,0.0
390237,REGIONAL HOSPITAL OF SCRANTON,0,Acute Care Hospitals,Proprietary,Yes,PA,0.0,0.125,0.1428571428571428,0.0,0.0,0.2
390256,MILTON S HERSHEY MEDICAL CENTER,1,Acute Care Hospitals,Voluntary non-profit - Private,Yes,PA,0.125,0.0,0.5,0.0,0.0,0.1818181818181818
390258,ST MARY MEDICAL CENTER,0,Acute Care Hospitals,Voluntary non-profit - Private,Yes,PA,0.0,0.125,0.7142857142857143,0.0,0.0909090909090909,0.2727272727272727
390265,JEFFERSON HOSPITAL,1,Acute Care Hospitals,Voluntary non-profit - Private,Yes,PA,0.0,0.0,0.5714285714285714,0.0,0.0,0.1818181818181818
390266,GROVE CITY MEDICAL CENTER,1,Acute Care Hospitals,Voluntary non-profit - Private,Yes,PA,0.0,0.0,0.0,0.0,0.0,0.1428571428571428
390267,FORBES HOSPITAL,0,Acute Care Hospitals,Voluntary non-profit - Private,Yes,PA,0.0,0.0,0.2857142857142857,0.0,0.0,0.0909090909090909
390268,MOUNT NITTANY MEDICAL CENTER,1,Acute Care Hospitals,Voluntary non-profit - Private,Yes,PA,0.0,0.0,0.0,0.0,0.25,0.125
390270,GEISINGER WYOMING VALLEY MEDICAL CENTER,1,Acute Care Hospitals,Voluntary non-profit - Private,Yes,PA,0.375,0.0,0.2857142857142857,0.0,0.0909090909090909,0.0909090909090909
390304,ROXBOROUGH MEMORIAL HOSPITAL,0,Acute Care Hospitals,Proprietary,Yes,PA,0.0,0.0,0.0,0.0,0.0,0.25
390328,UPMC EAST,1,Acute Care Hospitals,Voluntary non-profit - Private,Yes,PA,0.0,0.0,0.0,0.0,0.0,0.1
390329,JEFFERSON EINSTEIN MONTGOMERY HOSPITAL,1,Acute Care Hospitals,Voluntary non-profit - Private,Yes,PA,0.0,0.0,0.2857142857142857,0.0,0.1,0.2
390330,ST LUKE'S HOSPITAL - MONROE CAMPUS,1,Acute Care Hospitals,Voluntary non-profit - Private,Yes,PA,0.1666666666666666,0.0,0.2857142857142857,0.0,0.0,0.2
390332,GEISINGER ST. LUKE'S  HOSPITAL,1,Acute Care Hospitals,Voluntary non-profit - Private,No,PA,0.2,0.0,0.0,0.0,0.0,0.0
390334,AHN WEXFORD HOSPITAL,1,Acute Care Hospitals,Voluntary non-profit - Private,Yes,PA,0.2,0.0,0.1666666666666666,0.0,0.0,0.0
390335,ST LUKE'S HOSPITAL - CARBON CAMPUS,1,Acute Care Hospitals,Voluntary non-profit - Private,Yes,PA,0.0,0.0,0.2,0.0,0.1428571428571428,0.1428571428571428
390336,PENN STATE HEALTH HAMPDEN MEDICAL CENTER,1,Acute Care Hospitals,Voluntary non-profit - Private,Yes,PA,0.0,0.0,0.25,0.0,0.1666666666666666,0.1666666666666666
390338,LEHIGH VALLEY HOSPITAL - DICKSON CITY,0,Acute Care Hospitals,Voluntary non-profit - Private,Yes,PA,0.0,0.0,0.0,0.0,0.0,0.1666666666666666
390339,PENN STATE HEALTH LANCASTER MEDICAL CENTER,0,Acute Care Hospitals,Voluntary non-profit - Private,Yes,PA,0.0,0.0,0.1666666666666666,0.0,0.0,0.1666666666666666
391300,GEISINGER JERSEY SHORE HOSPITAL,0,Critical Access Hospitals,Voluntary non-profit - Private,Yes,PA,0.0,0.0,0.0,0.0,0.0,0.4
391301,UPMC MUNCY,1,Critical Access Hospitals,Voluntary non-profit - Private,Yes,PA,0.0,0.0,0.0,0.0,0.4,0.0
391303,FULTON COUNTY MEDICAL CENTER,0,Critical Access Hospitals,Voluntary non-profit - Private,Yes,PA,0.0,0.0,,,0.0,0.2
391305,TROY COMMUNITY HOSPITAL,1,Critical Access Hospitals,Voluntary non-profit - Private,Yes,PA,0.0,0.0,0.0,0.0,0.0,0.0
391306,ENDLESS MOUNTAINS HEALTH SYSTEMS,0,Critical Access Hospitals,Voluntary non-profit - Private,Yes,PA,0.0,0.25,,,0.0,0.1666666666666666
391312,PENN HIGHLANDS BROOKVILLE,1,Critical Access Hospitals,Voluntary non-profit - Private,Yes,PA,0.0,0.0,0.0,0.0,0.3333333333333333,0.0
391313,UPMC COLE,1,Critical Access Hospitals,Voluntary non-profit - Private,Yes,PA,0.0,0.0,0.0,0.0,0.0,0.0
391314,TITUSVILLE AREA HOSPITAL,0,Critical Access Hospitals,Voluntary non-profit - Private,Yes,PA,0.0,0.0,0.0,0.0,0.3333333333333333,0.0
391315,PENN HIGHLANDS ELK,1,Critical Access Hospitals,Voluntary non-profit - Private,Yes,PA,0.0,0.0,0.0,0.0,0.1666666666666666,0.0
391316,UPMC WELLSBORO,0,Critical Access Hospitals,Voluntary non-profit - Private,Yes,PA,0.0,0.0,0.0,0.0,0.1111111111111111,0.1111111111111111
400016,AUXILIO MUTUO HOSPITAL,1,Acute Care Hospitals,Voluntary non-profit - Private,Yes,PR,0.0,0.0,0.6,0.0,0.0,0.2
400019,HOSPITAL PAVIA SANTURCE,0,Acute Care Hospitals,Proprietary,Yes,PR,0.0,0.0,0.0,0.5,0.2,0.2
40003F,SAN JUAN VA MEDICAL CENTER,0,Acute Care - Veterans Administration,Veterans Health Administration,Yes,PR,0.2,0.0,0.0,0.25,0.0,0.8333333333333334
400103,MAYAGUEZ MEDICAL CENTER DR RAMON EMETERIO BETANCES,0,Acute Care Hospitals,Proprietary,Yes,PR,0.0,0.3333333333333333,,,0.0,0.5
400114,MANATI MEDICAL CENTER DR OTERO LOPEZ,0,Acute Care Hospitals,Voluntary non-profit - Private,Yes,PR,0.0,1.0,1.0,0.0,0.0,0.0
400118,"DOCTORS' CENTER HOSPITAL, INC",0,Acute Care Hospitals,Proprietary,Yes,PR,0.0,1.0,0.75,0.0,0.0,0.0
400137,DOCTORS CENTER HOSPITAL ORLANDO HEALTH DORADO,0,Acute Care Hospitals,Proprietary,Yes,PR,0.0,0.0,0.25,0.0,0.0,0.0
410004,ROGER WILLIAMS MEDICAL CENTER,0,Acute Care Hospitals,Proprietary,Yes,RI,0.0,0.0,0.1666666666666666,0.0,0.125,0.0
410005,OUR LADY OF FATIMA HOSPITAL,0,Acute Care Hospitals,Proprietary,Yes,RI,0.0,0.0,0.2,0.0,0.0,0.0
410006,NEWPORT HOSPITAL,1,Acute Care Hospitals,Voluntary non-profit - Private,Yes,RI,0.0,0.0,0.2,0.0,0.1428571428571428,0.1428571428571428
410007,RHODE ISLAND HOSPITAL,1,Acute Care Hospitals,Voluntary non-profit - Private,Yes,RI,0.0,0.125,0.5,0.0,0.0,0.1
410008,SOUTH COUNTY HOSPITAL INC,1,Acute Care Hospitals,Voluntary non-profit - Private,Yes,RI,0.0,0.0,0.0,0.0,0.2222222222222222,0.1111111111111111
410009,KENT COUNTY MEMORIAL HOSPITAL,0,Acute Care Hospitals,Proprietary,Yes,RI,0.0,0.0,0.0,0.0,0.0,0.1
410010,WOMEN & INFANTS HOSPITAL OF RHODE ISLAND,1,Acute Care Hospitals,Voluntary non-profit - Private,Yes,RI,0.0,0.0,0.2,0.0,0.0,0.0
410011,LANDMARK MEDICAL CENTER,0,Acute Care Hospitals,Voluntary non-profit - Private,Yes,RI,0.0,0.0,0.0,0.0,0.0,0.3333333333333333
410012,THE MIRIAM HOSPITAL,1,Acute Care Hospitals,Voluntary non-profit - Private,Yes,RI,0.2857142857142857,0.0,0.2857142857142857,0.0,0.2,0.0
410013,WESTERLY HOSPITAL,1,Acute Care Hospitals,Voluntary non-profit - Private,Yes,RI,0.0,0.0,0.2,0.0,0.0,0.0
41005F,PROVIDENCE VA MEDICAL CENTER,1,Acute Care - Veterans Administration,Veterans Health Administration,Yes,RI,0.0,0.0,0.0,0.0,0.0,0.4
420002,PIEDMONT MEDICAL CENTER,0,Acute Care Hospitals,Proprietary,Yes,SC,0.0,0.0,0.2857142857142857,0.0,0.2222222222222222,0.2222222222222222
420004,MUSC MEDICAL CENTER,0,Acute Care Hospitals,Government - Hospital District or Authority,Yes,SC,0.0,0.0,0.25,0.125,0.0909090909090909,0.1818181818181818
420005,MCLEOD MEDICAL CENTER - DILLON,0,Acute Care Hospitals,Voluntary non-profit - Private,Yes,SC,0.0,0.0,0.0,0.0,0.0,0.3333333333333333
420007,SPARTANBURG MEDICAL CENTER,0,Acute Care Hospitals,Government - Hospital District or Authority,Yes,SC,0.0,0.375,0.375,0.0,0.0,0.2727272727272727
420009,PRISMA HEALTH OCONEE MEMORIAL HOSPITAL,1,Acute Care Hospitals,Voluntary non-profit - Private,Yes,SC,0.0,0.0,0.1428571428571428,0.0,0.0,0.1428571428571428
420010,CAROLINA PINES REGIONAL MEDICAL CENTER,0,Acute Care Hospitals,Proprietary,Yes,SC,0.0,0.1666666666666666,0.0,0.0,0.0,0.3333333333333333
420015,PRISMA HEALTH BAPTIST EASLEY HOSPITAL,1,Acute Care Hospitals,Voluntary non-profit - Private,Yes,SC,0.0,0.0,0.0,0.0,0.1666666666666666,0.0
420018,PRISMA HEALTH RICHLAND HOSPITAL,0,Acute Care Hospitals,Voluntary non-profit - Private,Yes,SC,0.125,0.0,0.4285714285714285,0.0,0.0,0.125
420020,TIDELANDS GEORGETOWN MEMORIAL HOSPITAL,0,Acute Care Hospitals,Voluntary non-profit - Private,Yes,SC,0.0,0.1666666666666666,0.3333333333333333,0.0,0.0,0.1111111111111111
420023,ST FRANCIS-DOWNTOWN,1,Acute Care Hospitals,Voluntary non-profit - Private,Yes,SC,0.125,0.0,0.25,0.0,0.0909090909090909,0.0909090909090909
420026,MUSC HEALTH COLUMBIA MEDICAL CENTER DOWNTOWN,0,Acute Care Hospitals,Voluntary non-profit - Private,Yes,SC,0.0,0.0,0.1428571428571428,0.0,0.1111111111111111,0.1111111111111111
420027,ANMED HEALTH,1,Acute Care Hospitals,Voluntary non-profit - Private,Yes,SC,0.0,0.125,0.5714285714285714,0.0,0.0,0.0
420030,COLLETON MEDICAL CENTER,0,Acute Care Hospitals,Proprietary,Yes,SC,0.0,0.0,0.0,0.0,0.0,0.2857142857142857
420033,PRISMA HEALTH GREER MEMORIAL HOSPITAL,1,Acute Care Hospitals,Voluntary non-profit - Private,Yes,SC,0.0,0.0,0.1666666666666666,0.0,0.3333333333333333,0.1666666666666666
420036,MUSC HEALTH LANCASTER MEDICAL CENTER,1,Acute Care Hospitals,Proprietary,Yes,SC,0.0,0.0,0.2,0.0,0.0,0.1666666666666666
420037,PRISMA HEALTH HILLCREST HOSPITAL,1,Acute Care Hospitals,Voluntary non-profit - Private,Yes,SC,0.0,0.0,0.0,0.0,0.1666666666666666,0.0
420038,PRISMA HEALTH LAURENS COUNTY HOSPITAL,1,Acute Care Hospitals,Voluntary non-profit - Private,Yes,SC,0.0,0.0,0.5,0.0,0.2,0.0
420043,CHEROKEE MEDICAL CENTER,0,Acute Care Hospitals,Government - Hospital District or Authority,Yes,SC,0.0,0.0,0.0,0.0,0.2,0.2
420048,KERSHAWHEALTH,0,Acute Care Hospitals,Proprietary,Yes,SC,0.0,0.2,0.0,0.0,0.2857142857142857,0.0
420049,CONWAY MEDICAL CENTER,0,Acute Care Hospitals,Voluntary non-profit - Private,Yes,SC,0.0,0.1666666666666666,0.1428571428571428,0.0,0.0,0.1111111111111111
420051,MCLEOD REGIONAL MEDICAL CENTER-PEE DEE,0,Acute Care Hospitals,Voluntary non-profit - Private,Yes,SC,0.0,0.0,0.2857142857142857,0.0,0.0909090909090909,0.1818181818181818
420053,NEWBERRY COUNTY MEMORIAL HOSPITAL,0,Acute Care Hospitals,Voluntary non-profit - Other,Yes,SC,0.0,0.3333333333333333,0.0,0.0,0.0,0.125
420055,MUSC HEALTH MARION MEDICAL CENTER,0,Acute Care Hospitals,Government - State,Yes,SC,0.0,0.0,,,0.0,0.0
420065,BON SECOURS-ST FRANCIS XAVIER HOSPITAL,0,Acute Care Hospitals,Voluntary non-profit - Private,Yes,SC,0.0,0.0,0.1428571428571428,0.1428571428571428,0.0,0.25
420067,BEAUFORT COUNTY MEMORIAL HOSPITAL,1,Acute Care Hospitals,Government - Local,Yes,SC,0.0,0.0,0.1428571428571428,0.0,0.0,0.0
420070,PRISMA HEALTH TUOMEY HOSPITAL,0,Acute Care Hospitals,Voluntary non-profit - Private,Yes,SC,0.0,0.1666666666666666,0.1666666666666666,0.0,0.0,0.1666666666666666
420071,SELF REGIONAL HEALTHCARE,1,Acute Care Hospitals,Voluntary non-profit - Private,Yes,SC,0.0,0.0,0.5714285714285714,0.0,0.0,0.0909090909090909
420073,LEXINGTON MEDICAL CENTER,0,Acute Care Hospitals,Voluntary non-profit - Private,Yes,SC,0.0,0.125,0.5,0.0,0.0,0.2727272727272727
420078,PRISMA HEALTH GREENVILLE MEMORIAL HOSPITAL,1,Acute Care Hospitals,Voluntary non-profit - Private,No,SC,0.25,0.0,0.5714285714285714,0.0,0.0,0.0
420079,TRIDENT MEDICAL CENTER,0,Acute Care Hospitals,Proprietary,Yes,SC,0.0,0.0,0.125,0.0,0.0,0.1818181818181818
420080,NOVANT HEALTH HILTON HEAD MEDICAL CENTER,0,Acute Care Hospitals,Voluntary non-profit - Other,Yes,SC,0.0,0.0,0.2,0.0,0.0909090909090909,0.0909090909090909
420082,AIKEN REGIONAL MEDICAL CENTER,0,Acute Care Hospitals,Proprietary,Yes,SC,0.0,0.1428571428571428,0.25,0.0,0.1428571428571428,0.0
420085,GRAND STRAND REGIONAL MEDICAL CENTER,0,Acute Care Hospitals,Proprietary,Yes,SC,0.0,0.125,0.2857142857142857,0.0,0.1111111111111111,0.1111111111111111
420086,PRISMA HEALTH BAPTIST,1,Acute Care Hospitals,Voluntary non-profit - Private,Yes,SC,0.0,0.0,0.125,0.0,0.1428571428571428,0.0
420087,ROPER HOSPITAL,1,Acute Care Hospitals,Voluntary non-profit - Private,Yes,SC,0.125,0.0,0.5,0.0,0.0,0.2222222222222222
420089,NOVANT HEALTH EAST COOPER MEDICAL CENTER,1,Acute Care Hospitals,Proprietary,Yes,SC,0.0,0.0,0.0,0.0,0.1666666666666666,0.0
420091,MUSC HEALTH FLORENCE MEDICAL CENTER,0,Acute Care Hospitals,Government - State,Yes,SC,0.0,0.0,0.1666666666666666,0.0,0.1111111111111111,0.1111111111111111
420098,TIDELANDS WACCAMAW COMMUNITY HOSPITAL,1,Acute Care Hospitals,Voluntary non-profit - Private,Yes,SC,0.0,0.0,0.0,0.0,0.1428571428571428,0.0
420101,COASTAL CAROLINA HOSPITAL,1,Acute Care Hospitals,Proprietary,Yes,SC,0.0,0.0,0.0,0.0,0.25,0.0
420102,PRISMA HEALTH  PATEWOOD HOSPITAL,1,Acute Care Hospitals,Voluntary non-profit - Private,No,SC,0.0,0.0,0.0,0.0,0.25,0.0
420103,PELHAM MEDICAL CENTER,1,Acute Care Hospitals,Government - Hospital District or Authority,Yes,SC,0.0,0.0,0.0,0.0,0.1666666666666666,0.1666666666666666
420104,MOUNT PLEASANT HOSPITAL,1,Acute Care Hospitals,Voluntary non-profit - Private,Yes,SC,0.0,0.0,0.0,0.0,0.1428571428571428,0.2857142857142857
420105,MCLEOD LORIS  HOSPITAL,1,Acute Care Hospitals,Voluntary non-profit - Private,No,SC,0.0,0.1428571428571428,0.1428571428571428,0.0,0.125,0.25
420106,PRISMA HEALTH BAPTIST PARKRIDGE,1,Acute Care Hospitals,Voluntary non-profit - Private,Yes,SC,0.0,0.0,0.0,0.0,0.4,0.0
420107,MCLEOD HEALTH CHERAW,0,Acute Care Hospitals,Voluntary non-profit - Private,Yes,SC,0.0,0.0,0.3333333333333333,0.0,0.0,0.1666666666666666
420109,MCLEOD HEALTH CLARENDON,0,Acute Care Hospitals,Voluntary non-profit - Private,Yes,SC,0.0,0.0,0.0,0.0,0.0,0.0
420110,ROPER ST FRANCIS HOSPITAL-BERKELEY INC,1,Acute Care Hospitals,Voluntary non-profit - Private,Yes,SC,0.0,0.0,0.0,0.0,0.0,0.0
42011F,COLUMBIA SC VA MEDICAL CENTER,1,Acute Care - Veterans Administration,Veterans Health Administration,Yes,SC,0.0,0.0,0.0,0.0,0.2,0.0
42029F,CHARLESTON VA MEDICAL CENTER,1,Acute Care - Veterans Administration,Veterans Health Administration,Yes,SC,0.4,0.0,0.0,0.0,0.0,0.1666666666666666
430005,"PRAIRIE LAKES HEALTHCARE SYSTEM, INC",0,Acute Care Hospitals,Voluntary non-profit - Private,Yes,SD,0.0,0.0,0.0,0.0,0.0,0.1111111111111111
430008,BROOKINGS HEALTH SYSTEM,1,Acute Care Hospitals,Government - Local,Yes,SD,0.0,0.0,0.0,0.0,0.0,0.0
430012,AVERA SACRED HEART HOSPITAL,0,Acute Care Hospitals,Voluntary non-profit - Private,Yes,SD,0.0,0.0,0.0,0.0,0.0,0.0
430014,AVERA ST LUKES,1,Acute Care Hospitals,Voluntary non-profit - Church,Yes,SD,0.0,0.0,0.0,0.0,0.2222222222222222,0.1111111111111111
430015,AVERA ST MARY'S HOSPITAL,0,Acute Care Hospitals,Voluntary non-profit - Private,Yes,SD,0.0,0.2,0.0,0.0,0.1111111111111111,0.0
430016,AVERA MCKENNAN HOSPITAL & UNIVERSITY HEALTH CENTER,1,Acute Care Hospitals,Voluntary non-profit - Private,Yes,SD,0.1428571428571428,0.0,0.25,0.0,0.2222222222222222,0.1111111111111111
430027,SANFORD USD MEDICAL CENTER,1,Acute Care Hospitals,Voluntary non-profit - Private,Yes,SD,0.5,0.0,0.375,0.0,0.1818181818181818,0.0
43002F,VA BLACK HILLS HEALTHCARE SYSTEM,1,Acute Care - Veterans Administration,Veterans Health Administration,Yes,SD,0.0,0.0,0.0,0.0,0.0,0.0
430048,MONUMENT HEALTH SPEARFISH HOSPITAL,1,Acute Care Hospitals,Voluntary non-profit - Private,Yes,SD,0.0,0.0,0.0,0.0,0.0,0.2
43005F,SIOUX FALLS VA MEDICAL CENTER,1,Acute Care - Veterans Administration,Veterans Health Administration,Yes,SD,0.0,0.0,0.0,0.0,0.4,0.0
430077,MONUMENT HEALTH RAPID CITY HOSPITAL,0,Acute Care Hospitals,Voluntary non-profit - Private,Yes,SD,0.0,0.0,0.2857142857142857,0.0,0.0909090909090909,0.0909090909090909
430095,AVERA HEART HOSPITAL OF SOUTH DAKOTA,1,Acute Care Hospitals,Proprietary,Yes,SD,0.0,0.0,0.5,0.0,0.2,0.0
430097,SANFORD MEDICAL CENTER ABERDEEN,1,Acute Care Hospitals,Voluntary non-profit - Private,Yes,SD,0.0,0.0,0.0,0.0,0.0,0.0
431316,COMMUNITY MEMORIAL HOSPITAL,1,Critical Access Hospitals,Government - Local,Yes,SD,0.0,0.0,,,0.25,0.0
431330,AVERA ST BENEDICT HEALTH CENTER - CAH,1,Critical Access Hospitals,Voluntary non-profit - Private,No,SD,0.0,0.0,,,0.0,0.0
431335,HURON REGIONAL MEDICAL CENTER,0,Critical Access Hospitals,Voluntary non-profit - Private,Yes,SD,0.0,0.3333333333333333,,,0.0,0.0
431339,COTEAU DES PRAIRIES HEALTH CARE SYSTEM,1,Critical Access Hospitals,Voluntary non-profit - Private,Yes,SD,0.0,0.0,,,0.0,0.0
431340,AVERA QUEEN OF PEACE,1,Critical Access Hospitals,Voluntary non-profit - Private,Yes,SD,0.0,0.0,0.0,0.0,0.2222222222222222,0.0
440002,JACKSON-MADISON COUNTY GENERAL HOSPITAL,0,Acute Care Hospitals,Government - Hospital District or Authority,Yes,TN,0.0,0.125,0.5,0.1666666666666666,0.1,0.1
440003,HIGHPOINT HEALTH-SUMNER WITH ASCENSION SAINT THOMA,0,Acute Care Hospitals,Proprietary,Yes,TN,0.0,0.0,0.3333333333333333,0.0,0.1666666666666666,0.0
440006,TRISTAR SKYLINE MEDICAL CENTER,0,Acute Care Hospitals,Voluntary non-profit - Private,Yes,TN,0.0,0.1428571428571428,0.2857142857142857,0.0,0.0,0.1428571428571428
440007,UNITY MEDICAL CENTER,0,Acute Care Hospitals,Voluntary non-profit - Private,Yes,TN,0.0,0.0,0.0,0.0,0.0,0.0
440009,CUMBERLAND MEDICAL CENTER,1,Acute Care Hospitals,Voluntary non-profit - Private,Yes,TN,0.0,0.0,0.1666666666666666,0.0,0.125,0.125
440011,BLOUNT MEMORIAL HOSPITAL,0,Acute Care Hospitals,Government - Local,Yes,TN,0.0,0.4285714285714285,0.1666666666666666,0.1666666666666666,0.2,0.1
440012,WELLMONT BRISTOL REGIONAL MEDICAL CENTER,0,Acute Care Hospitals,Government - Hospital District or Authority,Yes,TN,0.0,0.125,0.1428571428571428,0.0,0.0,0.1818181818181818
440015,"UNIVERSITY HEALTH SYSTEM, INC",1,Acute Care Hospitals,Voluntary non-profit - Private,Yes,TN,0.0,0.25,0.5,0.125,0.2727272727272727,0.0
440016,BAPTIST MEMORIAL HOSPITAL - CARROLL COUNTY,1,Acute Care Hospitals,Voluntary non-profit - Private,Yes,TN,0.0,0.0,0.0,0.0,0.2,0.2
440017,WELLMONT HOLSTON VALLEY MEDICAL CENTER,0,Acute Care Hospitals,Voluntary non-profit - Private,Yes,TN,0.0,0.125,0.1428571428571428,0.0,0.0,0.0
440018,SYCAMORE SHOALS HOSPITAL,0,Acute Care Hospitals,Voluntary non-profit - Private,Yes,TN,0.0,0.0,0.0,0.0,0.0,0.1428571428571428
440020,SOUTHERN TENNESSEE REGIONAL HEALTH SYSTEM PULASKI,0,Acute Care Hospitals,Proprietary,Yes,TN,0.0,0.0,0.0,0.0,0.1666666666666666,0.0
440029,WILLIAMSON MEDICAL CENTER,1,Acute Care Hospitals,Government - Hospital District or Authority,Yes,TN,0.0,0.0,0.125,0.0,0.375,0.0
440030,MORRISTOWN HAMBLEN HOSPITAL ASSOCIATION,0,Acute Care Hospitals,Government - Local,Yes,TN,0.0,0.0,0.1666666666666666,0.0,0.0,0.25
440031,ROANE MEDICAL CENTER,1,Acute Care Hospitals,Government - Hospital District or Authority,Yes,TN,0.0,0.0,0.3333333333333333,0.0,0.0,0.1666666666666666
440033,LAFOLLETTE MEDICAL CENTER,0,Acute Care Hospitals,Voluntary non-profit - Church,Yes,TN,0.0,0.0,0.0,0.0,0.0,0.0
440034,METHODIST MEDICAL CENTER OF OAK RIDGE,1,Acute Care Hospitals,Voluntary non-profit - Private,Yes,TN,0.0,0.0,0.1428571428571428,0.0,0.1111111111111111,0.0
440035,VANDERBILT CLARKSVILLE HOSPITAL,0,Acute Care Hospitals,Proprietary,Yes,TN,0.0,0.4285714285714285,0.1666666666666666,0.0,0.0,0.4285714285714285
440039,VANDERBILT UNIVERSITY MEDICAL CENTER,1,Acute Care Hospitals,Voluntary non-profit - Private,Yes,TN,0.25,0.0,0.375,0.0,0.1818181818181818,0.0
440046,TRISTAR HORIZON MEDICAL CENTER,0,Acute Care Hospitals,Proprietary,Yes,TN,0.0,0.0,0.1666666666666666,0.0,0.125,0.25
440048,BAPTIST MEMORIAL HOSPITAL,0,Acute Care Hospitals,Voluntary non-profit - Private,Yes,TN,0.0,0.0,0.375,0.25,0.0,0.1818181818181818
440049,METHODIST HOSPITALS OF MEMPHIS,0,Acute Care Hospitals,Voluntary non-profit - Church,Yes,TN,0.0,0.0,0.625,0.0,0.0,0.0909090909090909
440050,GREENEVILLE COMMUNITY HOSPITAL,0,Acute Care Hospitals,Voluntary non-profit - Private,Yes,TN,0.0,0.0,0.1666666666666666,0.0,0.0,0.1666666666666666
440053,SAINT THOMAS RUTHERFORD HOSPITAL,0,Acute Care Hospitals,Voluntary non-profit - Church,Yes,TN,0.0,0.0,0.2857142857142857,0.0,0.1111111111111111,0.0
440056,TENNOVA HEALTHCARE-JEFFERSON MEMORIAL HOSPITAL,0,Acute Care Hospitals,Proprietary,Yes,TN,0.0,0.0,0.5,0.0,0.1666666666666666,0.1666666666666666
440058,SOUTHERN TENNESSEE REGIONAL HEALTH SYSTEM WINCHEST,0,Acute Care Hospitals,Proprietary,Yes,TN,0.0,0.1666666666666666,0.0,0.0,0.125,0.0
440059,COOKEVILLE REGIONAL MEDICAL CENTER,0,Acute Care Hospitals,Government - Local,Yes,TN,0.0,0.0,0.2857142857142857,0.0,0.0,0.2727272727272727
440061,VOLUNTEER COMMUNITY HOSPITAL,0,Acute Care Hospitals,Proprietary,Yes,TN,0.0,0.25,0.0,0.0,0.0,0.0
440063,JOHNSON CITY MEDICAL CENTER,0,Acute Care Hospitals,Voluntary non-profit - Private,Yes,TN,0.0,0.25,0.2857142857142857,0.0,0.0909090909090909,0.0
440065,TRISTAR NORTHCREST MEDICAL CENTER,0,Acute Care Hospitals,Voluntary non-profit - Other,Yes,TN,0.0,0.0,0.5,0.0,0.0,0.1666666666666666
440068,STARR REGIONAL MEDICAL CENTER ATHENS,0,Acute Care Hospitals,Proprietary,Yes,TN,0.0,0.2,0.0,0.0,0.0,0.0
440072,DYERSBURG REGIONAL MEDICAL CENTER,1,Acute Care Hospitals,Proprietary,Yes,TN,0.0,0.25,0.0,0.0,0.1666666666666666,0.1666666666666666
440073,MAURY REGIONAL HOSPITAL,0,Acute Care Hospitals,Government - Local,Yes,TN,0.0,0.2857142857142857,0.4285714285714285,0.1428571428571428,0.1,0.1
440081,LECONTE MEDICAL CENTER,1,Acute Care Hospitals,Voluntary non-profit - Other,Yes,TN,0.0,0.0,0.3333333333333333,0.0,0.125,0.0
440082,ASCENSION SAINT THOMAS HOSPITAL,0,Acute Care Hospitals,Voluntary non-profit - Private,Yes,TN,0.0,0.125,0.5,0.0,0.2727272727272727,0.0909090909090909
440084,SWEETWATER HOSPITAL ASSOCIATION,0,Acute Care Hospitals,Voluntary non-profit - Private,Yes,TN,0.0,0.0,0.0,0.0,0.0,0.3333333333333333
440091,"MEMORIAL HEALTHCARE SYSTEM, INC",1,Acute Care Hospitals,Voluntary non-profit - Church,No,TN,0.0,0.125,0.375,0.0,0.1818181818181818,0.0
440102,LINCOLN MEDICAL CENTER,0,Acute Care Hospitals,Government - Local,Yes,TN,0.0,0.0,0.0,0.0,0.0,0.25
440104,ERLANGER MEDICAL CENTER,1,Acute Care Hospitals,Government - Hospital District or Authority,Yes,TN,0.0,0.0,0.375,0.0,0.2727272727272727,0.0909090909090909
440109,HARDIN MEDICAL CENTER,0,Acute Care Hospitals,Government - Local,Yes,TN,0.0,0.3333333333333333,0.0,0.0,0.0,0.1666666666666666
440110,FORT LOUDOUN MEDICAL CENTER,1,Acute Care Hospitals,Voluntary non-profit - Other,Yes,TN,0.0,0.0,0.3333333333333333,0.0,0.0,0.0
440111,METRO NASHVILLE GENERAL HOSPITAL,1,Acute Care Hospitals,Government - Hospital District or Authority,Yes,TN,0.0,0.0,0.3333333333333333,0.0,0.0,0.0
440120,PHYSICIANS REGIONAL MEDICAL CENTER,0,Acute Care Hospitals,Proprietary,Yes,TN,0.0,0.0,0.4285714285714285,0.0,0.0,0.3333333333333333
440125,FORT SANDERS REGIONAL MEDICAL CENTER,0,Acute Care Hospitals,Voluntary non-profit - Private,Yes,TN,0.0,0.0,0.5,0.0,0.0909090909090909,0.1818181818181818
440130,BAPTIST MEMORIAL HOSPITAL UNION CITY,1,Acute Care Hospitals,Voluntary non-profit - Private,Yes,TN,0.0,0.0,0.0,0.0,0.0,0.0
440131,BAPTIST MEMORIAL HOSPITAL TIPTON,0,Acute Care Hospitals,Voluntary non-profit - Church,Yes,TN,0.0,0.0,0.0,0.0,0.0,0.2857142857142857
440132,WEST TENNESSEE HEALTHCARE HENRY COUNTY HOSPITAL,0,Acute Care Hospitals,Government - Hospital District or Authority,Yes,TN,0.0,0.0,0.0,0.0,0.3333333333333333,0.0
440137,VANDERBILT BEDFORD HOSPITAL,1,Acute Care Hospitals,Proprietary,Yes,TN,0.0,0.0,0.0,0.0,0.1666666666666666,0.0
44013F,MEMPHIS VA MEDICAL CENTER,0,Acute Care - Veterans Administration,Veterans Health Administration,Yes,TN,0.6,0.0,0.0,0.0,0.0,0.4
440144,VANDERBILT TULLAHOMA-HARTON HOSPITAL,0,Acute Care Hospitals,Voluntary non-profit - Other,Yes,TN,0.0,0.0,0.0,0.0,0.0,0.1428571428571428
440150,TRISTAR SUMMIT MEDICAL CENTER,1,Acute Care Hospitals,Proprietary,Yes,TN,0.0,0.0,0.2857142857142857,0.0,0.25,0.0
440151,SAINT THOMAS RIVER PARK HOSPITAL,0,Acute Care Hospitals,Voluntary non-profit - Private,Yes,TN,0.0,0.0,0.0,0.0,0.0,0.1666666666666666
440152,REGIONAL ONE HEALTH,0,Acute Care Hospitals,Government - Hospital District or Authority,Yes,TN,0.0,0.0,0.3333333333333333,0.1666666666666666,0.0,0.0
440153,TENNOVA HEALTHCARE - NEWPORT MEDICAL CENTER,1,Acute Care Hospitals,Proprietary,Yes,TN,0.0,0.0,0.0,0.0,0.0,0.0
440156,PARKRIDGE MEDICAL CENTER,1,Acute Care Hospitals,Proprietary,Yes,TN,0.0,0.0,0.25,0.0,0.0,0.3333333333333333
440161,TRISTAR CENTENNIAL MEDICAL CENTER,1,Acute Care Hospitals,Proprietary,Yes,TN,0.0,0.0,0.5,0.0,0.0909090909090909,0.2727272727272727
44016F,MOUNTAIN HOME VA MEDICAL CENTER,1,Acute Care - Veterans Administration,Veterans Health Administration,Yes,TN,0.4,0.0,0.0,0.0,0.1666666666666666,0.1666666666666666
440173,PARKWEST MEDICAL CENTER,0,Acute Care Hospitals,Voluntary non-profit - Private,Yes,TN,0.0,0.125,0.1428571428571428,0.0,0.1111111111111111,0.0
440175,SOUTHERN TENNESSEE REGIONAL HEALTH SYSTEM LAWRENCE,0,Acute Care Hospitals,Voluntary non-profit - Other,Yes,TN,0.0,0.0,0.0,0.0,0.3333333333333333,0.0
440183,ST FRANCIS HOSPITAL,0,Acute Care Hospitals,Proprietary,Yes,TN,0.0,0.0,0.375,0.0,0.1,0.2
440184,FRANKLIN WOODS COMMUNITY HOSPITAL,0,Acute Care Hospitals,Voluntary non-profit - Private,Yes,TN,0.0,0.0,0.2,0.0,0.2,0.0
440185,AFFILIATE OF VITRUVIAN HEALTH,0,Acute Care Hospitals,Proprietary,Yes,TN,0.0,0.0,0.1428571428571428,0.0,0.0,0.125
440187,LIVINGSTON REGIONAL HOSPITAL,0,Acute Care Hospitals,Proprietary,Yes,TN,0.0,0.25,0.0,0.0,0.0,0.2
44018F,VA MIDDLE TENNESSEE HEALTHCARE SYSTEM,1,Acute Care - Veterans Administration,Veterans Health Administration,Yes,TN,0.4,0.0,0.0,0.0,0.0,0.1666666666666666
440193,VANDERBILT WILSON COUNTY HOSPITAL,1,Acute Care Hospitals,Voluntary non-profit - Private,Yes,TN,0.0,0.0,0.2,0.0,0.1,0.0
440194,TRISTAR HENDERSONVILLE MEDICAL CENTER,1,Acute Care Hospitals,Proprietary,Yes,TN,0.0,0.0,0.1428571428571428,0.0,0.125,0.0
440197,TRISTAR SOUTHERN HILLS MEDICAL CENTER,1,Acute Care Hospitals,Proprietary,Yes,TN,0.0,0.0,0.1666666666666666,0.0,0.2,0.2
440227,TRISTAR STONECREST MEDICAL CENTER,1,Acute Care Hospitals,Proprietary,Yes,TN,0.0,0.0,0.1666666666666666,0.0,0.0,0.1428571428571428
440228,SAINT FRANCIS BARTLETT MEDICAL CENTER,0,Acute Care Hospitals,Proprietary,Yes,TN,0.0,0.2857142857142857,0.1666666666666666,0.0,0.1428571428571428,0.1428571428571428
441305,MACON COMMUNITY HOSPITAL,0,Critical Access Hospitals,Voluntary non-profit - Private,Yes,TN,0.0,0.0,,,0.0,0.4
441307,HIGHPOINT HEALTH-RIVERVIEW WITH ASCENSION SAINT TH,1,Critical Access Hospitals,Proprietary,Yes,TN,0.0,0.0,0.0,0.0,0.0,0.0
441310,RHEA MEDICAL CENTER,0,Critical Access Hospitals,Government - Local,Yes,TN,0.0,0.0,,,0.0,0.0
450002,THE HOSPITALS OF PROVIDENCE - MEMORIAL CAMPUS,0,Acute Care Hospitals,Proprietary,Yes,TX,0.0,0.0,0.5714285714285714,0.0,0.0,0.1428571428571428
450007,PETERSON REGIONAL MEDICAL CENTER,1,Acute Care Hospitals,Voluntary non-profit - Private,Yes,TX,0.0,0.0,0.2,0.2,0.1428571428571428,0.1428571428571428
450010,UNITED REGIONAL HEALTH CARE SYSTEM,0,Acute Care Hospitals,Voluntary non-profit - Private,Yes,TX,0.0,0.0,0.2857142857142857,0.1428571428571428,0.0909090909090909,0.0
450011,CHI ST JOSEPH HEALTH REGIONAL HOSPITAL,0,Acute Care Hospitals,Voluntary non-profit - Private,Yes,TX,0.0,0.0,0.2857142857142857,0.0,0.1111111111111111,0.1111111111111111
450015,PARKLAND HEALTH & HOSPITAL SYSTEM,0,Acute Care Hospitals,Government - Hospital District or Authority,Yes,TX,0.0,0.0,0.1428571428571428,0.1428571428571428,0.0,0.0
450018,UNIVERSITY OF TEXAS MEDICAL BRANCH GALVESTON,0,Acute Care Hospitals,Government - State,Yes,TX,0.375,0.0,0.1428571428571428,0.0,0.0,0.3
450021,BAYLOR UNIVERSITY MEDICAL CENTER,1,Acute Care Hospitals,Voluntary non-profit - Private,Yes,TX,0.25,0.0,0.5,0.125,0.2727272727272727,0.0909090909090909
450023,CITIZENS MEDICAL CENTER,0,Acute Care Hospitals,Voluntary non-profit - Other,Yes,TX,0.0,0.0,0.3333333333333333,0.0,0.0,0.2
450024,UNIVERSITY MEDICAL CENTER OF EL PASO,0,Acute Care Hospitals,Physician,Yes,TX,0.0,0.0,0.3333333333333333,0.0,0.0,0.125
450028,VALLEY BAPTIST MEDICAL CENTER- BROWNSVILLE,0,Acute Care Hospitals,Proprietary,Yes,TX,0.0,0.0,0.2857142857142857,0.0,0.1428571428571428,0.0
450029,LAREDO MEDICAL CENTER,1,Acute Care Hospitals,Proprietary,Yes,TX,0.1428571428571428,0.0,0.6666666666666666,0.0,0.0,0.0
450032,CHRISTUS GOOD SHEPHERD MEDICAL CENTER,1,Acute Care Hospitals,Voluntary non-profit - Private,Yes,TX,0.0,0.0,0.3333333333333333,0.0,0.125,0.25
450033,VHS HARLINGEN HOSPITAL COMPANY LLC,0,Acute Care Hospitals,Proprietary,Yes,TX,0.0,0.0,0.25,0.0,0.1,0.2
450034,CHRISTUS SOUTHEAST TEXAS- ST ELIZABETH,1,Acute Care Hospitals,Voluntary non-profit - Private,Yes,TX,0.0,0.25,0.4285714285714285,0.0,0.25,0.25
450035,ST JOSEPH MEDICAL CENTER,0,Acute Care Hospitals,Physician,Yes,TX,0.0,0.0,0.2,0.0,0.0,0.0
450039,JPS HEALTH NETWORK,1,Acute Care Hospitals,Government - Hospital District or Authority,Yes,TX,0.0,0.0,0.2857142857142857,0.1428571428571428,0.0,0.125
450040,COVENANT MEDICAL CENTER,0,Acute Care Hospitals,Voluntary non-profit - Private,Yes,TX,0.0,0.125,0.3333333333333333,0.0,0.25,0.0
450042,ASCENSION PROVIDENCE,0,Acute Care Hospitals,Voluntary non-profit - Private,Yes,TX,0.0,0.125,0.1666666666666666,0.0,0.0,0.1111111111111111
450044,UT OF TEXAS  SOUTHWESTERN UNIVERSITY HOSPITAL - WILLIAM P. CLEMENTS JR.,1,Acute Care Hospitals,Government - State,Yes,TX,0.5,0.0,0.5,0.0,0.0,0.3636363636363636
450046,CHRISTUS SPOHN HOSPITAL CORPUS CHRISTI,0,Acute Care Hospitals,Voluntary non-profit - Private,Yes,TX,0.0,0.0,0.5714285714285714,0.0,0.0,0.0909090909090909
450051,METHODIST DALLAS MEDICAL CENTER,0,Acute Care Hospitals,Voluntary non-profit - Other,Yes,TX,0.0,0.0,0.2857142857142857,0.0,0.0,0.1666666666666666
450054,BAYLOR SCOTT & WHITE MEDICAL CENTER - TEMPLE,1,Acute Care Hospitals,Voluntary non-profit - Private,Yes,TX,0.25,0.0,0.375,0.0,0.1818181818181818,0.0909090909090909
450056,ASCENSION SETON MEDICAL CENTER AUSTIN,0,Acute Care Hospitals,Voluntary non-profit - Private,Yes,TX,0.125,0.0,0.1428571428571428,0.0,0.0,0.1818181818181818
450058,BAPTIST MEDICAL CENTER,0,Acute Care Hospitals,Proprietary,Yes,TX,0.0,0.0,0.5,0.0,0.2727272727272727,0.0909090909090909
450064,TEXAS HEALTH ARLINGTON MEMORIAL HOSPITAL,1,Acute Care Hospitals,Voluntary non-profit - Private,Yes,TX,0.0,0.0,0.5,0.0,0.0,0.0
450068,MEMORIAL HERMANN - TEXAS MEDICAL CENTER,1,Acute Care Hospitals,Voluntary non-profit - Private,Yes,TX,0.125,0.0,0.5714285714285714,0.0,0.2,0.2
450072,CHI ST LUKE'S HEALTH BRAZOSPORT,1,Acute Care Hospitals,Voluntary non-profit - Private,Yes,TX,0.0,0.0,0.0,0.0,0.0,0.125
450079,BAYLOR SCOTT & WHITE MEDICAL CENTER AT IRVING,1,Acute Care Hospitals,Voluntary non-profit - Private,Yes,TX,0.1428571428571428,0.0,0.3333333333333333,0.0,0.0,0.0
450080,TITUS REGIONAL MEDICAL CENTER,0,Acute Care Hospitals,Government - Hospital District or Authority,Yes,TX,0.0,0.0,0.0,0.0,0.0,0.0
450082,CHRISTUS SPOHN HOSPITAL BEEVILLE,0,Acute Care Hospitals,Voluntary non-profit - Private,Yes,TX,0.0,0.0,0.0,0.0,0.0,0.0
450083,UT HEALTH EAST TEXAS TYLER REGIONAL HOSPITAL,0,Acute Care Hospitals,Proprietary,Yes,TX,0.0,0.25,0.1428571428571428,0.0,0.0,0.3636363636363636
450087,MEDICAL CITY NORTH HILLS,0,Acute Care Hospitals,Proprietary,Yes,TX,0.0,0.0,0.2,0.0,0.0,0.125
450090,NORTH TEXAS MEDICAL CENTER,1,Acute Care Hospitals,Voluntary non-profit - Private,Yes,TX,0.0,0.0,0.0,0.0,0.1428571428571428,0.0
450092,FORT DUNCAN MEDICAL CENTER,0,Acute Care Hospitals,Proprietary,Yes,TX,0.0,0.0,0.3333333333333333,0.0,0.0,0.25
450097,HCA HOUSTON HEALTHCARE SOUTHEAST,0,Acute Care Hospitals,Proprietary,Yes,TX,0.0,0.0,0.125,0.0,0.0,0.1428571428571428
450101,BAYLOR SCOTT & WHITE MEDICAL CENTER HILLCREST,1,Acute Care Hospitals,Voluntary non-profit - Private,Yes,TX,0.0,0.0,0.375,0.0,0.2,0.0
450102,CHRISTUS MOTHER FRANCES HOSPITAL,1,Acute Care Hospitals,Voluntary non-profit - Private,Yes,TX,0.0,0.125,0.375,0.0,0.4545454545454545,0.0909090909090909
450104,GUADALUPE REGIONAL MEDICAL CENTER,0,Acute Care Hospitals,Government - Local,Yes,TX,0.0,0.0,0.0,0.0,0.0,0.2857142857142857
450107,LAS PALMAS MEDICAL CENTER A CAMPUS OF LPDS HEALTHC,0,Acute Care Hospitals,Proprietary,Yes,TX,0.0,0.0,0.375,0.0,0.0,0.1818181818181818
450108,CONNALLY MEMORIAL MEDICAL CENTER,0,Acute Care Hospitals,Government - Hospital District or Authority,Yes,TX,0.0,0.0,0.0,0.0,0.0,0.0
450119,SOUTH TEXAS HEALTH SYSTEM,1,Acute Care Hospitals,Proprietary,Yes,TX,0.0,0.0,0.5,0.0,0.125,0.125
450124,DELL SETON  MED CENTER AT THE UNIVERSITY OF TX,1,Acute Care Hospitals,Voluntary non-profit - Private,No,TX,0.0,0.0,0.1428571428571428,0.0,0.0,0.0
450128,KNAPP MEDICAL CENTER,1,Acute Care Hospitals,Voluntary non-profit - Private,Yes,TX,0.0,0.0,0.1666666666666666,0.0,0.25,0.0
450132,MEDICAL CENTER HOSPITAL,0,Acute Care Hospitals,Government - Hospital District or Authority,Yes,TX,0.0,0.0,0.3333333333333333,0.0,0.0,0.125
450133,MIDLAND MEMORIAL HOSPITAL,0,Acute Care Hospitals,Government - Hospital District or Authority,Yes,TX,0.0,0.5,0.1666666666666666,0.0,0.0,0.25
450135,TEXAS HEALTH HARRIS METHODIST FORT WORTH,1,Acute Care Hospitals,Voluntary non-profit - Private,Yes,TX,0.125,0.125,0.7142857142857143,0.0,0.125,0.0
450137,BAYLOR SCOTT AND WHITE ALL SAINTS MEDICAL CENTER,1,Acute Care Hospitals,Voluntary non-profit - Private,Yes,TX,0.125,0.0,0.2857142857142857,0.0,0.0,0.3
450147,DE TAR HOSPITAL NAVARRO,0,Acute Care Hospitals,Proprietary,Yes,TX,0.0,0.0,0.1666666666666666,0.0,0.1111111111111111,0.1111111111111111
450148,TEXAS HEALTH HARRIS METHODIST HOSPITAL CLEBURNE,1,Acute Care Hospitals,Voluntary non-profit - Private,Yes,TX,0.0,0.0,0.3333333333333333,0.0,0.1666666666666666,0.0
450152,ADVENTHEALTH CENTRAL TEXAS,0,Acute Care Hospitals,Voluntary non-profit - Church,Yes,TX,0.0,0.1666666666666666,0.0,0.0,0.0,0.1428571428571428
450154,VAL VERDE REGIONAL MEDICAL CENTER,0,Acute Care Hospitals,Government - Hospital District or Authority,Yes,TX,0.0,0.0,0.0,0.0,0.0,0.0
450163,CHRISTUS SPOHN HOSPITAL KLEBERG,0,Acute Care Hospitals,Voluntary non-profit - Private,Yes,TX,0.0,0.0,0.0,0.0,0.25,0.0
450165,METHODIST HOSPITAL ATASCOSA,0,Acute Care Hospitals,Proprietary,Yes,TX,0.0,0.0,0.0,0.0,0.0,0.0
450176,MISSION REGIONAL MEDICAL CENTER,1,Acute Care Hospitals,Voluntary non-profit - Private,Yes,TX,0.3333333333333333,0.0,0.1666666666666666,0.0,0.0,0.1666666666666666
450184,MEMORIAL HERMANN HOSPITAL SYSTEM,0,Acute Care Hospitals,Voluntary non-profit - Private,Yes,TX,0.375,0.125,0.5,0.125,0.0,0.3333333333333333
450193,Baylor St Lukes Medical Center,1,Acute Care Hospitals,Voluntary non-profit - Church,Yes,TX,0.25,0.0,0.4285714285714285,0.0,0.0,0.1
450196,PARIS REGIONAL MEDICAL CENTER,0,Acute Care Hospitals,Proprietary,Yes,TX,0.0,0.0,0.1428571428571428,0.0,0.0,0.125
450203,MEDICAL CITY WEATHERFORD,0,Acute Care Hospitals,Proprietary,Yes,TX,0.0,0.0,0.1666666666666666,0.0,0.0,0.25
450209,NORTHWEST TEXAS HOSPITAL,0,Acute Care Hospitals,Voluntary non-profit - Private,Yes,TX,0.0,0.0,0.1428571428571428,0.0,0.125,0.0
450210,UT HEALTH EAST TEXAS CARTHAGE HOSPITAL,1,Acute Care Hospitals,Proprietary,Yes,TX,0.0,0.0,,,0.25,0.0
450211,CHI ST LUKES HEALTH MEMORIAL LUFKIN,0,Acute Care Hospitals,Voluntary non-profit - Private,Yes,TX,0.0,0.0,0.1666666666666666,0.0,0.0,0.2857142857142857
450213,UNIVERSITY HEALTH SYSTEM,0,Acute Care Hospitals,Government - Hospital District or Authority,Yes,TX,0.0,0.0,0.7142857142857143,0.0,0.1,0.0
450222,HCA HOUSTON HEALTHCARE CONROE,0,Acute Care Hospitals,Proprietary,Yes,TX,0.0,0.0,0.3333333333333333,0.0,0.125,0.375
450229,HENDRICK MEDICAL CENTER,0,Acute Care Hospitals,Voluntary non-profit - Private,Yes,TX,0.0,0.25,0.125,0.0,0.1818181818181818,0.0
450231,BSA HOSPITAL,0,Acute Care Hospitals,Proprietary,Yes,TX,0.0,0.125,0.5,0.0,0.0909090909090909,0.0909090909090909
450236,CHRISTUS MOTHER FRANCES HOSPITAL SULPHUR SPRINGS,1,Acute Care Hospitals,Voluntary non-profit - Private,Yes,TX,0.0,0.0,0.3333333333333333,0.0,0.0,0.1111111111111111
450237,CHRISTUS SANTA ROSA MEDICAL CENTER,0,Acute Care Hospitals,Voluntary non-profit - Private,Yes,TX,0.0,0.0,0.125,0.125,0.1818181818181818,0.0
450272,CHRISTUS SANTA ROSA HOSPITAL-SAN MARCOS,1,Acute Care Hospitals,Voluntary non-profit - Church,Yes,TX,0.0,0.0,0.3333333333333333,0.0,0.1666666666666666,0.1666666666666666
450289,HARRIS HEALTH,0,Acute Care Hospitals,Government - Hospital District or Authority,Yes,TX,0.0,0.0,0.1428571428571428,0.1428571428571428,0.0,0.2
450324,TEXOMA MEDICAL CENTER,1,Acute Care Hospitals,Proprietary,Yes,TX,0.25,0.0,0.2857142857142857,0.0,0.0,0.3333333333333333
450330,OAKBEND MEDICAL CENTER,0,Acute Care Hospitals,Government - Hospital District or Authority,Yes,TX,0.0,0.0,0.25,0.0,0.1666666666666666,0.0
450346,BAPTIST BEAUMONT HOSPITAL,0,Acute Care Hospitals,Voluntary non-profit - Private,Yes,TX,0.0,0.375,0.3333333333333333,0.0,0.0,0.2
450347,HUNTSVILLE MEMORIAL HOSPITAL,0,Acute Care Hospitals,Voluntary non-profit - Private,Yes,TX,0.0,0.0,0.0,0.0,0.0,0.0
450351,TEXAS HEALTH HARRIS METHODIST HOSPITAL STEPHENVILL,1,Acute Care Hospitals,Voluntary non-profit - Private,Yes,TX,0.0,0.0,0.0,0.0,0.4,0.2
450352,HUNT REGIONAL MEDICAL CENTER,0,Acute Care Hospitals,Government - Hospital District or Authority,Yes,TX,0.0,0.0,0.0,0.0,0.0,0.2
450358,HOUSTON METHODIST HOSPITAL,1,Acute Care Hospitals,Voluntary non-profit - Private,Yes,TX,0.625,0.0,0.75,0.0,0.1818181818181818,0.2727272727272727
450370,COLUMBUS COMMUNITY HOSPITAL,0,Acute Care Hospitals,Voluntary non-profit - Private,Yes,TX,0.0,0.0,0.0,0.0,0.2,0.0
450372,BAYLOR SCOTT & WHITE MEDICAL CENTER- WAXAHACHIE,1,Acute Care Hospitals,Voluntary non-profit - Private,Yes,TX,0.1428571428571428,0.0,0.25,0.0,0.0,0.125
450379,DALLAS MEDICAL CENTER,0,Acute Care Hospitals,Proprietary,Yes,TX,0.0,0.0,0.0,0.0,0.0,0.3333333333333333
450388,METHODIST HOSPITAL,1,Acute Care Hospitals,Proprietary,Yes,TX,0.375,0.0,0.5,0.125,0.0,0.3636363636363636
450389,UT HEALTH EAST TEXAS ATHENS HOSPITAL,0,Acute Care Hospitals,Proprietary,Yes,TX,0.0,0.1666666666666666,0.2,0.2,0.0,0.1666666666666666
450395,CHI ST LUKES HEALTH MEMORIAL LIVINGSTON,1,Acute Care Hospitals,Voluntary non-profit - Private,Yes,TX,0.0,0.0,0.0,0.0,0.0,0.1666666666666666
450403,MEDICAL CENTER OF MCKINNEY,0,Acute Care Hospitals,Proprietary,Yes,TX,0.0,0.0,0.1428571428571428,0.0,0.125,0.25
450419,TEXAS HEALTH HARRIS METHODIST HOSPITAL AZLE,1,Acute Care Hospitals,Voluntary non-profit - Private,Yes,TX,0.0,0.0,0.0,0.0,0.4,0.0
450424,HOUSTON METHODIST BAYTOWN HOSPITAL,1,Acute Care Hospitals,Voluntary non-profit - Private,Yes,TX,0.375,0.0,0.3333333333333333,0.0,0.1,0.0
450431,ST DAVID'S MEDICAL CENTER,1,Acute Care Hospitals,Proprietary,Yes,TX,0.25,0.0,0.1428571428571428,0.0,0.2222222222222222,0.1111111111111111
450447,NAVARRO REGIONAL HOSPITAL,0,Acute Care Hospitals,Government - Hospital District or Authority,Yes,TX,0.0,0.0,0.0,0.0,0.0,0.0
450462,TEXAS HEALTH PRESBYTERIAN HOSPITAL DALLAS,1,Acute Care Hospitals,Voluntary non-profit - Private,Yes,TX,0.0,0.0,0.5,0.0,0.4444444444444444,0.1111111111111111
450465,MATAGORDA REGIONAL MEDICAL CENTER,1,Acute Care Hospitals,Government - Hospital District or Authority,Yes,TX,0.0,0.0,0.0,0.0,0.4,0.0
450469,WILSON N JONES REGIONAL MEDICAL CENTER,0,Acute Care Hospitals,Proprietary,Yes,TX,0.0,0.0,0.0,0.0,0.0,0.2
450475,UT HEALTH EAST TEXAS HENDERSON HOSPITAL,1,Acute Care Hospitals,Proprietary,Yes,TX,0.0,0.0,0.0,0.0,0.25,0.0
450484,WOODLAND HEIGHTS MEDICAL CENTER,0,Acute Care Hospitals,Proprietary,Yes,TX,0.0,0.0,0.1428571428571428,0.0,0.1111111111111111,0.1111111111111111
450508,NACOGDOCHES MEMORIAL HOSPITAL,0,Acute Care Hospitals,Proprietary,Yes,TX,0.0,0.0,0.0,0.0,0.0,0.4
450518,THE MEDICAL CENTER OF SOUTHEAST TEXAS,0,Acute Care Hospitals,Physician,Yes,TX,0.0,0.0,0.0,0.0,0.125,0.125
450537,METHODIST RICHARDSON MEDICAL CENTER,1,Acute Care Hospitals,Voluntary non-profit - Private,Yes,TX,0.0,0.0,0.3333333333333333,0.0,0.0,0.0
450539,COVENANT HOSPITAL PLAINVIEW,1,Acute Care Hospitals,Voluntary non-profit - Private,Yes,TX,0.0,0.0,0.0,0.0,0.0,0.0
450563,BAYLOR SCOTT & WHITE MEDICAL CENTER  GRAPEVINE,1,Acute Care Hospitals,Voluntary non-profit - Private,Yes,TX,0.2857142857142857,0.0,0.125,0.0,0.125,0.125
450565,PALO PINTO GENERAL HOSPITAL,0,Acute Care Hospitals,Government - Hospital District or Authority,Yes,TX,0.0,0.0,0.0,0.0,0.0,0.0
450571,SHANNON MEDICAL CENTER,0,Acute Care Hospitals,Voluntary non-profit - Private,Yes,TX,0.0,0.0,0.25,0.0,0.1818181818181818,0.0
450573,CHRISTUS JASPER MEMORIAL HOSPITAL,1,Acute Care Hospitals,Voluntary non-profit - Private,Yes,TX,0.0,0.0,,,0.0,0.0
450587,HENDRICK MEDICAL CENTER BROWNWOOD,0,Acute Care Hospitals,Voluntary non-profit - Private,Yes,TX,0.0,0.0,0.0,0.0,0.1,0.1
450596,LAKE GRANBURY MEDICAL CENTER,0,Acute Care Hospitals,Proprietary,Yes,TX,0.0,0.0,0.0,0.0,0.0,0.1666666666666666
450597,CUERO REGIONAL HOSPITAL,1,Acute Care Hospitals,Government - Hospital District or Authority,Yes,TX,0.0,0.0,0.0,0.0,0.4,0.0
450604,HILL COUNTRY MEMORIAL HOSPITAL,1,Acute Care Hospitals,Proprietary,Yes,TX,0.0,0.0,0.25,0.0,0.1428571428571428,0.0
45060F,VA AMARILLO HEALTHCARE SYSTEM,1,Acute Care - Veterans Administration,Veterans Health Administration,Yes,TX,0.0,0.0,0.0,0.0,0.2,0.0
450610,MEMORIAL HERMANN MEMORIAL CITY HOSPITAL,1,Acute Care Hospitals,Voluntary non-profit - Private,Yes,TX,0.25,0.0,0.4285714285714285,0.0,0.125,0.0
450617,HCA HOUSTON HEALTHCARE CLEAR LAKE,1,Acute Care Hospitals,Proprietary,Yes,TX,0.0,0.0,0.25,0.0,0.1111111111111111,0.2222222222222222
450634,MEDICAL CITY DENTON,1,Acute Care Hospitals,Proprietary,Yes,TX,0.0,0.0,0.5714285714285714,0.0,0.0,0.4444444444444444
450638,HCA HOUSTON HEALTHCARE NORTHWEST,0,Acute Care Hospitals,Proprietary,Yes,TX,0.0,0.0,0.1666666666666666,0.0,0.0,0.4
450639,TEXAS HEALTH HARRIS METHODIST HURST-EULESS-BEDFORD,1,Acute Care Hospitals,Voluntary non-profit - Private,Yes,TX,0.0,0.0,0.2857142857142857,0.0,0.0,0.25
450641,NOCONA GENERAL HOSPITAL,0,Acute Care Hospitals,Government - Hospital District or Authority,Yes,TX,0.0,0.0,,,0.0,0.25
450643,DOCTORS HOSPITAL OF LAREDO,1,Acute Care Hospitals,Proprietary,Yes,TX,0.0,0.0,0.1666666666666666,0.0,0.0,0.1666666666666666
450644,HCA HOUSTON HEALTHCARE WEST,0,Acute Care Hospitals,Proprietary,Yes,TX,0.0,0.0,0.1666666666666666,0.0,0.0,0.4
450647,MEDICAL CITY DALLAS HOSPITAL,0,Acute Care Hospitals,Proprietary,Yes,TX,0.0,0.0,0.25,0.0,0.0,0.1818181818181818
450651,MEDICAL CITY PLANO,0,Acute Care Hospitals,Proprietary,Yes,TX,0.0,0.0,0.25,0.0,0.1111111111111111,0.2222222222222222
450654,STARR COUNTY MEMORIAL HOSPITAL,0,Acute Care Hospitals,Government - Hospital District or Authority,Yes,TX,0.0,0.0,,,0.0,0.0
450656,NACOGDOCHES MEDICAL CENTER,0,Acute Care Hospitals,Voluntary non-profit - Other,Yes,TX,0.0,0.0,0.1666666666666666,0.0,0.1111111111111111,0.1111111111111111
450659,HCA HOUSTON HEALTHCARE MEDICAL CENTER,1,Acute Care Hospitals,Proprietary,Yes,TX,0.0,0.0,0.1428571428571428,0.0,0.0,0.2
450661,ODESSA REGIONAL MEDICAL CENTER,0,Acute Care Hospitals,Proprietary,Yes,TX,0.0,0.0,0.0,0.0,0.2857142857142857,0.0
450662,VALLEY REGIONAL MEDICAL CENTER,0,Acute Care Hospitals,Proprietary,Yes,TX,0.0,0.0,0.1428571428571428,0.0,0.0,0.2857142857142857
450668,SIERRA MEDICAL CENTER,0,Acute Care Hospitals,Proprietary,Yes,TX,0.0,0.0,0.2857142857142857,0.0,0.125,0.0
450669,MEDICAL CITY LEWISVILLE,0,Acute Care Hospitals,Voluntary non-profit - Private,Yes,TX,0.0,0.0,0.0,0.0,0.0,0.1428571428571428
45066F,DALLAS VA MEDICAL CENTER (VA NORTH TEXAS HEALTHCARE SYSTEM),0,Acute Care - Veterans Administration,Veterans Health Administration,Yes,TX,0.6,0.0,0.3333333333333333,0.0,0.0,0.2
450670,HCA HOUSTON HEALTHCARE TOMBALL,0,Acute Care Hospitals,Proprietary,Yes,TX,0.0,0.0,0.1428571428571428,0.0,0.0,0.4444444444444444
450672,MEDICAL CITY FORT WORTH,0,Acute Care Hospitals,Proprietary,Yes,TX,0.125,0.0,0.1428571428571428,0.0,0.0,0.5555555555555556
450674,"WOMANS HOSPITAL OF TEXAS,THE",1,Acute Care Hospitals,Proprietary,Yes,TX,0.0,0.0,0.3333333333333333,0.0,0.0,0.0
450675,MEDICAL CITY ARLINGTON,0,Acute Care Hospitals,Proprietary,Yes,TX,0.0,0.0,0.1428571428571428,0.0,0.0,0.4285714285714285
450677,TEXAS HEALTH HUGULEY HOSPITAL FORT WORTH SOUTH,0,Acute Care Hospitals,Voluntary non-profit - Private,Yes,TX,0.1428571428571428,0.0,0.1666666666666666,0.0,0.0,0.1428571428571428
450678,WHITE ROCK MEDICAL CENTER,0,Acute Care Hospitals,Proprietary,Yes,TX,0.0,0.0,0.0,0.0,0.0,0.25
450684,MEMORIAL HERMANN NORTHEAST HOSPITAL,0,Acute Care Hospitals,Voluntary non-profit - Private,Yes,TX,0.0,0.0,0.1428571428571428,0.1428571428571428,0.0,0.2857142857142857
450686,UNIVERSITY MEDICAL CENTER,0,Acute Care Hospitals,Government - Hospital District or Authority,Yes,TX,0.0,0.125,0.4285714285714285,0.0,0.0,0.1
450688,DALLAS REGIONAL MEDICAL CENTER,0,Acute Care Hospitals,Proprietary,Yes,TX,0.0,0.0,0.2,0.0,0.2,0.2
450690,UNIVERSITY OF TEXAS HEALTH SCIENCE CENTER AT TYLER,1,Acute Care Hospitals,Government - State,Yes,TX,0.0,0.0,,,0.1428571428571428,0.0
450694,EL CAMPO MEMORIAL HOSPITAL,0,Acute Care Hospitals,Voluntary non-profit - Other,Yes,TX,0.0,0.0,0.0,0.0,0.25,0.0
450702,LONGVIEW REGIONAL MEDICAL CENTER,0,Acute Care Hospitals,Proprietary,Yes,TX,0.0,0.125,0.125,0.0,0.1111111111111111,0.1111111111111111
450709,HOUSTON METHODIST CLEAR LAKE HOSPITAL,1,Acute Care Hospitals,Voluntary non-profit - Private,Yes,TX,0.1428571428571428,0.0,0.3333333333333333,0.0,0.1111111111111111,0.3333333333333333
450711,RIO GRANDE REGIONAL HOSPITAL,1,Acute Care Hospitals,Proprietary,Yes,TX,0.0,0.0,0.1666666666666666,0.0,0.0,0.0
450713,ST DAVID'S SOUTH AUSTIN MEDICAL CENTER,0,Acute Care Hospitals,Proprietary,Yes,TX,0.0,0.125,0.2857142857142857,0.0,0.0909090909090909,0.1818181818181818
450718,ROUND ROCK MEDICAL CENTER,0,Acute Care Hospitals,Proprietary,Yes,TX,0.0,0.0,0.1666666666666666,0.0,0.125,0.125
450723,METHODIST CHARLTON MEDICAL CENTER,0,Acute Care Hospitals,Voluntary non-profit - Private,Yes,TX,0.0,0.0,0.2857142857142857,0.1428571428571428,0.0,0.25
450730,CARROLLTON REGIONAL MEDICAL CENTER,0,Acute Care Hospitals,Proprietary,Yes,TX,0.0,0.0,0.0,0.0,0.2,0.2
450742,BAYLOR SCOTT AND WHITE MEDICAL CENTER LAKE POINTE,1,Acute Care Hospitals,Voluntary non-profit - Private,Yes,TX,0.0,0.0,0.125,0.0,0.0,0.125
450743,TEXAS HEALTH PRESBYTERIAN HOSPITAL DENTON,1,Acute Care Hospitals,Voluntary non-profit - Private,Yes,TX,0.0,0.0,0.3333333333333333,0.0,0.25,0.0
450747,PALESTINE REGIONAL MEDICAL CENTER,0,Acute Care Hospitals,Proprietary,Yes,TX,0.0,0.2,0.25,0.0,0.0,0.0
45074F,HOUSTON VA MEDICAL CENTER,1,Acute Care - Veterans Administration,Veterans Health Administration,Yes,TX,0.6,0.0,0.25,0.0,0.0,0.3333333333333333
450771,TEXAS HEALTH PRESBYTERIAN HOSPITAL PLANO,1,Acute Care Hospitals,Voluntary non-profit - Private,Yes,TX,0.0,0.0,0.375,0.0,0.0,0.2222222222222222
450775,HCA HOUSTON HEALTHCARE KINGWOOD,0,Acute Care Hospitals,Proprietary,Yes,TX,0.375,0.0,0.5714285714285714,0.0,0.0,0.2222222222222222
450779,TEXAS HEALTH HARRIS METHODIST HOSPITAL SOUTHWEST F,1,Acute Care Hospitals,Voluntary non-profit - Private,Yes,TX,0.1428571428571428,0.0,0.25,0.0,0.375,0.125
450788,"CORPUS CHRISTI MEDICAL CENTER,THE",1,Acute Care Hospitals,Voluntary non-profit - Other,Yes,TX,0.25,0.0,0.5714285714285714,0.0,0.125,0.0
450801,CHRISTUS ST MICHAEL HEALTH SYSTEM,0,Acute Care Hospitals,Voluntary non-profit - Private,Yes,TX,0.0,0.25,0.125,0.0,0.0,0.2727272727272727
450809,NORTH AUSTIN MEDICAL CENTER,0,Acute Care Hospitals,Proprietary,Yes,TX,0.0,0.0,0.25,0.0,0.125,0.125
450820,HOUSTON METHODIST SUGARLAND HOSPITAL,1,Acute Care Hospitals,Voluntary non-profit - Private,Yes,TX,0.625,0.0,0.5,0.125,0.1818181818181818,0.0909090909090909
450822,MEDICAL CITY LAS COLINAS,1,Acute Care Hospitals,Proprietary,Yes,TX,0.0,0.0,0.25,0.0,0.0,0.0
450828,CHRISTUS SPOHN HOSPITAL ALICE,0,Acute Care Hospitals,Voluntary non-profit - Private,Yes,TX,0.0,0.0,0.3333333333333333,0.0,0.25,0.25
450840,TEXAS HEALTH PRESBYTERIAN HOSPITAL ALLEN,1,Acute Care Hospitals,Voluntary non-profit - Private,Yes,TX,0.0,0.0,0.25,0.0,0.125,0.0
450844,HOUSTON METHODIST WILLOWBROOK HOSPITAL,1,Acute Care Hospitals,Voluntary non-profit - Private,Yes,TX,0.625,0.0,0.5714285714285714,0.0,0.1,0.2
450847,MEMORIAL HERMANN KATY HOSPITAL,0,Acute Care Hospitals,Voluntary non-profit - Private,Yes,TX,0.0,0.0,0.5714285714285714,0.0,0.1428571428571428,0.1428571428571428
450848,MEMORIAL HERMANN SUGAR LAND HOSPITAL,1,Acute Care Hospitals,Voluntary non-profit - Private,Yes,TX,0.0,0.0,0.1666666666666666,0.0,0.2857142857142857,0.1428571428571428
450851,BAYLOR SCOTT & WHITE HEART & VASCULAR HOSPITAL - DALLAS,1,Acute Care Hospitals,Proprietary,Yes,TX,0.0,0.0,0.0,0.0,0.0,0.5
450853,BAYLOR SCOTT & WHITE MEDICAL CENTER - FRISCO,0,Acute Care Hospitals,Proprietary,Yes,TX,0.0,0.0,0.25,0.0,0.0,0.0
450855,HARLINGEN MEDICAL CENTER,1,Acute Care Hospitals,Proprietary,Yes,TX,0.1428571428571428,0.0,0.5,0.0,0.125,0.125
450862,ST LUKE'S THE WOODLANDS HOSPITAL,0,Acute Care Hospitals,Voluntary non-profit - Private,Yes,TX,0.0,0.0,0.1428571428571428,0.0,0.0,0.1
450864,BAYLOR SCOTT & WHITE TEXAS SPINE & JOINT HOSPITAL,1,Acute Care Hospitals,Physician,Yes,TX,0.0,0.0,0.0,0.0,0.0,0.3333333333333333
450867,ASCENSION SETON NORTHWEST,1,Acute Care Hospitals,Voluntary non-profit - Private,Yes,TX,0.0,0.0,0.0,0.0,0.0,0.2857142857142857
450869,DOCTORS HOSPTAL AT RENAISSANCE,0,Acute Care Hospitals,Physician,Yes,TX,0.0,0.0,0.375,0.0,0.0,0.0909090909090909
45086F,TEMPLE VA MEDICAL CENTER (VA CENTRAL TEXAS HEALTHCARE SYSTEM),1,Acute Care - Veterans Administration,Veterans Health Administration,Yes,TX,0.5,0.0,0.0,0.0,0.3333333333333333,0.0
450876,LUBBOCK HEART HOSPITAL LP,0,Acute Care Hospitals,Government - Hospital District or Authority,Yes,TX,0.0,0.0,0.0,0.0,0.125,0.125
450885,BAYLOR SCOTT &  WHITE MEDICAL CENTER - CENTENNIAL,1,Acute Care Hospitals,Voluntary non-profit - Private,Yes,TX,0.0,0.0,0.0,0.0,0.0,0.1666666666666666
450890,BAYLOR SCOTT & WHITE MEDICAL CENTER PLANO,1,Acute Care Hospitals,Voluntary non-profit - Other,Yes,TX,0.1428571428571428,0.0,0.2857142857142857,0.0,0.1428571428571428,0.0
450893,THE HEART HOSPITAL BAYLOR DENTON,1,Acute Care Hospitals,Physician,Yes,TX,0.0,0.0,0.0,0.0,0.0,0.0
45090F,SAN ANTONIO VA MEDICAL CENTER (VA SOUTH TEXAS HEALTHCARE SYSTEM),1,Acute Care - Veterans Administration,Veterans Health Administration,Yes,TX,0.4,0.0,0.25,0.0,0.0,0.0
451323,ADVENTHEALTH ROLLINS BROOK,1,Critical Access Hospitals,Voluntary non-profit - Church,Yes,TX,0.0,0.0,,,0.25,0.25
451346,YOAKUM COMMUNITY HOSPITAL,0,Critical Access Hospitals,Voluntary non-profit - Private,Yes,TX,0.0,0.0,,,0.2,0.0
451356,MEMORIAL MEDICAL CENTER,1,Critical Access Hospitals,Government - Local,Yes,TX,0.0,0.0,,,0.25,0.0
451365,ASCENSION SETON HIGHLAND LAKES,1,Critical Access Hospitals,Voluntary non-profit - Private,Yes,TX,0.0,0.0,0.0,0.0,0.1666666666666666,0.0
451367,UT HEALTH EAST TEXAS PITTSBURG HOSPITAL,0,Critical Access Hospitals,Proprietary,Yes,TX,0.0,0.0,0.0,0.0,0.0,0.0
451376,LAVACA MEDICAL CENTER,1,Critical Access Hospitals,Government - Hospital District or Authority,Yes,TX,0.0,0.0,,,0.3333333333333333,0.0
451377,REEVES REGIONAL HEALTH,0,Critical Access Hospitals,Government - Hospital District or Authority,Yes,TX,0.0,0.0,,,0.0,0.0
451380,UT HEALTH EAST TEXAS QUITMAN HOSPITAL,1,Critical Access Hospitals,Voluntary non-profit - Other,Yes,TX,0.0,0.0,0.0,0.0,0.0,0.0
451382,COMANCHE COUNTY MEDICAL CENTER,0,Critical Access Hospitals,Voluntary non-profit - Private,Yes,TX,0.0,0.0,,,0.2,0.0
451387,UVALDE MEMORIAL HOSPITAL,0,Critical Access Hospitals,Government - Hospital District or Authority,Yes,TX,0.0,0.0,0.0,0.0,0.0,0.1428571428571428
451395,HILL REGIONAL HOSPITAL,0,Critical Access Hospitals,Voluntary non-profit - Private,Yes,TX,0.0,0.25,0.0,0.0,0.0,0.0
460001,INTERMOUNTAIN HEALTH UTAH VALLEY HOSPITAL,1,Acute Care Hospitals,Voluntary non-profit - Private,Yes,UT,0.0,0.0,0.5714285714285714,0.0,0.3,0.0
460003,HOLY CROSS HOSPITAL - SALT LAKE,0,Acute Care Hospitals,Proprietary,Yes,UT,0.0,0.0,0.0,0.0,0.2,0.0
460004,INTERMOUNTAIN HEALTH MCKAY-DEE HOSPITAL,1,Acute Care Hospitals,Voluntary non-profit - Private,Yes,UT,0.0,0.125,0.2857142857142857,0.0,0.1818181818181818,0.0
460005,OGDEN REGIONAL MEDICAL CENTER,0,Acute Care Hospitals,Proprietary,Yes,UT,0.0,0.0,0.1428571428571428,0.0,0.2857142857142857,0.0
460006,LDS HOSPITAL,1,Acute Care Hospitals,Voluntary non-profit - Private,Yes,UT,0.0,0.0,0.25,0.0,0.3333333333333333,0.0
460007,INTERMOUNTAIN HEALTH CEDAR CITY HOSPITAL,0,Acute Care Hospitals,Voluntary non-profit - Private,Yes,UT,0.0,0.0,0.0,0.0,0.2857142857142857,0.0
460009,UNIVERSITY OF UTAH HOSPITAL AND CLINICS,1,Acute Care Hospitals,Government - State,Yes,UT,0.25,0.0,0.375,0.125,0.1818181818181818,0.0909090909090909
460010,INTERMOUNTAIN MEDICAL CENTER,1,Acute Care Hospitals,Voluntary non-profit - Private,Yes,UT,0.125,0.0,0.5714285714285714,0.0,0.4,0.0
460011,CASTLEVIEW HOSPITAL,0,Acute Care Hospitals,Proprietary,Yes,UT,0.0,0.0,0.0,0.0,0.2857142857142857,0.0
460013,MOUNTAIN VIEW HOSPITAL,1,Acute Care Hospitals,Proprietary,Yes,UT,0.0,0.0,0.3333333333333333,0.0,0.3333333333333333,0.0
460014,MOUNTAIN WEST MEDICAL CENTER,1,Acute Care Hospitals,Proprietary,Yes,UT,0.0,0.0,0.0,0.0,0.3333333333333333,0.0
460015,INTERMOUNTAIN HEALTH LOGAN REGIONAL HOSPITAL,1,Acute Care Hospitals,Voluntary non-profit - Private,Yes,UT,0.0,0.0,0.0,0.0,0.2222222222222222,0.0
460019,UINTAH BASIN MEDICAL CENTER,0,Acute Care Hospitals,Voluntary non-profit - Other,Yes,UT,0.0,0.0,0.0,0.0,0.1666666666666666,0.0
460021,ST. GEORGE REGIONAL HOSPITAL,1,Acute Care Hospitals,Voluntary non-profit - Private,Yes,UT,0.0,0.0,0.2857142857142857,0.0,0.4545454545454545,0.0909090909090909
460023,AMERICAN FORK HOSPITAL,1,Acute Care Hospitals,Voluntary non-profit - Private,Yes,UT,0.0,0.0,0.25,0.0,0.1428571428571428,0.0
460026,INTERMOUNTAIN HEALTH SEVIER VALLEY HOSPITAL,1,Acute Care Hospitals,Voluntary non-profit - Private,Yes,UT,0.0,0.0,0.0,0.0,0.2857142857142857,0.0
46002F,VA SALT LAKE CITY HEALTHCARE - GEORGE E. WAHLEN VA MEDICAL CENTER,1,Acute Care - Veterans Administration,Veterans Health Administration,Yes,UT,0.2,0.0,0.0,0.0,0.1666666666666666,0.0
460030,ASHLEY REGIONAL MEDICAL CENTER,1,Acute Care Hospitals,Proprietary,Yes,UT,0.0,0.0,0.0,0.0,0.2,0.0
460041,HOLY CROSS HOSPITAL-DAVIS,1,Acute Care Hospitals,Voluntary non-profit - Private,Yes,UT,0.0,0.0,0.1666666666666666,0.0,0.4285714285714285,0.0
460042,LAKEVIEW HOSPITAL,1,Acute Care Hospitals,Voluntary non-profit - Other,Yes,UT,0.0,0.0,0.5,0.0,0.4,0.0
460044,INTERMOUNTAIN HEALTH ALTA VIEW HOSPITAL,1,Acute Care Hospitals,Voluntary non-profit - Private,Yes,UT,0.0,0.0,0.0,0.0,0.4,0.0
460047,ST MARK'S HOSPITAL,1,Acute Care Hospitals,Proprietary,Yes,UT,0.125,0.0,0.125,0.0,0.375,0.0
460051,HOLY CROSS HOSPITAL-JORDAN VALLEY,1,Acute Care Hospitals,Voluntary non-profit - Private,Yes,UT,0.0,0.0,0.1666666666666666,0.0,0.25,0.0
460052,TIMPANOGOS REGIONAL HOSPITAL,1,Acute Care Hospitals,Proprietary,Yes,UT,0.0,0.0,0.25,0.0,0.1666666666666666,0.0
460057,PARK CITY HOSPITAL,1,Acute Care Hospitals,Proprietary,Yes,UT,0.0,0.0,0.0,0.0,0.0,0.0
460058,INTERMOUNTAIN HEALTH RIVERTON HOSPITAL,1,Acute Care Hospitals,Voluntary non-profit - Private,Yes,UT,0.0,0.0,0.0,0.0,0.25,0.0
460060,LONE PEAK HOSPITAL,1,Acute Care Hospitals,Proprietary,Yes,UT,0.0,0.0,0.5,0.0,0.2,0.0
460061,INTERMOUNTAIN HEALTH LAYTON HOSPITAL,1,Acute Care Hospitals,Voluntary non-profit - Private,Yes,UT,0.0,0.0,0.0,0.0,0.2857142857142857,0.0
461306,GUNNISON VALLEY HOSPITAL,0,Critical Access Hospitals,Voluntary non-profit - Other,Yes,UT,0.0,0.0,0.0,0.0,0.25,0.0
470001,CENTRAL VERMONT MEDICAL CENTER,0,Acute Care Hospitals,Voluntary non-profit - Private,Yes,VT,0.1666666666666666,0.0,0.0,0.2,0.0,0.2222222222222222
470003,UNIV. OF VERMONT - FLETCHER ALLEN HEALTH CARE,1,Acute Care Hospitals,Voluntary non-profit - Other,Yes,VT,0.25,0.0,0.25,0.125,0.0909090909090909,0.2727272727272727
470005,RUTLAND REGIONAL MEDICAL CENTER,0,Acute Care Hospitals,Voluntary non-profit - Private,Yes,VT,0.0,0.0,0.0,0.0,0.3333333333333333,0.0
470011,BRATTLEBORO MEMORIAL HOSPITAL,0,Acute Care Hospitals,Voluntary non-profit - Private,Yes,VT,0.0,0.0,0.0,0.0,0.1111111111111111,0.0
470012,SOUTHWESTERN VERMONT MEDICAL CENTER,0,Acute Care Hospitals,Voluntary non-profit - Private,Yes,VT,0.0,0.0,0.0,0.0,0.2222222222222222,0.0
47001F,WHITE RIVER JCT VA MEDICAL CENTER,1,Acute Care - Veterans Administration,Veterans Health Administration,Yes,VT,0.0,0.0,0.0,0.0,0.0,0.0
470024,NORTHWESTERN MEDICAL CENTER INC,1,Acute Care Hospitals,Voluntary non-profit - Other,Yes,VT,0.0,0.1666666666666666,0.3333333333333333,0.0,0.3333333333333333,0.0
471301,GIFFORD MEDICAL CENTER,1,Critical Access Hospitals,Voluntary non-profit - Private,Yes,VT,0.0,0.0,0.0,0.0,0.3333333333333333,0.0
471303,NORTHEASTERN VERMONT REGIONAL HOSPITAL,0,Critical Access Hospitals,Voluntary non-profit - Private,Yes,VT,0.0,0.0,0.0,0.0,0.0,0.0
471304,NORTH COUNTRY HOSPITAL AND HEALTH CENTER,0,Critical Access Hospitals,Voluntary non-profit - Private,Yes,VT,0.0,0.3333333333333333,0.0,0.0,0.0,0.1666666666666666
471305,COPLEY HOSPITAL,0,Critical Access Hospitals,Voluntary non-profit - Private,Yes,VT,0.0,0.2,0.0,0.0,0.0,0.1111111111111111
471307,PORTER HOSPITAL INC,0,Critical Access Hospitals,Voluntary non-profit - Private,Yes,VT,0.0,0.0,0.0,0.0,0.1666666666666666,0.1666666666666666
480001,"ROY LESTER SCHNEIDER HOSPITAL,THE",0,Acute Care Hospitals,Government - Local,Yes,VI,0.0,0.25,0.5,0.0,0.0,0.4
480002,GOV JUAN F LUIS HOSPITAL & MEDICAL CTR,0,Acute Care Hospitals,Government - State,Yes,VI,0.0,0.25,,,0.0,0.3333333333333333
490002,RUSSELL COUNTY HOSPITAL,1,Acute Care Hospitals,Voluntary non-profit - Private,Yes,VA,0.0,0.0,0.0,0.0,0.0,0.0
490004,SENTARA RMH MEDICAL CENTER,1,Acute Care Hospitals,Voluntary non-profit - Private,Yes,VA,0.125,0.0,0.2857142857142857,0.0,0.0,0.0909090909090909
490005,WINCHESTER MEDICAL CENTER,1,Acute Care Hospitals,Voluntary non-profit - Private,Yes,VA,0.0,0.125,0.4285714285714285,0.0,0.0,0.3333333333333333
490007,SENTARA NORFOLK GENERAL HOSPITAL,1,Acute Care Hospitals,Voluntary non-profit - Other,Yes,VA,0.0,0.0,0.6666666666666666,0.1666666666666666,0.0,0.4
490009,UNIVERSITY OF VIRGINIA MEDICAL CENTER,1,Acute Care Hospitals,Government - State,Yes,VA,0.125,0.0,0.125,0.0,0.1818181818181818,0.0909090909090909
490013,SENTARA HALIFAX REGIONAL HOSPITAL,0,Acute Care Hospitals,Voluntary non-profit - Private,Yes,VA,0.0,0.0,0.5,0.0,0.125,0.0
490017,BON SECOURS MARYVIEW MEDICAL CENTER,0,Acute Care Hospitals,Voluntary non-profit - Private,Yes,VA,0.0,0.125,0.4285714285714285,0.0,0.0,0.1
490018,AUGUSTA HEALTH,1,Acute Care Hospitals,Voluntary non-profit - Private,Yes,VA,0.0,0.1428571428571428,0.125,0.0,0.2,0.0
490019,UVA HEALTH CULPEPER MEDICAL CENTER,0,Acute Care Hospitals,Voluntary non-profit - Private,Yes,VA,0.0,0.0,0.0,0.0,0.0,0.125
490020,JOHN RANDOLPH MEDICAL CENTER,0,Acute Care Hospitals,Proprietary,Yes,VA,0.0,0.0,0.1666666666666666,0.0,0.1666666666666666,0.0
490021,CENTRA HEALTH -  LYNCHBURG GEN HOSPITAL,0,Acute Care Hospitals,Voluntary non-profit - Private,Yes,VA,0.125,0.0,0.2857142857142857,0.1428571428571428,0.3636363636363636,0.1818181818181818
490022,MARY WASHINGTON HOSPITAL,0,Acute Care Hospitals,Voluntary non-profit - Private,Yes,VA,0.0,0.0,0.4285714285714285,0.1428571428571428,0.1818181818181818,0.2727272727272727
490023,FAUQUIER HOSPITAL,0,Acute Care Hospitals,Proprietary,Yes,VA,0.0,0.0,0.3333333333333333,0.0,0.1428571428571428,0.1428571428571428
490024,CARILION MEDICAL CENTER,0,Acute Care Hospitals,Voluntary non-profit - Private,Yes,VA,0.0,0.375,0.25,0.0,0.3636363636363636,0.0
490032,MEDICAL COLLEGE OF VIRGINIA HOSPITALS,1,Acute Care Hospitals,Government - Hospital District or Authority,Yes,VA,0.125,0.0,0.25,0.0,0.0,0.0909090909090909
490033,WARREN MEMORIAL HOSPITAL,0,Acute Care Hospitals,Voluntary non-profit - Private,Yes,VA,0.0,0.0,0.0,0.0,0.0,0.0
490037,RIVERSIDE SHORE MEMORIAL HOSPITAL,0,Acute Care Hospitals,Voluntary non-profit - Private,Yes,VA,0.0,0.1666666666666666,0.5,0.0,0.0,0.125
490038,SMYTH COUNTY COMMUNITY HOSPITAL,0,Acute Care Hospitals,Voluntary non-profit - Private,Yes,VA,0.0,0.0,0.0,0.0,0.0,0.0
490040,INOVA ALEXANDRIA HOSPITAL,1,Acute Care Hospitals,Voluntary non-profit - Private,Yes,VA,0.4285714285714285,0.0,0.1428571428571428,0.0,0.125,0.125
490041,MARY IMMACULATE HOSPITAL,1,Acute Care Hospitals,Voluntary non-profit - Private,Yes,VA,0.0,0.0,0.25,0.0,0.125,0.125
490042,CARILION NEW RIVER VALLEY MEDICAL CENTER,1,Acute Care Hospitals,Voluntary non-profit - Private,Yes,VA,0.0,0.0,0.0,0.1666666666666666,0.1111111111111111,0.0
490043,INOVA LOUDOUN HOSPITAL,1,Acute Care Hospitals,Voluntary non-profit - Private,Yes,VA,0.4285714285714285,0.0,0.1428571428571428,0.0,0.3,0.2
490044,SENTARA OBICI HOSPITAL,1,Acute Care Hospitals,Voluntary non-profit - Other,Yes,VA,0.0,0.0,0.125,0.0,0.125,0.25
490045,UVA HEALTH PRINCE WILLIAM MEDICAL CENTER,0,Acute Care Hospitals,Voluntary non-profit - Private,Yes,VA,0.0,0.1428571428571428,0.2,0.0,0.0,0.1428571428571428
490046,SENTARA LEIGH HOSPITAL,0,Acute Care Hospitals,Voluntary non-profit - Other,No,VA,0.0,0.0,0.7142857142857143,0.0,0.125,0.375
490048,LEWISGALE MEDICAL CENTER,0,Acute Care Hospitals,Proprietary,Yes,VA,0.125,0.0,0.2857142857142857,0.0,0.0,0.1818181818181818
490050,VIRGINIA HOSPITAL CENTER,1,Acute Care Hospitals,Voluntary non-profit - Private,Yes,VA,0.25,0.0,0.1428571428571428,0.0,0.0909090909090909,0.1818181818181818
490052,RIVERSIDE REGIONAL MEDICAL CENTER,0,Acute Care Hospitals,Voluntary non-profit - Private,Yes,VA,0.0,0.125,0.4285714285714285,0.0,0.1,0.0
490053,JOHNSTON MEMORIAL HOSPITAL,0,Acute Care Hospitals,Voluntary non-profit - Private,Yes,VA,0.0,0.1428571428571428,0.1666666666666666,0.0,0.1111111111111111,0.1111111111111111
490057,SENTARA VIRGINIA BEACH GENERAL HOSPITAL,1,Acute Care Hospitals,Voluntary non-profit - Other,Yes,VA,0.125,0.0,0.2857142857142857,0.0,0.0,0.2222222222222222
490059,BON SECOURS ST MARYS HOSPITAL,1,Acute Care Hospitals,Voluntary non-profit - Private,Yes,VA,0.25,0.0,0.125,0.0,0.0909090909090909,0.0
490060,CLINCH VALLEY MEDICAL CENTER,0,Acute Care Hospitals,Proprietary,Yes,VA,0.0,0.0,0.25,0.0,0.0,0.1111111111111111
490063,INOVA FAIRFAX HOSPITAL,1,Acute Care Hospitals,Voluntary non-profit - Private,Yes,VA,0.25,0.0,0.5,0.0,0.0909090909090909,0.1818181818181818
490066,SENTARA WILLIAMSBURG REGIONAL MEDICAL CENTER,1,Acute Care Hospitals,Voluntary non-profit - Private,Yes,VA,0.1428571428571428,0.0,0.1428571428571428,0.0,0.25,0.125
490067,BON SECOURS SOUTHSIDE MEDICAL CENTER,0,Acute Care Hospitals,Proprietary,Yes,VA,0.0,0.1428571428571428,0.1666666666666666,0.0,0.0,0.2857142857142857
490069,BON SECOURS MEMORIAL REGIONAL MEDICAL CENTER,1,Acute Care Hospitals,Voluntary non-profit - Church,Yes,VA,0.125,0.0,0.1428571428571428,0.1428571428571428,0.0,0.0909090909090909
49006F,HAMPTON VA MEDICAL CENTER,1,Acute Care - Veterans Administration,Veterans Health Administration,Yes,VA,0.0,0.0,0.0,0.0,0.2,0.2
490075,SOVAH HEALTH DANVILLE,0,Acute Care Hospitals,Proprietary,Yes,VA,0.0,0.0,0.1428571428571428,0.0,0.0,0.2
490077,SENTARA MARTHA JEFFERSON HOSPITAL,1,Acute Care Hospitals,Voluntary non-profit - Private,Yes,VA,0.0,0.0,0.1428571428571428,0.0,0.2,0.0
490084,VCU HEALTH TAPPAHANNOCK HOSPITAL,1,Acute Care Hospitals,Voluntary non-profit - Private,Yes,VA,0.0,0.0,0.0,0.0,0.125,0.125
490088,CENTRA BEDFORD MEMORIAL HOSPITAL,1,Acute Care Hospitals,Voluntary non-profit - Private,Yes,VA,0.0,0.0,0.0,0.0,0.4,0.0
490089,CARILION FRANKLIN MEMORIAL HOSPITAL,1,Acute Care Hospitals,Voluntary non-profit - Private,Yes,VA,0.0,0.0,0.0,0.0,0.1666666666666666,0.0
490090,"SOUTHSIDE COMMUNITY HOSPITAL, INC",1,Acute Care Hospitals,Voluntary non-profit - Private,Yes,VA,0.0,0.0,0.3333333333333333,0.0,0.125,0.0
490092,BON SECOURS SOUTHAMPTON MEMORIAL HOSPITAL,0,Acute Care Hospitals,Voluntary non-profit - Private,Yes,VA,0.0,0.25,0.0,0.0,0.0,0.4
490093,SENTARA CAREPLEX HOSPITAL,1,Acute Care Hospitals,Voluntary non-profit - Private,Yes,VA,0.0,0.0,0.3333333333333333,0.0,0.0,0.2857142857142857
490097,BON SECOURS SOUTHERN VIRGINIA MEDICAL CENTER,1,Acute Care Hospitals,Proprietary,Yes,VA,0.0,0.0,0.0,0.0,0.25,0.0
490098,COMMUNITY MEMORIAL HOSPITAL,1,Acute Care Hospitals,Government - Hospital District or Authority,Yes,VA,0.0,0.0,0.25,0.0,0.125,0.0
490101,INOVA FAIR OAKS HOSPITAL,1,Acute Care Hospitals,Voluntary non-profit - Other,No,VA,0.1428571428571428,0.0,0.2857142857142857,0.0,0.1428571428571428,0.1428571428571428
490107,RESTON HOSPITAL CENTER,0,Acute Care Hospitals,Voluntary non-profit - Private,Yes,VA,0.0,0.0,0.1428571428571428,0.0,0.0,0.375
49010F,RICHMOND VA MEDICAL CENTER,1,Acute Care - Veterans Administration,Veterans Health Administration,Yes,VA,0.4,0.0,0.0,0.0,0.6666666666666666,0.0
490110,LEWISGALE HOSPITAL MONTGOMERY,0,Acute Care Hospitals,Proprietary,Yes,VA,0.0,0.0,0.0,0.0,0.125,0.25
490111,WYTHE COUNTY COMMUNITY HOSPITAL,0,Acute Care Hospitals,Proprietary,Yes,VA,0.0,0.0,0.0,0.0,0.0,0.0
490112,CJW MEDICAL CENTER,1,Acute Care Hospitals,Proprietary,Yes,VA,0.125,0.0,0.375,0.0,0.0,0.2222222222222222
490113,SENTARA NORTHERN VIRGINIA MEDICAL CENTER,0,Acute Care Hospitals,Voluntary non-profit - Private,Yes,VA,0.0,0.0,0.1666666666666666,0.0,0.0,0.2857142857142857
490114,LONESOME PINE HOSPITAL,1,Acute Care Hospitals,Voluntary non-profit - Private,Yes,VA,0.0,0.0,0.3333333333333333,0.0,0.1428571428571428,0.1428571428571428
490115,TWIN COUNTY REGIONAL HOSPITAL,0,Acute Care Hospitals,Proprietary,Yes,VA,0.0,0.0,0.0,0.0,0.0,0.1666666666666666
490116,LEWISGALE HOSPITAL PULASKI,1,Acute Care Hospitals,Proprietary,Yes,VA,0.0,0.0,0.0,0.0,0.0,0.0
490118,HENRICO DOCTORS' HOSPITAL,1,Acute Care Hospitals,Voluntary non-profit - Other,Yes,VA,0.0,0.125,0.625,0.0,0.0,0.0
490119,SENTARA PRINCESS ANNE HOSPITAL,1,Acute Care Hospitals,Voluntary non-profit - Other,No,VA,0.0,0.0,0.1428571428571428,0.0,0.0,0.125
49011F,SALEM VA MEDICAL CENTER,1,Acute Care - Veterans Administration,Veterans Health Administration,Yes,VA,0.2,0.0,0.0,0.0,0.3333333333333333,0.0
490120,CHESAPEAKE GENERAL HOSPITAL,0,Acute Care Hospitals,Government - Hospital District or Authority,Yes,VA,0.2857142857142857,0.0,0.375,0.0,0.0,0.375
490122,INOVA MOUNT VERNON HOSPITAL,1,Acute Care Hospitals,Voluntary non-profit - Private,Yes,VA,0.1428571428571428,0.0,0.1428571428571428,0.0,0.0,0.1428571428571428
490126,LEWISGALE HOSPITAL ALLEGHANY,1,Acute Care Hospitals,Proprietary,Yes,VA,0.0,0.0,0.0,0.0,0.3333333333333333,0.0
490127,BUCHANAN GENERAL HOSPITAL,1,Acute Care Hospitals,Voluntary non-profit - Private,Yes,VA,0.0,0.0,0.0,0.0,0.0,0.0
490130,RIVERSIDE WALTER REED HOSPITAL,1,Acute Care Hospitals,Voluntary non-profit - Private,Yes,VA,0.0,0.0,0.0,0.0,0.4285714285714285,0.0
490136,BON SECOURS ST FRANCIS MEDICAL CENTER,0,Acute Care Hospitals,Voluntary non-profit - Church,Yes,VA,0.0,0.0,0.1428571428571428,0.1428571428571428,0.125,0.125
490140,"STAFFORD HOSPITAL, LLC",1,Acute Care Hospitals,Voluntary non-profit - Private,Yes,VA,0.0,0.0,0.3333333333333333,0.0,0.0,0.1666666666666666
490141,SPOTSYLVANIA REGIONAL MEDICAL CENTER,0,Acute Care Hospitals,Proprietary,Yes,VA,0.0,0.0,0.1666666666666666,0.0,0.125,0.25
490143,RIVERSIDE DOCTORS' HOSPITAL OF WILLIAMSBURG,1,Acute Care Hospitals,Voluntary non-profit - Private,Yes,VA,0.0,0.0,0.0,0.0,0.2857142857142857,0.0
490144,UVA HEALTH HAYMARKET MEDICAL CENTER,1,Acute Care Hospitals,Voluntary non-profit - Private,Yes,VA,0.0,0.2,0.25,0.0,0.0,0.1428571428571428
490145,STONESPRINGS HOSPITAL CENTER,1,Acute Care Hospitals,Proprietary,Yes,VA,0.0,0.0,0.0,0.0,0.0,0.3333333333333333
491302,CARILION GILES COMMUNITY HOSPITAL,1,Critical Access Hospitals,Voluntary non-profit - Private,Yes,VA,0.0,0.0,0.0,0.0,0.0,0.2
491304,CARILION STONEWALL JACKSON HOSPITAL,0,Critical Access Hospitals,Voluntary non-profit - Private,Yes,VA,0.0,0.0,0.0,0.0,0.0,0.1666666666666666
491305,SHENANDOAH MEMORIAL HOSPITAL,0,Critical Access Hospitals,Voluntary non-profit - Private,Yes,VA,0.0,0.0,0.0,0.0,0.1666666666666666,0.0
491307,"PAGE MEMORIAL HOSPITAL, INC",1,Critical Access Hospitals,Voluntary non-profit - Private,Yes,VA,0.0,0.0,0.0,0.0,0.25,0.0
491308,RAPPAHANNOCK GENERAL HOSPITAL,1,Critical Access Hospitals,Voluntary non-profit - Private,Yes,VA,0.0,0.0,0.0,0.0,0.0,0.0
500002,PROVIDENCE ST MARY MEDICAL CENTER,0,Acute Care Hospitals,Voluntary non-profit - Private,Yes,WA,0.0,0.0,0.0,0.0,0.3,0.0
500003,SKAGIT VALLEY HOSPITAL,0,Acute Care Hospitals,Government - Hospital District or Authority,Yes,WA,0.0,0.1428571428571428,0.1666666666666666,0.0,0.2,0.2
500005,VIRGINIA MASON MEDICAL CENTER,1,Acute Care Hospitals,Voluntary non-profit - Private,Yes,WA,0.0,0.0,0.375,0.0,0.0909090909090909,0.0909090909090909
500007,ISLAND HOSPITAL,1,Acute Care Hospitals,Government - Hospital District or Authority,Yes,WA,0.0,0.0,0.0,0.0,0.125,0.0
500008,UNIVERSITY OF WASHINGTON MEDICAL CTR,1,Acute Care Hospitals,Government - State,No,WA,0.125,0.0,0.125,0.0,0.2727272727272727,0.0909090909090909
500011,HIGHLINE MEDICAL CENTER,1,Acute Care Hospitals,Voluntary non-profit - Private,Yes,WA,0.1666666666666666,0.0,0.1666666666666666,0.0,0.125,0.0
500014,PROVIDENCE REGIONAL MEDICAL CENTER EVERETT,1,Acute Care Hospitals,Voluntary non-profit - Church,Yes,WA,0.0,0.0,0.5,0.0,0.1111111111111111,0.1111111111111111
500015,MULTICARE AUBURN MEDICAL CENTER,0,Acute Care Hospitals,Voluntary non-profit - Private,Yes,WA,0.0,0.0,0.3333333333333333,0.0,0.0,0.125
500016,CONFLUENCE HEALTH HOSPITAL,0,Acute Care Hospitals,Voluntary non-profit - Private,Yes,WA,0.0,0.0,0.1428571428571428,0.0,0.0,0.0909090909090909
500019,PROVIDENCE CENTRALIA HOSPITAL,0,Acute Care Hospitals,Voluntary non-profit - Other,Yes,WA,0.0,0.0,0.0,0.0,0.0,0.1111111111111111
500021,ST CLARE HOSPITAL,1,Acute Care Hospitals,Voluntary non-profit - Church,Yes,WA,0.0,0.0,0.1666666666666666,0.0,0.1428571428571428,0.1428571428571428
500024,PROVIDENCE ST PETER HOSPITAL,0,Acute Care Hospitals,Voluntary non-profit - Private,Yes,WA,0.125,0.125,0.25,0.125,0.1111111111111111,0.2222222222222222
500025,SWEDISH MEDICAL CENTER / CHERRY HILL,1,Acute Care Hospitals,Voluntary non-profit - Church,Yes,WA,0.0,0.0,0.2,0.0,0.1666666666666666,0.0
500026,SWEDISH EDMONDS HOSPITAL,0,Acute Care Hospitals,Voluntary non-profit - Private,Yes,WA,0.0,0.0,0.0,0.0,0.0,0.1428571428571428
500027,SWEDISH MEDICAL CENTER,1,Acute Care Hospitals,Voluntary non-profit - Private,Yes,WA,0.0,0.0,0.125,0.0,0.1111111111111111,0.0
500030,PEACEHEALTH ST JOSEPH MEDICAL CENTER,1,Acute Care Hospitals,Voluntary non-profit - Other,No,WA,0.125,0.0,0.2857142857142857,0.0,0.1818181818181818,0.0
500031,GRAYS HARBOR COMMUNITY HOSPITAL,0,Acute Care Hospitals,Voluntary non-profit - Private,Yes,WA,0.0,0.0,0.0,0.0,0.0,0.125
500033,SAMARITAN HOSPITAL,0,Acute Care Hospitals,Proprietary,Yes,WA,0.0,0.2,0.0,0.0,0.1666666666666666,0.0
500036,YAKIMA VALLEY MEMORIAL,0,Acute Care Hospitals,Voluntary non-profit - Private,No,WA,0.0,0.1428571428571428,0.3333333333333333,0.0,0.0,0.1
500039,ST MICHAEL MEDICAL CENTER,1,Acute Care Hospitals,Voluntary non-profit - Private,No,WA,0.25,0.0,0.1428571428571428,0.0,0.1818181818181818,0.0
500041,PEACEHEALTH ST JOHN MEDICAL CENTER,1,Acute Care Hospitals,Voluntary non-profit - Church,Yes,WA,0.0,0.0,0.1428571428571428,0.0,0.2,0.0
500044,DEACONESS MEDICAL CENTER,0,Acute Care Hospitals,Voluntary non-profit - Private,Yes,WA,0.0,0.0,0.4285714285714285,0.1428571428571428,0.2727272727272727,0.0
500050,PEACEHEALTH SOUTHWEST MEDICAL CENTE,0,Acute Care Hospitals,Voluntary non-profit - Private,No,WA,0.0,0.0,0.1428571428571428,0.1428571428571428,0.0909090909090909,0.0909090909090909
500051,OVERLAKE HOSPITAL MEDICAL CENTER & CLINICS,0,Acute Care Hospitals,Voluntary non-profit - Other,Yes,WA,0.0,0.0,0.125,0.125,0.0,0.0909090909090909
500053,TRIOS HEALTH,0,Acute Care Hospitals,Government - Hospital District or Authority,Yes,WA,0.0,0.1666666666666666,0.0,0.0,0.0,0.2
500054,PROV SACRED HRT MED CTR & CHILDS HOSP.,0,Acute Care Hospitals,Voluntary non-profit - Church,Yes,WA,0.0,0.125,0.375,0.125,0.1818181818181818,0.0909090909090909
500058,KADLEC REGIONAL MEDICAL CENTER,1,Acute Care Hospitals,Voluntary non-profit - Private,Yes,WA,0.0,0.0,0.125,0.0,0.2727272727272727,0.1818181818181818
500060,CASCADE VALLEY HOSPITAL,1,Acute Care Hospitals,Government - Hospital District or Authority,Yes,WA,0.0,0.0,0.0,0.0,0.0,0.0
500064,HARBORVIEW MEDICAL CENTER,0,Acute Care Hospitals,Government - Local,Yes,WA,0.0,0.1428571428571428,0.1666666666666666,0.1666666666666666,0.0,0.0
500072,OLYMPIC MEDICAL CENTER,0,Acute Care Hospitals,Government - Local,Yes,WA,0.0,0.3333333333333333,0.25,0.0,0.125,0.0
500077,PROVIDENCE HOLY FAMILY HOSPITAL,0,Acute Care Hospitals,Voluntary non-profit - Private,Yes,WA,0.0,0.0,0.1666666666666666,0.1666666666666666,0.125,0.125
500079,MULTICARE GOOD SAMARITAN HOSPITAL,0,Acute Care Hospitals,Voluntary non-profit - Private,Yes,WA,0.1428571428571428,0.2857142857142857,0.4285714285714285,0.1428571428571428,0.0,0.0
500084,EVERGREENHEALTH MONROE,0,Acute Care Hospitals,Government - Hospital District or Authority,Yes,WA,0.0,0.0,0.0,0.0,0.0,0.0
500088,VALLEY MEDICAL CENTER,0,Acute Care Hospitals,Government - Hospital District or Authority,Yes,WA,0.1428571428571428,0.2857142857142857,0.1666666666666666,0.1666666666666666,0.2222222222222222,0.2222222222222222
500108,ST JOSEPH MEDICAL CENTER,0,Acute Care Hospitals,Voluntary non-profit - Church,Yes,WA,0.125,0.125,0.7142857142857143,0.0,0.1,0.1
500119,MULTICARE VALLEY HOSPITAL,1,Acute Care Hospitals,Voluntary non-profit - Private,Yes,WA,0.0,0.0,0.1428571428571428,0.0,0.2857142857142857,0.0
50011F,SPOKANE VA MEDICAL CENTER,1,Acute Care - Veterans Administration,Veterans Health Administration,Yes,WA,0.0,0.0,,,0.25,0.0
500124,EVERGREENHEALTH MEDICAL CENTER,1,Acute Care Hospitals,Government - Hospital District or Authority,Yes,WA,0.4285714285714285,0.0,0.1428571428571428,0.0,0.2,0.1
500129,TACOMA GENERAL ALLENMORE HOSPITAL,0,Acute Care Hospitals,Voluntary non-profit - Private,Yes,WA,0.125,0.125,0.375,0.0,0.0,0.2727272727272727
500139,CAPITAL MEDICAL CENTER,0,Acute Care Hospitals,Voluntary non-profit - Private,Yes,WA,0.0,0.0,0.0,0.0,0.0,0.375
500141,ST FRANCIS COMMUNITY HOSPITAL,1,Acute Care Hospitals,Voluntary non-profit - Church,Yes,WA,0.0,0.0,0.3333333333333333,0.0,0.0,0.2857142857142857
500150,LEGACY SALMON CREEK MEDICAL CENTER,1,Acute Care Hospitals,Voluntary non-profit - Private,Yes,WA,0.0,0.0,0.2857142857142857,0.0,0.2,0.2
500151,ST ANTHONY HOSPITAL,1,Acute Care Hospitals,Voluntary non-profit - Church,Yes,WA,0.1666666666666666,0.0,0.2,0.0,0.25,0.0
500152,SWEDISH ISSAQUAH,1,Acute Care Hospitals,Voluntary non-profit - Private,Yes,WA,0.1428571428571428,0.0,0.1666666666666666,0.0,0.2857142857142857,0.0
500154,MULTICARE COVINGTON MEDICAL CENTER,0,Acute Care Hospitals,Voluntary non-profit - Private,Yes,WA,0.0,0.0,0.0,0.0,0.0,0.3333333333333333
50030F,SEATTLE VA MEDICAL CENTER (VA PUGET SOUND HEALTHCARE SYSTEM),1,Acute Care - Veterans Administration,Veterans Health Administration,Yes,WA,0.2,0.0,0.6666666666666666,0.3333333333333333,0.2,0.2
501304,SUMMIT PACIFIC MEDICAL CENTER,0,Critical Access Hospitals,Government - Hospital District or Authority,Yes,WA,0.0,0.0,,,0.0,0.25
501312,PROSSER MEMORIAL HOSPITAL,0,Critical Access Hospitals,Government - Hospital District or Authority,Yes,WA,0.0,0.0,0.0,0.0,0.25,0.0
501314,OCEAN BEACH HOSPITAL,0,Critical Access Hospitals,Government - Hospital District or Authority,Yes,WA,0.0,0.3333333333333333,,,0.0,0.3333333333333333
501323,JEFFERSON HEALTHCARE,0,Critical Access Hospitals,Government - Hospital District or Authority,Yes,WA,0.0,0.0,0.0,0.0,0.0,0.0
501326,PROVIDENCE MOUNT CARMEL HOSPITAL,0,Critical Access Hospitals,Voluntary non-profit - Church,Yes,WA,0.0,0.25,0.0,0.0,0.0,0.0
501327,WHITMAN HOSPITAL AND MEDICAL CENTER,1,Critical Access Hospitals,Government - Hospital District or Authority,Yes,WA,0.0,0.0,,,0.3333333333333333,0.0
501329,PEACEHEALTH UNITED GENERAL MEDICAL CENTER,0,Critical Access Hospitals,Government - Hospital District or Authority,Yes,WA,0.0,0.0,0.0,0.0,0.125,0.125
501330,ASTRIA SUNNYSIDE HOSPITAL,0,Critical Access Hospitals,Voluntary non-profit - Other,Yes,WA,0.0,0.0,0.0,0.0,0.0,0.0
501331,PULLMAN REGIONAL HOSPITAL,0,Critical Access Hospitals,Government - Hospital District or Authority,Yes,WA,0.0,0.0,0.0,0.0,0.25,0.0
501332,TRI-STATE MEMORIAL HOSPITAL,1,Critical Access Hospitals,Voluntary non-profit - Private,Yes,WA,0.0,0.0,,,0.125,0.0
501335,ST ELIZABETH HOSPITAL,1,Critical Access Hospitals,Voluntary non-profit - Private,Yes,WA,0.0,0.0,0.0,0.0,0.2,0.0
501336,MASON GENERAL HOSPITAL & FAMILY OF CLINICS,0,Critical Access Hospitals,Government - Hospital District or Authority,Yes,WA,0.0,0.1666666666666666,0.0,0.0,0.0,0.25
501337,LOURDES MEDICAL CENTER,0,Critical Access Hospitals,Voluntary non-profit - Church,Yes,WA,0.0,0.0,0.0,0.0,0.1428571428571428,0.0
501339,WHIDBEYHEALTH MEDICAL CENTER,0,Critical Access Hospitals,Government - Hospital District or Authority,Yes,WA,0.0,0.2,0.0,0.0,0.125,0.0
510001,"WEST VIRGINIA UNIVERSITY HOSPITALS, INC",0,Acute Care Hospitals,Voluntary non-profit - Private,Yes,WV,0.0,0.0,0.375,0.125,0.1818181818181818,0.0
510002,"CAMC GREENBRIER VALLEY MEDICAL CENTER, INC",0,Acute Care Hospitals,Proprietary,Yes,WV,0.0,0.0,0.0,0.0,0.0,0.125
510006,"UNITED HOSPITAL CENTER, INC",1,Acute Care Hospitals,Voluntary non-profit - Private,Yes,WV,0.0,0.0,0.1428571428571428,0.0,0.0,0.4
510007,ST MARYS MEDICAL CENTER,0,Acute Care Hospitals,Voluntary non-profit - Church,Yes,WV,0.0,0.0,0.1428571428571428,0.1428571428571428,0.0,0.0909090909090909
510008,BERKELEY MEDICAL CENTER,0,Acute Care Hospitals,Voluntary non-profit - Private,Yes,WV,0.0,0.0,0.1428571428571428,0.0,0.1,0.2
510012,RIVERS HEALTH,0,Acute Care Hospitals,Voluntary non-profit - Private,Yes,WV,0.0,0.0,0.0,0.0,0.0,0.3333333333333333
510013,"REYNOLDS MEMORIAL HOSPITAL, INC",0,Acute Care Hospitals,Voluntary non-profit - Private,Yes,WV,0.0,0.0,0.5,0.0,0.0,0.125
510022,CHARLESTON AREA MEDICAL CENTER,0,Acute Care Hospitals,Voluntary non-profit - Private,Yes,WV,0.125,0.125,0.25,0.125,0.0,0.4545454545454545
510023,"WEIRTON MEDICAL CENTER, INC",0,Acute Care Hospitals,Government - Local,Yes,WV,0.0,0.1428571428571428,0.0,0.0,0.1111111111111111,0.2222222222222222
510024,MON HEALTH MEDICAL CENTER,1,Acute Care Hospitals,Voluntary non-profit - Private,Yes,WV,0.0,0.0,0.5714285714285714,0.0,0.0,0.0
510029,THOMAS MEMORIAL HOSPITAL,0,Acute Care Hospitals,Voluntary non-profit - Private,Yes,WV,0.0,0.0,0.0,0.1428571428571428,0.1,0.2
51002F,BECKLEY VA MEDICAL CENTER,1,Acute Care - Veterans Administration,Veterans Health Administration,Yes,WV,0.0,0.0,0.0,0.0,0.5,0.0
510030,DAVIS MEDICAL CENTER,0,Acute Care Hospitals,Voluntary non-profit - Private,Yes,WV,0.0,0.1666666666666666,0.0,0.0,0.0,0.125
510038,STONEWALL JACKSON MEMORIAL HOSPITAL COMPANY,0,Acute Care Hospitals,Voluntary non-profit - Private,Yes,WV,0.0,0.25,0.0,0.0,0.0,0.3333333333333333
51003F,CLARKSBURG VA MEDICAL CENTER,1,Acute Care - Veterans Administration,Veterans Health Administration,Yes,WV,0.0,0.0,0.0,0.0,0.0,0.0
510046,PRINCETON COMMUNITY HOSPITAL ASSN INC,0,Acute Care Hospitals,Government - Local,Yes,WV,0.0,0.1428571428571428,0.0,0.1428571428571428,0.0,0.4
510048,LOGAN REGIONAL MEDICAL CENTER,0,Acute Care Hospitals,Proprietary,Yes,WV,0.0,0.0,0.0,0.0,0.0,0.1666666666666666
51004F,HUNTINGTON VA MEDICAL CENTER,1,Acute Care - Veterans Administration,Veterans Health Administration,Yes,WV,0.5,0.0,0.0,0.0,0.4,0.0
510050,"WHEELING HOSPITAL, INC",0,Acute Care Hospitals,Voluntary non-profit - Church,Yes,WV,0.0,0.125,0.2857142857142857,0.0,0.0,0.1818181818181818
510055,"CABELL HUNTINGTON HOSPITAL, INC",0,Acute Care Hospitals,Voluntary non-profit - Private,Yes,WV,0.0,0.1428571428571428,0.25,0.0,0.1111111111111111,0.2222222222222222
510058,CAMDEN CLARK MEDICAL CENTER,0,Acute Care Hospitals,Voluntary non-profit - Private,Yes,WV,0.0,0.0,0.0,0.0,0.0909090909090909,0.2727272727272727
51005F,MARTINSBURG VA MEDICAL CENTER,1,Acute Care - Veterans Administration,Veterans Health Administration,Yes,WV,0.0,0.0,0.0,0.0,0.0,0.4
510062,BECKLEY ARH HOSPITAL,0,Acute Care Hospitals,Voluntary non-profit - Private,Yes,WV,0.0,0.0,0.25,0.0,0.0,0.2857142857142857
510070,RALEIGH GENERAL HOSPITAL,0,Acute Care Hospitals,Proprietary,Yes,WV,0.0,0.1428571428571428,0.4,0.0,0.0,0.2857142857142857
510072,WETZEL COUNTY HOSPITAL,0,Acute Care Hospitals,Government - Local,Yes,WV,0.0,0.0,,,0.0,0.2
511309,VALLEY HEALTH WAR MEMORIAL HOSPITAL,1,Critical Access Hospitals,Voluntary non-profit - Private,Yes,WV,0.0,0.0,0.0,0.0,0.0,0.0
511311,HAMPSHIRE MEMORIAL HOSPITAL,1,Critical Access Hospitals,Voluntary non-profit - Private,Yes,WV,0.0,0.0,,,0.25,0.0
511313,BOONE MEMORIAL HOSPITAL,1,Critical Access Hospitals,Government - Local,Yes,WV,0.0,0.0,0.0,0.0,0.0,0.0
511315,POTOMAC VALLEY HOSPITAL,0,Critical Access Hospitals,Voluntary non-profit - Private,Yes,WV,0.0,0.0,0.0,0.0,0.1666666666666666,0.0
511316,GRANT MEMORIAL HOSPITAL,0,Critical Access Hospitals,Voluntary non-profit - Other,Yes,WV,0.0,0.0,0.0,0.0,0.25,0.0
511319,JEFFERSON MEDICAL CENTER,0,Critical Access Hospitals,Voluntary non-profit - Private,Yes,WV,0.0,0.0,0.0,0.0,0.0,0.0
511320,JACKSON GENERAL HOSPITAL,0,Critical Access Hospitals,Voluntary non-profit - Private,Yes,WV,0.0,0.0,0.0,0.0,0.0,0.0
511321,"ST JOSEPH'S HOSPITAL OF BUCKHANNON, INC",0,Critical Access Hospitals,Voluntary non-profit - Private,Yes,WV,0.0,0.3333333333333333,0.0,0.0,0.1666666666666666,0.1666666666666666
511322,SUMMERSVILLE REGIONAL MEDICAL CENTER,0,Critical Access Hospitals,Voluntary non-profit - Private,Yes,WV,0.0,0.25,0.0,0.0,0.0,0.25
520002,"ASPIRUS STEVENS POINT HOSPITAL & CLINICS, INC.",1,Acute Care Hospitals,Voluntary non-profit - Church,Yes,WI,0.0,0.0,0.0,0.0,0.0,0.0
520004,MAYO CLINIC HEALTH SYSTEM-FRANCISCAN MEDICAL CENTER INC,1,Acute Care Hospitals,Voluntary non-profit - Private,Yes,WI,0.0,0.0,0.1666666666666666,0.0,0.2222222222222222,0.0
520008,WAUKESHA MEMORIAL HOSPITAL,1,Acute Care Hospitals,Voluntary non-profit - Private,Yes,WI,0.0,0.0,0.2857142857142857,0.0,0.1,0.1
520009,ASCENSION NE WISCONSIN - ST ELIZABETH CAMPUS,1,Acute Care Hospitals,Voluntary non-profit - Private,Yes,WI,0.0,0.0,0.0,0.0,0.0909090909090909,0.0909090909090909
520011,MARSHFIELD MEDICAL CENTER - RICE LAKE,0,Acute Care Hospitals,Voluntary non-profit - Private,Yes,WI,0.0,0.0,0.0,0.0,0.0,0.2857142857142857
520019,ASPIRUS RHINELANDER HOSPITAL,0,Acute Care Hospitals,Voluntary non-profit - Private,Yes,WI,0.0,0.0,0.0,0.0,0.125,0.0
520021,FROEDTERT SOUTH INC.,0,Acute Care Hospitals,Government - Local,Yes,WI,0.0,0.0,0.0,0.0,0.0,0.3
520028,THE MONROE CLINIC,1,Acute Care Hospitals,Voluntary non-profit - Private,Yes,WI,0.0,0.0,0.0,0.0,0.1111111111111111,0.0
520030,ASPIRUS WAUSAU HOSPITAL,1,Acute Care Hospitals,Proprietary,Yes,WI,0.0,0.0,0.4285714285714285,0.0,0.0909090909090909,0.0
520033,ASPIRUS RIVERVIEW HOSPITAL & CLINICS INC,0,Acute Care Hospitals,Voluntary non-profit - Private,Yes,WI,0.0,0.0,0.0,0.0,0.125,0.125
520034,AURORA MEDICAL CTR MANITOWOC COUNTY,1,Acute Care Hospitals,Voluntary non-profit - Private,Yes,WI,0.0,0.0,0.0,0.0,0.3333333333333333,0.0
520035,AURORA MEDICAL CENTER SHEBOYGAN COUNTY,1,Acute Care Hospitals,Voluntary non-profit - Private,Yes,WI,0.0,0.0,0.1666666666666666,0.0,0.0,0.0
520037,MARSHFIELD MEDICAL CENTER,0,Acute Care Hospitals,Voluntary non-profit - Church,Yes,WI,0.0,0.125,0.1428571428571428,0.1428571428571428,0.0,0.2727272727272727
520038,AURORA MEDICAL CTR WASHINGTON COUNTY,1,Acute Care Hospitals,Voluntary non-profit - Private,Yes,WI,0.0,0.0,0.0,0.0,0.1666666666666666,0.0
52003F,MILWAUKEE VA MEDICAL CENTER,0,Acute Care - Veterans Administration,Veterans Health Administration,Yes,WI,0.0,0.0,0.0,0.0,0.0,0.6666666666666666
520041,ASPIRUS DIVINE SAVIOR HOSPITAL,0,Acute Care Hospitals,Voluntary non-profit - Private,Yes,WI,0.0,0.0,0.0,0.0,0.0,0.1666666666666666
520044,ST NICHOLAS HOSPITAL,0,Acute Care Hospitals,Voluntary non-profit - Private,Yes,WI,0.0,0.0,0.0,0.0,0.0,0.0
520045,THEDACARE REGIONAL MED CTR - NEENAH,1,Acute Care Hospitals,Voluntary non-profit - Private,Yes,WI,0.0,0.0,0.3333333333333333,0.0,0.2857142857142857,0.0
520049,BELLIN MEMORIAL HOSPITAL,1,Acute Care Hospitals,Voluntary non-profit - Private,Yes,WI,0.0,0.125,0.0,0.0,0.3,0.1
52004F,MADISON VA MEDICAL CENTER,1,Acute Care - Veterans Administration,Veterans Health Administration,Yes,WI,0.5,0.0,0.25,0.0,0.1666666666666666,0.1666666666666666
520051,ASCENSION COLUMBIA ST MARYS HOSPITAL MILWAUKEE,0,Acute Care Hospitals,Voluntary non-profit - Church,Yes,WI,0.0,0.0,0.3333333333333333,0.0,0.1,0.0
520057,SSM HEALTH ST CLARE HOSPITAL - BARABOO,1,Acute Care Hospitals,Voluntary non-profit - Private,Yes,WI,0.0,0.0,0.0,0.0,0.1428571428571428,0.0
520059,AURORA MEMORIAL HOSPITAL BURLINGTON,1,Acute Care Hospitals,Voluntary non-profit - Private,Yes,WI,0.0,0.0,0.0,0.0,0.3333333333333333,0.0
520062,OCONOMOWOC MEMORIAL HOSPITAL,1,Acute Care Hospitals,Voluntary non-profit - Private,Yes,WI,0.0,0.0,0.0,0.0,0.1111111111111111,0.0
520063,ST JOSEPHS COMMUNITY HOSPITAL WEST BEND,1,Acute Care Hospitals,Voluntary non-profit - Private,Yes,WI,0.0,0.0,0.25,0.0,0.1111111111111111,0.0
520066,MERCY HEALTH SYSTEM CORP,0,Acute Care Hospitals,Voluntary non-profit - Private,Yes,WI,0.0,0.0,0.1428571428571428,0.0,0.0,0.1818181818181818
520070,MAYO CLINIC HEALTH SYSTEM EAU CLAIRE HOSPITAL,1,Acute Care Hospitals,Voluntary non-profit - Private,Yes,WI,0.125,0.0,0.2857142857142857,0.0,0.1818181818181818,0.0909090909090909
520071,FORT MEMORIAL HOSPITAL,1,Acute Care Hospitals,Voluntary non-profit - Private,Yes,WI,0.0,0.0,0.0,0.0,0.1666666666666666,0.0
520075,ST VINCENT HOSPITAL,1,Acute Care Hospitals,Voluntary non-profit - Church,Yes,WI,0.0,0.0,0.5,0.0,0.1,0.0
520076,MARSHFIELD MEDICAL CENTER - BEAVER DAM (MMC-BD),0,Acute Care Hospitals,Voluntary non-profit - Private,Yes,WI,0.0,0.25,0.0,0.0,0.0,0.0
520078,ASCENSION ST FRANCIS HOSPITAL,0,Acute Care Hospitals,Voluntary non-profit - Private,Yes,WI,0.0,0.0,0.0,0.0,0.125,0.125
520083,SSM HEALTH ST MARY'S HOSPITAL - MADISON,1,Acute Care Hospitals,Voluntary non-profit - Private,Yes,WI,0.0,0.0,0.25,0.0,0.0909090909090909,0.0909090909090909
520087,GUNDERSEN LUTHERAN MEDICAL CENTER,1,Acute Care Hospitals,Voluntary non-profit - Private,Yes,WI,0.0,0.0,0.2857142857142857,0.0,0.0,0.1
520088,SSM HEALTH ST AGNES HOSPITAL-FOND DU LAC,1,Acute Care Hospitals,Voluntary non-profit - Private,Yes,WI,0.0,0.0,0.3333333333333333,0.0,0.2,0.0
520089,UNITYPOINT HEALTH - MERITER,1,Acute Care Hospitals,Voluntary non-profit - Private,Yes,WI,0.4285714285714285,0.0,0.1428571428571428,0.0,0.1111111111111111,0.2222222222222222
520091,HOWARD YOUNG MEDICAL CENTER,1,Acute Care Hospitals,Voluntary non-profit - Church,Yes,WI,0.0,0.0,0.0,0.0,0.0,0.0
520095,SAUK PRAIRIE HOSPITAL,1,Acute Care Hospitals,Voluntary non-profit - Private,Yes,WI,0.0,0.0,0.0,0.0,0.1666666666666666,0.0
520096,ASCENSION ALL SAINTS HOSPITAL,0,Acute Care Hospitals,Voluntary non-profit - Church,Yes,WI,0.0,0.0,0.0,0.0,0.0,0.0
520097,ST MARYS HOSPITAL MEDICAL CTR,0,Acute Care Hospitals,Voluntary non-profit - Other,Yes,WI,0.0,0.0,0.25,0.0,0.1428571428571428,0.0
520098,UNIVERSITY OF WI  HOSPITALS & CLINICS AUTHORITY,1,Acute Care Hospitals,Government - Hospital District or Authority,Yes,WI,0.375,0.0,0.25,0.0,0.0909090909090909,0.0909090909090909
520100,BELOIT HEALTH SYSTEM,0,Acute Care Hospitals,Voluntary non-profit - Private,Yes,WI,0.0,0.0,0.0,0.0,0.0,0.0
520102,AURORA LAKELAND MEDICAL CENTER,1,Acute Care Hospitals,Voluntary non-profit - Private,Yes,WI,0.0,0.0,0.0,0.0,0.3333333333333333,0.0
520103,COMMUNITY MEMORIAL HOSPITAL,1,Acute Care Hospitals,Voluntary non-profit - Private,Yes,WI,0.0,0.0,0.1428571428571428,0.0,0.25,0.125
520107,HOLY FAMILY MEMORIAL,0,Acute Care Hospitals,Voluntary non-profit - Other,Yes,WI,0.0,0.0,0.0,0.0,0.0,0.0
520109,MILE BLUFF MEDICAL CENTER,1,Acute Care Hospitals,Proprietary,Yes,WI,0.0,0.0,0.0,0.0,0.0,0.0
520113,AURORA MEDICAL CENTER BAY AREA,1,Acute Care Hospitals,Voluntary non-profit - Private,Yes,WI,0.0,0.0,0.0,0.0,0.0,0.125
520116,WATERTOWN MEMORIAL HOSPITAL,0,Acute Care Hospitals,Voluntary non-profit - Private,Yes,WI,0.0,0.3333333333333333,0.0,0.0,0.25,0.0
520136,ASCENSION SE WISCONSIN HOSPITAL,1,Acute Care Hospitals,Voluntary non-profit - Church,Yes,WI,0.0,0.0,0.0,0.0,0.2,0.1
520138,AURORA ST LUKES MEDICAL CENTER,1,Acute Care Hospitals,Voluntary non-profit - Private,Yes,WI,0.5,0.0,0.25,0.0,0.0,0.3636363636363636
520139,WEST ALLIS MEMORIAL HOSPITAL,1,Acute Care Hospitals,Voluntary non-profit - Private,Yes,WI,0.4,0.0,0.1428571428571428,0.1428571428571428,0.0,0.0
520160,THEDACARE REGIONAL MEDICAL CENTER - APPLETON INC,1,Acute Care Hospitals,Voluntary non-profit - Private,Yes,WI,0.0,0.125,0.2857142857142857,0.1428571428571428,0.3636363636363636,0.0
520177,FROEDTERT MEMORIAL LUTHERAN HOSPITAL,0,Acute Care Hospitals,Voluntary non-profit - Private,Yes,WI,0.25,0.0,0.4285714285714285,0.0,0.0,0.3
520189,AURORA MEDICAL CENTER KENOSHA,1,Acute Care Hospitals,Voluntary non-profit - Private,Yes,WI,0.0,0.0,0.0,0.0,0.1666666666666666,0.0
520193,AURORA BAYCARE MEDICAL CTR,1,Acute Care Hospitals,Proprietary,Yes,WI,0.0,0.0,0.125,0.0,0.2727272727272727,0.0
520198,AURORA MEDICAL CTR OSHKOSH,1,Acute Care Hospitals,Voluntary non-profit - Private,Yes,WI,0.0,0.0,0.0,0.0,0.0,0.0
520202,MARSHFIELD MEDICAL CENTER - WESTON,0,Acute Care Hospitals,Voluntary non-profit - Private,Yes,WI,0.0,0.0,0.0,0.0,0.0,0.1111111111111111
520206,AURORA MEDICAL CENTER - SUMMIT,1,Acute Care Hospitals,Voluntary non-profit - Private,Yes,WI,0.0,0.0,0.1666666666666666,0.0,0.1428571428571428,0.0
520207,AURORA MEDICAL CENTER,1,Acute Care Hospitals,Voluntary non-profit - Private,Yes,WI,0.0,0.0,0.0,0.0,0.0,0.1111111111111111
520208,SSM HEALTH ST MARY'S HOSPITAL - JANESVILLE,1,Acute Care Hospitals,Voluntary non-profit - Other,Yes,WI,0.0,0.0,0.0,0.0,0.125,0.0
520210,MARSHFIELD MEDICAL CENTER - EAU CLAIRE,0,Acute Care Hospitals,Voluntary non-profit - Private,Yes,WI,0.0,0.0,0.0,0.3333333333333333,0.1111111111111111,0.2222222222222222
520212,MARSHFIELD MEDICAL CENTER - MINOCQUA,1,Acute Care Hospitals,Voluntary non-profit - Private,Yes,WI,0.0,0.0,0.0,0.0,0.1428571428571428,0.0
521308,AMERY HOSPITAL & CLINIC,0,Critical Access Hospitals,Voluntary non-profit - Private,Yes,WI,0.0,0.0,0.0,0.0,0.1666666666666666,0.0
521314,MAYO CLINIC HEALTH SYSTEM CHIPPEWA VALLEY,1,Critical Access Hospitals,Voluntary non-profit - Private,Yes,WI,0.0,0.0,0.0,0.0,0.3333333333333333,0.0
521315,MAYO CLINIC HEALTH SYSTEM-NORTHLAND,1,Critical Access Hospitals,Voluntary non-profit - Private,Yes,WI,0.0,0.0,0.0,0.0,0.0,0.1666666666666666
521320,TOMAH MEMORIAL HOSPITAL,1,Critical Access Hospitals,Voluntary non-profit - Private,Yes,WI,0.0,0.0,0.0,0.0,0.0,0.0
521325,FLAMBEAU HOSPITAL,0,Critical Access Hospitals,Voluntary non-profit - Private,Yes,WI,0.0,0.0,,,0.0,0.25
521327,WAUPUN MEMORIAL HOSPITAL,1,Critical Access Hospitals,Voluntary non-profit - Private,Yes,WI,0.0,0.0,0.0,0.0,0.2,0.0
521330,CROSSING RIVERS HEALTH MEDICAL CENTER,0,Critical Access Hospitals,Voluntary non-profit - Private,Yes,WI,0.0,0.0,,,0.25,0.25
521332,SPOONER HEALTH SYSTEM,1,Critical Access Hospitals,Voluntary non-profit - Private,Yes,WI,0.0,0.0,,,0.0,0.0
521334,THEDACARE MEDICAL CENTER-WAUPACA,0,Critical Access Hospitals,Voluntary non-profit - Private,Yes,WI,0.0,0.0,0.0,0.0,0.3333333333333333,0.0
521335,HUDSON HOSPITAL,1,Critical Access Hospitals,Voluntary non-profit - Private,Yes,WI,0.0,0.0,0.0,0.0,0.1428571428571428,0.0
521336,TAMARACK HEALTH HAYWARD MEDICAL CENTER,1,Critical Access Hospitals,Voluntary non-profit - Private,Yes,WI,0.0,0.0,0.0,0.0,0.3333333333333333,0.0
521337,ST CROIX REGIONAL MEDICAL CENTER,0,Critical Access Hospitals,Voluntary non-profit - Private,Yes,WI,0.0,0.0,0.0,0.0,0.1428571428571428,0.0
521338,COLUMBUS COMMUNITY HOSPITAL,1,Critical Access Hospitals,Voluntary non-profit - Private,Yes,WI,0.0,0.0,0.0,0.0,0.1666666666666666,0.1666666666666666
521340,MAYO CLINIC HEALTH SYSTEM-RED CEDAR INC,0,Critical Access Hospitals,Voluntary non-profit - Private,Yes,WI,0.0,0.0,0.0,0.0,0.1666666666666666,0.1666666666666666
521341,RICHLAND HOSPITAL,0,Critical Access Hospitals,Voluntary non-profit - Private,Yes,WI,0.0,0.0,0.0,1.0,0.0,0.25
521343,STOUGHTON HOSPITAL,0,Critical Access Hospitals,Voluntary non-profit - Private,Yes,WI,0.0,0.0,,,0.0,0.25
521345,WESTFIELDS HOSPITAL AND CLINIC,1,Critical Access Hospitals,Voluntary non-profit - Private,Yes,WI,0.0,0.0,0.0,0.0,0.0,0.0
521346,THEDACARE MEDICAL CENTER - SHAWANO,1,Critical Access Hospitals,Voluntary non-profit - Private,Yes,WI,0.0,0.0,0.0,0.0,0.2,0.0
521349,RIVER FALLS AREA HOSPITAL,1,Critical Access Hospitals,Voluntary non-profit - Private,Yes,WI,0.0,0.0,0.0,0.0,0.25,0.0
521351,REEDSBURG AREA MEDICAL CENTER,1,Critical Access Hospitals,Voluntary non-profit - Private,Yes,WI,0.0,0.0,0.0,0.0,0.0,0.0
521352,UPLAND HILLS HEALTH,1,Critical Access Hospitals,Voluntary non-profit - Private,Yes,WI,0.0,0.0,0.0,0.0,0.25,0.0
521355,THEDACARE MEDICAL CENTER - BERLIN INC,0,Critical Access Hospitals,Voluntary non-profit - Private,Yes,WI,0.0,0.0,,,0.2,0.0
521357,MERCY WALWORTH HOSPITAL & MEDICAL CENTER,0,Critical Access Hospitals,Voluntary non-profit - Private,Yes,WI,0.0,0.0,0.0,0.0,0.1666666666666666,0.1666666666666666
521358,DOOR COUNTY MEDICAL CENTER,1,Critical Access Hospitals,Voluntary non-profit - Private,Yes,WI,0.0,0.0,0.0,0.0,0.0,0.25
521359,TAMARACK HEALTH ASHLAND MEDICAL CENTER,0,Critical Access Hospitals,Voluntary non-profit - Private,Yes,WI,0.0,0.0,0.0,0.0,0.0,0.1428571428571428
530002,CAMPBELL COUNTY HEALTH,0,Acute Care Hospitals,Government - Hospital District or Authority,Yes,WY,0.0,0.0,0.3333333333333333,0.0,0.0,0.0
530006,SHERIDAN MEMORIAL HOSPITAL,0,Acute Care Hospitals,Government - Local,Yes,WY,0.0,0.0,0.3333333333333333,0.0,0.0,0.1
530008,SAGEWEST HEALTH CARE,0,Acute Care Hospitals,Proprietary,Yes,WY,0.0,0.0,0.0,0.0,0.0,0.0
530012,BANNER WYOMING MEDICAL CENTER,0,Acute Care Hospitals,Government - Local,Yes,WY,0.0,0.125,0.2857142857142857,0.0,0.0,0.1111111111111111
530014,CHEYENNE REGIONAL MEDICAL CENTER,0,Acute Care Hospitals,Voluntary non-profit - Other,Yes,WY,0.0,0.0,0.2857142857142857,0.0,0.0909090909090909,0.1818181818181818
530015,ST JOHNS MEDICAL CENTER,1,Acute Care Hospitals,Government - Hospital District or Authority,Yes,WY,0.25,0.0,0.0,0.0,0.2222222222222222,0.0
530025,IVINSON MEMORIAL HOSPITAL,0,Acute Care Hospitals,Government - Hospital District or Authority,Yes,WY,0.0,0.0,0.0,0.0,0.0,0.0
53004F,CHEYENNE VA MEDICAL CENTER,1,Acute Care - Veterans Administration,Veterans Health Administration,Yes,WY,0.0,0.0,0.0,0.0,0.25,0.0
531302,MEMORIAL HOSPITAL OF CONVERSE COUNTY,1,Critical Access Hospitals,Government - Local,Yes,WY,0.0,0.0,0.0,0.0,0.1666666666666666,0.0
531304,HOT SPRINGS COUNTY MEMORIAL HOSPITAL,0,Critical Access Hospitals,Government - Hospital District or Authority,Yes,WY,0.0,0.0,,,0.0,0.0
531305,PLATTE COUNTY HOSPITAL,1,Critical Access Hospitals,Government - Local,Yes,WY,0.0,0.0,,,0.25,0.0
531306,WASHAKIE MEDICAL CENTER,1,Critical Access Hospitals,Government - Local,Yes,WY,0.0,0.0,,,0.2,0.0
531307,COMMUNITY HOSPITAL,0,Critical Access Hospitals,Voluntary non-profit - Private,Yes,WY,0.0,0.0,,,0.2,0.2
531309,NORTH BIG HORN HOSPITAL DISTRICT,1,Critical Access Hospitals,Government - Hospital District or Authority,Yes,WY,0.0,0.0,,,0.6666666666666666,0.0
531310,POWELL VALLEY HOSPITAL,1,Critical Access Hospitals,Government - Hospital District or Authority,Yes,WY,0.0,0.0,0.0,0.0,0.1428571428571428,0.1428571428571428
531312,CODY REGIONAL HEALTH,0,Critical Access Hospitals,Government - Hospital District or Authority,Yes,WY,0.0,0.0,0.0,0.0,0.0,0.0
650001,GUAM MEMORIAL  HOSPITAL AUTHORITY,0,Acute Care Hospitals,Government - Local,Yes,GU,0.0,0.0,,,0.0,0.3333333333333333
670023,METHODIST MANSFIELD MEDICAL CENTER,1,Acute Care Hospitals,Voluntary non-profit - Private,Yes,TX,0.0,0.0,0.25,0.0,0.0,0.0
670025,BAYLOR SCOTT & WHITE THE HEART HOSPITAL PLANO,1,Acute Care Hospitals,Physician,Yes,TX,0.3333333333333333,0.0,0.3333333333333333,0.0,0.3333333333333333,0.0
670031,ST LUKE'S PATIENTS MEDICAL CENTER,0,Acute Care Hospitals,Proprietary,Yes,TX,0.0,0.0,0.2,0.0,0.0,0.3333333333333333
670034,BAYLOR SCOTT & WHITE MEDICAL CENTER - ROUND ROCK,1,Acute Care Hospitals,Voluntary non-profit - Private,Yes,TX,0.25,0.0,0.1428571428571428,0.0,0.1818181818181818,0.0
670041,ASCENSION SETON WILLIAMSON,1,Acute Care Hospitals,Voluntary non-profit - Private,Yes,TX,0.0,0.0,0.25,0.0,0.25,0.0
670043,ASCENSION SETON CEDAR PARK,0,Acute Care Hospitals,Voluntary non-profit - Private,Yes,TX,0.0,0.0,0.1666666666666666,0.0,0.0,0.125
670044,TEXAS HEALTH PRESBYTERIAN HOSPITAL ROCKWALL,1,Acute Care Hospitals,Proprietary,Yes,TX,0.0,0.0,0.2,0.0,0.0,0.0
670047,THE HOSPITALS OF PROVIDENCE - EAST CAMPUS,0,Acute Care Hospitals,Proprietary,Yes,TX,0.0,0.0,0.3333333333333333,0.0,0.1666666666666666,0.3333333333333333
670053,ST LUKE'S SUGAR LAND HOSPITAL,0,Acute Care Hospitals,Voluntary non-profit - Private,Yes,TX,0.0,0.0,0.1666666666666666,0.0,0.0,0.2
670055,METHODIST HOSPITAL  STONE OAK,1,Acute Care Hospitals,Proprietary,Yes,TX,0.125,0.0,0.25,0.0,0.2222222222222222,0.2222222222222222
670056,ASCENSION  SETON HAYS,0,Acute Care Hospitals,Voluntary non-profit - Private,Yes,TX,0.0,0.0,0.0,0.0,0.125,0.125
670060,BAYLOR SCOTT AND WHITE MEDICAL CENTER SUNNYVALE,0,Acute Care Hospitals,Proprietary,Yes,TX,0.0,0.0,0.0,0.0,0.1666666666666666,0.1666666666666666
670068,TEXAS HEALTH PRESBYTERIAN HOSPITAL FLOWER MOUND,1,Acute Care Hospitals,Proprietary,Yes,TX,0.0,0.0,0.1428571428571428,0.1428571428571428,0.1666666666666666,0.1666666666666666
670071,TEXAS HEALTH HEART & VASCULAR HOSPITAL ARLINGTON,1,Acute Care Hospitals,Physician,No,TX,0.0,0.0,0.0,0.0,0.0,0.0
670073,METHODIST HOSPITAL FOR SURGERY,1,Acute Care Hospitals,Proprietary,Yes,TX,0.0,0.0,0.0,0.0,0.0,0.0
670075,ST LUKE'S HOSPITAL AT THE VINTAGE,1,Acute Care Hospitals,Voluntary non-profit - Private,Yes,TX,0.0,0.0,0.2,0.0,0.0,0.0
670076,BAYLOR SCOTT AND WHITE SURGICAL HOSPITAL AT SHERMA,0,Acute Care Hospitals,Physician,Yes,TX,0.0,0.0,0.0,0.0,0.25,0.0
670077,HOUSTON METHODIST WEST HOSPITAL,1,Acute Care Hospitals,Voluntary non-profit - Private,Yes,TX,0.125,0.0,0.25,0.0,0.0909090909090909,0.0
670078,BAPTIST NEIGHBORHOOD HOSPITAL THOUSAND OAKS,1,Acute Care Hospitals,Proprietary,Yes,TX,0.0,0.0,0.0,0.0,0.0,0.0
670080,SETON MEDICAL CENTER HARKER HEIGHTS,1,Acute Care Hospitals,Proprietary,Yes,TX,0.0,0.0,0.2,0.0,0.0,0.2857142857142857
670082,BAYLOR SCOTT AND WHITE  MEDICAL CENTER  MCKINNEY,1,Acute Care Hospitals,Voluntary non-profit - Private,Yes,TX,0.4285714285714285,0.0,0.1428571428571428,0.0,0.0,0.0
670085,TEXAS HEALTH HARRIS METHODIST HOSPITAL ALLIANCE,1,Acute Care Hospitals,Voluntary non-profit - Private,Yes,TX,0.0,0.0,0.1428571428571428,0.0,0.2857142857142857,0.0
670088,BAYLOR SCOTT & WHITE MEDICAL CENTER- COLLEGE STATI,1,Acute Care Hospitals,Voluntary non-profit - Private,Yes,TX,0.0,0.0,0.125,0.0,0.0,0.1818181818181818
670090,CRESCENT MEDICAL CENTER LANCASTER,0,Acute Care Hospitals,Proprietary,Yes,TX,0.0,0.0,0.3333333333333333,0.0,0.0,0.0
670098,RESOLUTE HEALTH HOSPITAL,1,Acute Care Hospitals,Proprietary,Yes,TX,0.0,0.0,0.25,0.0,0.0,0.25
670103,MEDICAL CITY ALLIANCE,0,Acute Care Hospitals,Voluntary non-profit - Private,Yes,TX,0.0,0.0,0.1666666666666666,0.0,0.0,0.3333333333333333
670106,HCA HOUSTON HEALTHCARE PEARLAND,0,Acute Care Hospitals,Proprietary,Yes,TX,0.0,0.0,0.2,0.0,0.0,0.0
670108,BAYLOR SCOTT & WHITE MEDICAL CENTER - MARBLE FALLS,1,Acute Care Hospitals,Voluntary non-profit - Private,Yes,TX,0.0,0.0,0.0,0.0,0.1111111111111111,0.0
670120,THE HOSPITALS OF PROVIDENCE TRANSMOUNTAIN CAMPUS,0,Acute Care Hospitals,Proprietary,Yes,TX,0.0,0.0,0.1666666666666666,0.0,0.0,0.2
670122,HOUSTON METHODIST THE WOODLANDS HOSPITAL,1,Acute Care Hospitals,Voluntary non-profit - Private,Yes,TX,0.375,0.0,0.5,0.0,0.1818181818181818,0.0
670128,BAYLOR SCOTT & WHITE MEDICAL CENTER PFLUGERVILLE,1,Acute Care Hospitals,Voluntary non-profit - Private,Yes,TX,0.0,0.0,0.0,0.0,0.0,0.2
670260,TEXAS HEALTH HOSPITAL FRISCO,1,Acute Care Hospitals,Voluntary non-profit - Private,Yes,TX,0.0,0.0,0.25,0.0,0.0,0.1666666666666666
670300,METHODIST MIDLOTHIAN MEDICAL CENTER,1,Acute Care Hospitals,Voluntary non-profit - Private,Yes,TX,0.0,0.0,0.5,0.0,0.0,0.0
670309,TEXAS HEALTH HOSPITAL MANSFIELD,1,Acute Care Hospitals,Voluntary non-profit - Private,Yes,TX,0.0,0.0,0.0,0.0,0.0,0.0
